{"type":"FeatureCollection","features":[{"type":"Feature","properties":{"t":"fast","v":160},"geometry":{"type":"LineString","coordinates":[[-3.4535,47.8132],[-3.5102,47.8505],[-3.5505,47.8651],[-3.5564,47.8767],[-3.5832,47.879],[-3.59,47.8877],[-3.6158,47.9001],[-3.6284,47.912],[-3.6836,47.9183],[-3.7364,47.9438],[-3.7842,47.9566],[-3.8651,47.9595]]}},{"type":"Feature","properties":{"t":"slow","v":90},"geometry":{"type":"LineString","coordinates":[[1.9404,46.1358],[1.9272,46.1366],[1.9248,46.1439],[1.9162,46.1474],[1.9146,46.1566],[1.8757,46.175],[1.8417,46.1714],[1.8099,46.1733],[1.7972,46.1788],[1.7772,46.1687],[1.7782,46.1597]]}},{"type":"Feature","properties":{"t":"slow","v":30},"geometry":{"type":"LineString","coordinates":[[1.8522,50.6679],[1.8408,50.6589]]}},{"type":"Feature","properties":{"t":"slow","v":100},"geometry":{"type":"LineString","coordinates":[[3.0834,50.6314],[3.1,50.6498],[3.1619,50.694],[3.1638,50.7151],[3.1963,50.7221]]}},{"type":"Feature","properties":{"t":"slow","v":40},"geometry":{"type":"LineString","coordinates":[[2.1818,42.8733],[2.1829,42.8703]]}},{"type":"Feature","properties":{"t":"fast","v":160},"geometry":{"type":"LineString","coordinates":[[-0.2962,46.3605],[-0.3058,46.3523],[-0.3477,46.3455],[-0.3797,46.3308],[-0.4062,46.3312],[-0.4211,46.3237]]}},{"type":"Feature","properties":{"t":"fast","v":160},"geometry":{"type":"LineString","coordinates":[[2.7868,50.2891],[2.8254,50.2947],[2.8573,50.2915],[3.0826,50.3562]]}},{"type":"Feature","properties":{"t":"slow","v":140},"geometry":{"type":"LineString","coordinates":[[6.111,48.8033],[6.1151,48.8144],[6.0838,48.8239],[6.0721,48.8423],[6.0733,48.8509]]}},{"type":"Feature","properties":{"t":"fast","v":230},"geometry":{"type":"LineString","coordinates":[[0.114,48.0729],[0.1187,48.0737]]}},{"type":"Feature","properties":{"t":"slow","v":120},"geometry":{"type":"LineString","coordinates":[[1.0337,49.5226],[1.0346,49.5293],[1.0695,49.5507],[1.0737,49.5645],[1.0892,49.5785],[1.0929,49.5899],[1.1063,49.5991]]}},{"type":"Feature","properties":{"t":"slow","v":80},"geometry":{"type":"LineString","coordinates":[[2.9849,46.2241],[3.0201,46.2181],[3.043,46.2222],[3.0569,46.2089],[3.0676,46.2056],[3.0675,46.1908],[3.0803,46.192],[3.0908,46.1808],[3.103,46.1829]]}},{"type":"Feature","properties":{"t":"slow","v":35},"geometry":{"type":"LineString","coordinates":[[2.0289,42.4428],[2.003,42.4397],[1.9868,42.4319],[1.9825,42.4214],[1.9766,42.4199],[1.9446,42.4351],[1.9405,42.4575]]}},{"type":"Feature","properties":{"t":"slow","v":30},"geometry":{"type":"LineString","coordinates":[[3.0718,50.6368],[3.0815,50.6339]]}},{"type":"Feature","properties":{"t":"slow","v":30},"geometry":{"type":"LineString","coordinates":[[3.4277,43.3192],[3.422,43.3641],[3.4334,43.3762],[3.4351,43.3876],[3.4241,43.3965],[3.4142,43.3949],[3.4107,43.4026],[3.4193,43.4185],[3.4143,43.4292],[3.4179,43.4483],[3.4307,43.4592],[3.4299,43.4719],[3.4363,43.4784],[3.4354,43.4954]]}},{"type":"Feature","properties":{"t":"slow","v":30},"geometry":{"type":"LineString","coordinates":[[3.9738,50.2716],[4.0,50.276],[4.0,50.255]]}},{"type":"Feature","properties":{"t":"slow","v":90},"geometry":{"type":"LineString","coordinates":[[2.4166,48.7415],[2.4116,48.7393]]}},{"type":"Feature","properties":{"t":"slow","v":110},"geometry":{"type":"LineString","coordinates":[[-1.2741,43.4966],[-1.3018,43.4993],[-1.3864,43.491]]}},{"type":"Feature","properties":{"t":"slow","v":40},"geometry":{"type":"LineString","coordinates":[[3.562,48.7311],[3.5665,48.7246],[3.5796,48.7242],[3.598,48.7133],[3.6147,48.6987],[3.6542,48.7007],[3.6993,48.6918],[3.7241,48.7019],[3.724,48.711],[3.7289,48.7147]]}},{"type":"Feature","properties":{"t":"slow","v":30},"geometry":{"type":"LineString","coordinates":[[0.2168,49.4577],[0.1953,49.4594]]}},{"type":"Feature","properties":{"t":"slow","v":30},"geometry":{"type":"LineString","coordinates":[[4.0553,49.2739],[4.0519,49.2779],[4.0584,49.2808]]}},{"type":"Feature","properties":{"t":"slow","v":60},"geometry":{"type":"LineString","coordinates":[[2.2437,48.8921],[2.2224,48.8983],[2.2178,48.9058],[2.1999,48.9134]]}},{"type":"Feature","properties":{"t":"slow","v":80},"geometry":{"type":"LineString","coordinates":[[6.5313,45.4866],[6.542,45.4855],[6.5425,45.4903],[6.5361,45.4893],[6.5427,45.4866],[6.5929,45.5339],[6.6207,45.5485],[6.6608,45.5551],[6.6815,45.5635],[6.7153,45.566],[6.7408,45.5761],[6.7668,45.6017],[6.7715,45.6183]]}},{"type":"Feature","properties":{"t":"slow","v":40},"geometry":{"type":"LineString","coordinates":[[4.9796,48.0875],[4.914,48.039],[4.8941,47.9879],[4.871,47.9755],[4.8501,47.9526],[4.812,47.9456],[4.7973,47.9313]]}},{"type":"Feature","properties":{"t":"slow","v":115},"geometry":{"type":"LineString","coordinates":[[4.8043,44.8266],[4.7979,44.8216],[4.7971,44.8126],[4.778,44.7999]]}},{"type":"Feature","properties":{"t":"slow","v":120},"geometry":{"type":"LineString","coordinates":[[3.7821,46.5373],[3.8068,46.529],[3.8407,46.5348],[3.8512,46.5216],[3.8748,46.5085],[3.8792,46.5015]]}},{"type":"Feature","properties":{"t":"slow","v":30},"geometry":{"type":"LineString","coordinates":[[1.1064,49.438],[1.0955,49.4369],[1.0511,49.4492],[1.0189,49.4216],[1.0066,49.3845]]}},{"type":"Feature","properties":{"t":"slow","v":80},"geometry":{"type":"LineString","coordinates":[[7.4297,43.879],[7.4639,43.877],[7.4791,43.8802],[7.4891,43.8881]]}},{"type":"Feature","properties":{"t":"slow","v":100},"geometry":{"type":"LineString","coordinates":[[1.29,46.1343],[1.3345,46.1409],[1.357,46.1291]]}},{"type":"Feature","properties":{"t":"slow","v":100},"geometry":{"type":"LineString","coordinates":[[1.076,46.0634],[1.0816,46.0549],[1.0982,46.0458],[1.1137,46.021]]}},{"type":"Feature","properties":{"t":"slow","v":100},"geometry":{"type":"LineString","coordinates":[[2.1318,48.9541],[2.1122,48.9604],[2.0866,48.9555],[2.0783,48.9649],[2.074,49.0056],[2.0993,49.0261],[2.1048,49.0425],[2.1021,49.0455]]}},{"type":"Feature","properties":{"t":"slow","v":90},"geometry":{"type":"LineString","coordinates":[[5.7119,44.5133],[5.7334,44.5092],[5.7488,44.5205],[5.7546,44.5187]]}},{"type":"Feature","properties":{"t":"slow","v":100},"geometry":{"type":"LineString","coordinates":[[3.0771,42.5276],[3.0969,42.5139],[3.1173,42.5122],[3.1168,42.4948],[3.1257,42.4869],[3.1238,42.4769],[3.1416,42.4705],[3.1583,42.4571],[3.16,42.4507],[3.1677,42.4466],[3.1639,42.4418]]}},{"type":"Feature","properties":{"t":"slow","v":120},"geometry":{"type":"LineString","coordinates":[[-4.081,48.4959],[-4.0955,48.4976],[-4.1456,48.4853],[-4.17,48.4858],[-4.2101,48.4727],[-4.2379,48.4564],[-4.2547,48.4544]]}},{"type":"Feature","properties":{"t":"fast","v":200},"geometry":{"type":"LineString","coordinates":[[-3.0151,47.6839],[-3.1108,47.7563],[-3.1359,47.7622],[-3.1757,47.7805],[-3.2473,47.7907]]}},{"type":"Feature","properties":{"t":"slow","v":130},"geometry":{"type":"LineString","coordinates":[[4.6857,44.4554],[4.6796,44.4409],[4.6522,44.4278],[4.6545,44.4163],[4.6432,44.3974],[4.6388,44.3484]]}},{"type":"Feature","properties":{"t":"fast","v":160},"geometry":{"type":"LineString","coordinates":[[6.1561,49.1487],[6.1563,49.1602]]}},{"type":"Feature","properties":{"t":"slow","v":120},"geometry":{"type":"LineString","coordinates":[[-1.2844,47.0843],[-1.2589,47.0599],[-1.2229,47.0499],[-1.2043,47.0531]]}},{"type":"Feature","properties":{"t":"slow","v":60},"geometry":{"type":"LineString","coordinates":[[2.236,48.9084],[2.2197,48.9017]]}},{"type":"Feature","properties":{"t":"slow","v":30},"geometry":{"type":"LineString","coordinates":[[1.8638,50.9564],[1.8693,50.9624],[1.9009,50.9699],[1.8743,50.9728]]}},{"type":"Feature","properties":{"t":"slow","v":50},"geometry":{"type":"LineString","coordinates":[[-1.5203,47.2168],[-1.52,47.2166]]}},{"type":"Feature","properties":{"t":"slow","v":30},"geometry":{"type":"LineString","coordinates":[[-2.1288,48.216],[-2.1072,48.2121]]}},{"type":"Feature","properties":{"t":"lgv","v":300},"geometry":{"type":"LineString","coordinates":[[0.6899,47.2941],[0.6766,47.2739]]}},{"type":"Feature","properties":{"t":"slow","v":30},"geometry":{"type":"LineString","coordinates":[[4.0519,48.3189],[4.0515,48.3191]]}},{"type":"Feature","properties":{"t":"slow","v":115},"geometry":{"type":"LineString","coordinates":[[4.6893,44.5184],[4.6794,44.4891],[4.688,44.4783],[4.6857,44.4554]]}},{"type":"Feature","properties":{"t":"fast","v":160},"geometry":{"type":"LineString","coordinates":[[0.1516,45.7868],[0.1365,45.7673],[0.1573,45.7462],[0.1583,45.7106],[0.1543,45.6985],[0.1717,45.6635],[0.1619,45.6519],[0.1362,45.6421]]}},{"type":"Feature","properties":{"t":"slow","v":70},"geometry":{"type":"LineString","coordinates":[[2.0477,47.4249],[2.049,47.42]]}},{"type":"Feature","properties":{"t":"slow","v":130},"geometry":{"type":"LineString","coordinates":[[7.3437,47.7424],[7.3668,47.7543],[7.3844,47.7556]]}},{"type":"Feature","properties":{"t":"fast","v":160},"geometry":{"type":"LineString","coordinates":[[-1.4726,49.4995],[-1.4908,49.5089],[-1.5446,49.5008],[-1.5658,49.5026],[-1.5985,49.5287],[-1.6714,49.5566]]}},{"type":"Feature","properties":{"t":"slow","v":80},"geometry":{"type":"LineString","coordinates":[[4.6999,44.2943],[4.6996,44.2799]]}},{"type":"Feature","properties":{"t":"fast","v":200},"geometry":{"type":"LineString","coordinates":[[2.0936,48.3997],[2.0632,48.3776],[2.0169,48.3333],[1.8962,48.1093],[1.8788,48.0684],[1.8794,48.0162],[1.8877,47.9688]]}},{"type":"Feature","properties":{"t":"slow","v":30},"geometry":{"type":"LineString","coordinates":[[4.8178,50.1409],[4.818,50.1515]]}},{"type":"Feature","properties":{"t":"slow","v":100},"geometry":{"type":"LineString","coordinates":[[-0.073,47.2698],[-0.0504,47.2637],[-0.0755,47.2315],[-0.0566,47.2029],[-0.0546,47.1905],[-0.0613,47.1822],[-0.0758,47.1779],[-0.1491,47.1327],[-0.1492,47.1266],[-0.136,47.117],[-0.1757,47.0677],[-0.1922,47.0336],[-0.1986,46.9874],[-0.2051,46.9847]]}},{"type":"Feature","properties":{"t":"slow","v":60},"geometry":{"type":"LineString","coordinates":[[4.8221,44.7778],[4.7806,44.7949]]}},{"type":"Feature","properties":{"t":"slow","v":95},"geometry":{"type":"LineString","coordinates":[[3.3787,45.3006],[3.4038,45.282],[3.4129,45.28],[3.4322,45.288],[3.4657,45.2793],[3.4765,45.2684],[3.5017,45.2583],[3.5014,45.245],[3.51,45.2297],[3.5001,45.2142],[3.5011,45.1782]]}},{"type":"Feature","properties":{"t":"slow","v":120},"geometry":{"type":"LineString","coordinates":[[2.3934,48.6711],[2.4009,48.6645],[2.3918,48.6467],[2.3989,48.6381],[2.4144,48.6354],[2.4231,48.6267],[2.4588,48.6233],[2.4747,48.6168]]}},{"type":"Feature","properties":{"t":"slow","v":30},"geometry":{"type":"LineString","coordinates":[[2.4641,48.8972],[2.4773,48.8942]]}},{"type":"Feature","properties":{"t":"slow","v":80},"geometry":{"type":"LineString","coordinates":[[1.6069,42.9696],[1.6224,42.9563],[1.6234,42.947],[1.6432,42.9122],[1.6252,42.874],[1.5999,42.8586],[1.6,42.8495]]}},{"type":"Feature","properties":{"t":"slow","v":85},"geometry":{"type":"LineString","coordinates":[[3.6798,47.6735],[3.6765,47.6684],[3.6815,47.6623],[3.7084,47.6584],[3.7275,47.6619]]}},{"type":"Feature","properties":{"t":"slow","v":40},"geometry":{"type":"LineString","coordinates":[[3.5098,50.3889],[3.5437,50.3829],[3.5222,50.369]]}},{"type":"Feature","properties":{"t":"slow","v":100},"geometry":{"type":"LineString","coordinates":[[-1.7808,46.4994],[-1.7844,46.5042],[-1.7832,46.5384],[-1.7662,46.5493]]}},{"type":"Feature","properties":{"t":"fast","v":160},"geometry":{"type":"LineString","coordinates":[[2.718,48.1933],[2.7607,48.1583],[2.7629,48.1229],[2.7748,48.1066],[2.7605,48.0572],[2.7388,48.0221],[2.7548,47.9793],[2.7598,47.9521],[2.7328,47.8326],[2.7109,47.7962],[2.6347,47.7181],[2.6368,47.6989]]}},{"type":"Feature","properties":{"t":"slow","v":110},"geometry":{"type":"LineString","coordinates":[[6.3037,46.0675],[6.2774,46.1187],[6.2674,46.1256]]}},{"type":"Feature","properties":{"t":"fast","v":160},"geometry":{"type":"LineString","coordinates":[[6.4955,48.5876],[6.6117,48.5885],[6.6899,48.6123],[6.7254,48.6317],[6.8172,48.6487],[6.885,48.6802],[6.9196,48.6804],[6.9703,48.6916]]}},{"type":"Feature","properties":{"t":"slow","v":100},"geometry":{"type":"LineString","coordinates":[[0.9897,44.8197],[0.9898,44.8197]]}},{"type":"Feature","properties":{"t":"lgv","v":300},"geometry":{"type":"LineString","coordinates":[[4.3458,47.1391],[4.3656,47.099],[4.3575,47.0538],[4.3625,47.0384],[4.3834,47.0226],[4.4421,47.0055],[4.4762,46.9804],[4.4847,46.9672],[4.4917,46.9255]]}},{"type":"Feature","properties":{"t":"slow","v":120},"geometry":{"type":"LineString","coordinates":[[2.6406,50.5212],[2.5869,50.5304]]}},{"type":"Feature","properties":{"t":"slow","v":130},"geometry":{"type":"LineString","coordinates":[[3.9222,50.262],[3.9352,50.2725],[3.9291,50.2944],[3.9082,50.3294]]}},{"type":"Feature","properties":{"t":"slow","v":50},"geometry":{"type":"LineString","coordinates":[[0.2595,49.4549],[0.2167,49.4577]]}},{"type":"Feature","properties":{"t":"fast","v":200},"geometry":{"type":"LineString","coordinates":[[1.2713,47.5375],[1.2205,47.5013],[1.0908,47.4669],[0.9743,47.4188],[0.8326,47.4028]]}},{"type":"Feature","properties":{"t":"slow","v":30},"geometry":{"type":"LineString","coordinates":[[1.9053,47.9134],[1.9052,47.9135]]}},{"type":"Feature","properties":{"t":"slow","v":120},"geometry":{"type":"LineString","coordinates":[[7.6949,48.5633],[7.6106,48.5426],[7.5693,48.5457],[7.5001,48.5375]]}},{"type":"Feature","properties":{"t":"slow","v":60},"geometry":{"type":"LineString","coordinates":[[1.8245,42.5409],[1.8237,42.515],[1.8564,42.4868],[1.8638,42.4746],[1.8814,42.4649],[1.8985,42.4623],[1.9112,42.455],[1.9146,42.4467]]}},{"type":"Feature","properties":{"t":"slow","v":60},"geometry":{"type":"LineString","coordinates":[[2.347,48.853],[2.367,48.8405]]}},{"type":"Feature","properties":{"t":"slow","v":90},"geometry":{"type":"LineString","coordinates":[[1.9027,47.9346],[1.9034,47.9335]]}},{"type":"Feature","properties":{"t":"slow","v":40},"geometry":{"type":"LineString","coordinates":[[5.4464,47.8082],[5.4547,47.8054],[5.445,47.8008]]}},{"type":"Feature","properties":{"t":"slow","v":120},"geometry":{"type":"LineString","coordinates":[[5.8707,45.7614],[5.8707,45.7613]]}},{"type":"Feature","properties":{"t":"slow","v":50},"geometry":{"type":"LineString","coordinates":[[2.093,48.9561],[2.0854,48.9531]]}},{"type":"Feature","properties":{"t":"slow","v":40},"geometry":{"type":"LineString","coordinates":[[0.6572,44.1768],[0.6719,44.1681],[0.6645,44.1317]]}},{"type":"Feature","properties":{"t":"slow","v":130},"geometry":{"type":"LineString","coordinates":[[2.7639,50.2689],[2.7661,50.278],[2.7868,50.2891]]}},{"type":"Feature","properties":{"t":"fast","v":220},"geometry":{"type":"LineString","coordinates":[[0.1186,48.0737],[0.1375,48.0766]]}},{"type":"Feature","properties":{"t":"slow","v":60},"geometry":{"type":"LineString","coordinates":[[2.5245,48.875],[2.5305,48.8738]]}},{"type":"Feature","properties":{"t":"fast","v":160},"geometry":{"type":"LineString","coordinates":[[2.565,48.6383],[2.5726,48.6233]]}},{"type":"Feature","properties":{"t":"lgv","v":270},"geometry":{"type":"LineString","coordinates":[[2.5909,48.6083],[2.6436,48.5894],[2.7304,48.5825]]}},{"type":"Feature","properties":{"t":"slow","v":60},"geometry":{"type":"LineString","coordinates":[[1.4073,45.2671],[1.3988,45.2482],[1.4263,45.2245],[1.4418,45.1968]]}},{"type":"Feature","properties":{"t":"slow","v":120},"geometry":{"type":"LineString","coordinates":[[4.0876,49.9273],[4.0898,49.9198],[4.085,49.9146]]}},{"type":"Feature","properties":{"t":"slow","v":60},"geometry":{"type":"LineString","coordinates":[[-0.5401,44.8565],[-0.5337,44.8569]]}},{"type":"Feature","properties":{"t":"slow","v":130},"geometry":{"type":"LineString","coordinates":[[-3.8651,47.9595],[-3.9134,47.9737],[-4.01,47.9874]]}},{"type":"Feature","properties":{"t":"fast","v":160},"geometry":{"type":"LineString","coordinates":[[6.366,47.6826],[6.3896,47.6773],[6.428,47.6858],[6.4992,47.6826],[6.5951,47.7007],[6.6194,47.6984],[6.6754,47.7087],[6.7236,47.6961]]}},{"type":"Feature","properties":{"t":"slow","v":140},"geometry":{"type":"LineString","coordinates":[[5.7992,46.9771],[5.7985,46.9697],[5.7796,46.9449],[5.7581,46.9293],[5.7684,46.9203],[5.7688,46.9142],[5.7478,46.9173],[5.7257,46.9139],[5.7109,46.8991]]}},{"type":"Feature","properties":{"t":"fast","v":170},"geometry":{"type":"LineString","coordinates":[[6.0009,47.3313],[6.0041,47.335]]}},{"type":"Feature","properties":{"t":"fast","v":160},"geometry":{"type":"LineString","coordinates":[[5.026,47.2884],[5.0197,47.2663],[4.9686,47.1697],[4.9571,47.1315],[4.9136,47.0802],[4.8746,47.0487],[4.7846,46.9579],[4.7486,46.9121],[4.7741,46.8525],[4.8322,46.7876],[4.8438,46.7801],[4.836,46.7573],[4.865,46.7097],[4.8749,46.6395],[4.9101,46.6059],[4.9117,46.5971],[4.9049,46.5785],[4.907,46.5638],[4.9355,46.5249],[4.9327,46.5176],[4.9032,46.4905],[4.8745,46.4397],[4.8768,46.4232],[4.8716,46.3935],[4.8495,46.3584],[4.8478,46.3454],[4.8327,46.3134],[4.8015,46.2799],[4.7848,46.2495],[4.781,46.2234],[4.7439,46.1792],[4.7398,46.1656],[4.7135,46.0358],[4.7219,46.0149],[4.7229,45.9938],[4.7155,45.946],[4.7213,45.9382],[4.7942,45.8982],[4.8053,45.8877]]}},{"type":"Feature","properties":{"t":"slow","v":140},"geometry":{"type":"LineString","coordinates":[[1.4822,48.4493],[1.4461,48.4409]]}},{"type":"Feature","properties":{"t":"slow","v":120},"geometry":{"type":"LineString","coordinates":[[1.4647,45.2798],[1.4744,45.2562],[1.4846,45.244],[1.5015,45.234],[1.5022,45.2266]]}},{"type":"Feature","properties":{"t":"fast","v":200},"geometry":{"type":"LineString","coordinates":[[1.8978,47.9173],[1.7678,47.8717],[1.7088,47.8423],[1.6175,47.7723],[1.496,47.6998],[1.458,47.6829],[1.3913,47.6346],[1.3263,47.5968],[1.3236,47.5854]]}},{"type":"Feature","properties":{"t":"slow","v":90},"geometry":{"type":"LineString","coordinates":[[-0.6062,44.8722],[-0.6012,44.8753],[-0.6044,44.8806]]}},{"type":"Feature","properties":{"t":"slow","v":110},"geometry":{"type":"LineString","coordinates":[[3.2697,49.6926],[3.2907,49.6766],[3.2967,49.6599]]}},{"type":"Feature","properties":{"t":"slow","v":120},"geometry":{"type":"LineString","coordinates":[[5.8382,48.6603],[5.8387,48.6635]]}},{"type":"Feature","properties":{"t":"slow","v":30},"geometry":{"type":"LineString","coordinates":[[2.1695,45.8865],[2.1711,45.8813]]}},{"type":"Feature","properties":{"t":"slow","v":120},"geometry":{"type":"LineString","coordinates":[[6.1609,46.8587],[6.1801,46.8596],[6.2127,46.87],[6.2409,46.8681],[6.2661,46.8792]]}},{"type":"Feature","properties":{"t":"slow","v":120},"geometry":{"type":"LineString","coordinates":[[6.2661,46.8792],[6.285,46.8852],[6.326,46.8881],[6.353,46.9008],[6.3587,46.8979],[6.3649,46.8815],[6.3838,46.8698],[6.4258,46.8817],[6.459,46.8991]]}},{"type":"Feature","properties":{"t":"slow","v":140},"geometry":{"type":"LineString","coordinates":[[3.9468,46.0915],[3.951,46.0838],[3.982,46.0677],[4.0393,46.0661]]}},{"type":"Feature","properties":{"t":"slow","v":30},"geometry":{"type":"LineString","coordinates":[[2.8366,42.5316],[2.8234,42.5237],[2.7968,42.5219],[2.7716,42.5082]]}},{"type":"Feature","properties":{"t":"fast","v":160},"geometry":{"type":"LineString","coordinates":[[4.8915,45.8356],[4.8878,45.8266],[4.8754,45.8198]]}},{"type":"Feature","properties":{"t":"slow","v":80},"geometry":{"type":"LineString","coordinates":[[2.6316,44.9758],[2.6561,45.0035],[2.6657,45.0044]]}},{"type":"Feature","properties":{"t":"slow","v":30},"geometry":{"type":"LineString","coordinates":[[2.4009,48.2936],[2.3921,48.2711],[2.3943,48.264]]}},{"type":"Feature","properties":{"t":"slow","v":100},"geometry":{"type":"LineString","coordinates":[[4.4979,46.0909],[4.4918,46.0932],[4.4809,46.0886],[4.4955,46.07],[4.4923,46.061]]}},{"type":"Feature","properties":{"t":"slow","v":90},"geometry":{"type":"LineString","coordinates":[[2.1148,48.7931],[2.0933,48.7951]]}},{"type":"Feature","properties":{"t":"slow","v":60},"geometry":{"type":"LineString","coordinates":[[0.8053,44.3843],[0.7867,44.3595],[0.789,44.3435],[0.7624,44.3266],[0.7601,44.301],[0.7457,44.2824],[0.7171,44.2652],[0.7031,44.263],[0.6823,44.2472],[0.67,44.226],[0.6387,44.2044]]}},{"type":"Feature","properties":{"t":"slow","v":115},"geometry":{"type":"LineString","coordinates":[[5.9089,45.6881],[5.92,45.7123],[5.9235,45.7435],[5.9511,45.7628],[5.9481,45.7938],[5.9552,45.8086]]}},{"type":"Feature","properties":{"t":"slow","v":120},"geometry":{"type":"LineString","coordinates":[[0.4718,47.6621],[0.458,47.6712],[0.4138,47.6831]]}},{"type":"Feature","properties":{"t":"slow","v":30},"geometry":{"type":"LineString","coordinates":[[3.0895,50.6166],[3.0899,50.6119],[3.0984,50.6089]]}},{"type":"Feature","properties":{"t":"slow","v":105},"geometry":{"type":"LineString","coordinates":[[4.5726,45.509],[4.5975,45.5218],[4.6818,45.5493],[4.6881,45.5567],[4.7281,45.5767],[4.7662,45.5852],[4.7689,45.5927]]}},{"type":"Feature","properties":{"t":"fast","v":160},"geometry":{"type":"LineString","coordinates":[[1.3935,43.6976],[1.4114,43.6668],[1.4513,43.6192],[1.4647,43.5843],[1.5,43.563],[1.5338,43.5297],[1.569,43.4798],[1.6783,43.4259],[1.7308,43.3861],[1.8019,43.3599],[1.8364,43.3373],[1.8865,43.3207],[1.9545,43.3115],[2.0607,43.2554],[2.1472,43.241],[2.1693,43.244],[2.208,43.2387],[2.2737,43.245],[2.3082,43.2287],[2.3245,43.2274],[2.337,43.2181],[2.3901,43.2193],[2.4803,43.1869],[2.5062,43.1841],[2.5456,43.1871],[2.5719,43.1815],[2.6094,43.1898],[2.6242,43.1843],[2.6475,43.1861],[2.6997,43.1788],[2.7291,43.1836],[2.7528,43.1962],[2.7992,43.2059],[2.8779,43.2113]]}},{"type":"Feature","properties":{"t":"fast","v":160},"geometry":{"type":"LineString","coordinates":[[1.1176,49.0097],[1.1005,48.9958],[1.0498,48.9939],[1.012,48.9779],[0.9657,48.9762],[0.95,48.9651],[0.9312,48.962],[0.8426,49.0099],[0.8185,49.0311],[0.8053,49.0358],[0.7933,49.0592],[0.7294,49.1079],[0.7194,49.1077],[0.6894,49.0925],[0.6604,49.0896],[0.6288,49.0947],[0.575,49.0845],[0.5481,49.095]]}},{"type":"Feature","properties":{"t":"slow","v":60},"geometry":{"type":"LineString","coordinates":[[2.7271,49.3352],[2.7248,49.3421],[2.7185,49.3427]]}},{"type":"Feature","properties":{"t":"slow","v":130},"geometry":{"type":"LineString","coordinates":[[-2.0728,47.5498],[-2.0689,47.5702],[-2.0861,47.596],[-2.0704,47.6404],[-2.0772,47.6481]]}},{"type":"Feature","properties":{"t":"slow","v":105},"geometry":{"type":"LineString","coordinates":[[0.8101,45.1371],[0.8293,45.1162],[0.8415,45.0917],[0.8577,45.0885],[0.8816,45.0731],[0.885,45.0564],[0.8968,45.0452],[0.9003,45.032],[0.9242,45.0091],[0.9433,44.9983],[0.9435,44.9904],[0.957,44.9773]]}},{"type":"Feature","properties":{"t":"slow","v":140},"geometry":{"type":"LineString","coordinates":[[6.0195,47.2459],[6.0218,47.2473]]}},{"type":"Feature","properties":{"t":"slow","v":60},"geometry":{"type":"LineString","coordinates":[[6.7969,45.8937],[6.8081,45.9003],[6.8246,45.8987],[6.8502,45.9143],[6.8722,45.9213],[6.8891,45.9341],[6.8893,45.9423],[6.8992,45.9507]]}},{"type":"Feature","properties":{"t":"slow","v":90},"geometry":{"type":"LineString","coordinates":[[4.4923,46.0611],[4.4966,46.0527],[4.4904,46.0434],[4.4984,46.0277],[4.4951,46.0169]]}},{"type":"Feature","properties":{"t":"fast","v":200},"geometry":{"type":"LineString","coordinates":[[-0.7045,48.0967],[-0.7164,48.0979]]}},{"type":"Feature","properties":{"t":"slow","v":30},"geometry":{"type":"LineString","coordinates":[[6.6337,44.8925],[6.6334,44.8939]]}},{"type":"Feature","properties":{"t":"slow","v":100},"geometry":{"type":"LineString","coordinates":[[4.3193,43.8012],[4.3388,43.7702],[4.3463,43.7349],[4.3303,43.7306],[4.2742,43.7003],[4.2652,43.6891],[4.2016,43.6761],[4.2021,43.6558],[4.1894,43.6335],[4.1977,43.5796],[4.1911,43.5709]]}},{"type":"Feature","properties":{"t":"slow","v":30},"geometry":{"type":"LineString","coordinates":[[0.3818,49.7589],[0.3735,49.7595]]}},{"type":"Feature","properties":{"t":"slow","v":70},"geometry":{"type":"LineString","coordinates":[[2.0376,44.6023],[2.0497,44.6083],[2.0504,44.6162],[2.0652,44.625],[2.0749,44.6401],[2.1009,44.6474],[2.1095,44.6453],[2.1229,44.6577],[2.1329,44.6561],[2.1402,44.6618],[2.1601,44.6651]]}},{"type":"Feature","properties":{"t":"slow","v":80},"geometry":{"type":"LineString","coordinates":[[2.8963,46.2487],[2.8938,46.2267]]}},{"type":"Feature","properties":{"t":"slow","v":120},"geometry":{"type":"LineString","coordinates":[[5.822,44.5329],[5.8873,44.5602]]}},{"type":"Feature","properties":{"t":"slow","v":150},"geometry":{"type":"LineString","coordinates":[[-2.452,48.4296],[-2.4661,48.4388],[-2.4729,48.4514],[-2.504,48.4662]]}},{"type":"Feature","properties":{"t":"slow","v":100},"geometry":{"type":"LineString","coordinates":[[5.0308,47.2741],[5.022,47.2664],[5.0172,47.2471],[5.0032,47.234]]}},{"type":"Feature","properties":{"t":"slow","v":30},"geometry":{"type":"LineString","coordinates":[[1.1576,49.8739],[1.1379,49.8769],[1.1282,49.887],[1.0855,49.9102],[1.081,49.9208]]}},{"type":"Feature","properties":{"t":"slow","v":60},"geometry":{"type":"LineString","coordinates":[[-3.0106,47.6818],[-3.0725,47.6523],[-3.0911,47.6229],[-3.1314,47.5962],[-3.1335,47.5475],[-3.1397,47.5234],[-3.1179,47.485]]}},{"type":"Feature","properties":{"t":"slow","v":40},"geometry":{"type":"LineString","coordinates":[[4.7293,46.114],[4.7134,46.122]]}},{"type":"Feature","properties":{"t":"slow","v":135},"geometry":{"type":"LineString","coordinates":[[5.0553,47.3228],[5.0646,47.361],[5.1277,47.4026],[5.128,47.4244],[5.1212,47.4432],[5.1392,47.4666],[5.1253,47.4841],[5.1254,47.5131],[5.1298,47.5202]]}},{"type":"Feature","properties":{"t":"slow","v":60},"geometry":{"type":"LineString","coordinates":[[2.3813,51.005],[2.37,51.012]]}},{"type":"Feature","properties":{"t":"fast","v":160},"geometry":{"type":"LineString","coordinates":[[1.9675,48.7613],[1.9318,48.7506],[1.8622,48.7012],[1.838,48.6476],[1.8135,48.6334],[1.7717,48.626]]}},{"type":"Feature","properties":{"t":"slow","v":150},"geometry":{"type":"LineString","coordinates":[[0.9376,48.4518],[0.9375,48.4516]]}},{"type":"Feature","properties":{"t":"fast","v":160},"geometry":{"type":"LineString","coordinates":[[-0.5035,44.9268],[-0.519,44.9198],[-0.5232,44.897],[-0.537,44.8682]]}},{"type":"Feature","properties":{"t":"slow","v":130},"geometry":{"type":"LineString","coordinates":[[3.5105,50.3892],[3.5221,50.3818],[3.5241,50.3715],[3.5187,50.3662]]}},{"type":"Feature","properties":{"t":"slow","v":105},"geometry":{"type":"LineString","coordinates":[[4.9786,43.5204],[4.98,43.5133],[4.973,43.4968]]}},{"type":"Feature","properties":{"t":"slow","v":30},"geometry":{"type":"LineString","coordinates":[[6.1711,48.732],[6.1735,48.7097],[6.1956,48.6958]]}},{"type":"Feature","properties":{"t":"slow","v":30},"geometry":{"type":"LineString","coordinates":[[3.6131,49.5712],[3.601,49.5791],[3.6129,49.6301],[3.608,49.666],[3.5961,49.6846],[3.5764,49.6879],[3.5436,49.7072],[3.5425,49.7176],[3.5547,49.738],[3.608,49.7647],[3.6364,49.7937],[3.7036,49.8323]]}},{"type":"Feature","properties":{"t":"slow","v":30},"geometry":{"type":"LineString","coordinates":[[-1.1029,49.1146],[-1.1247,49.1074],[-1.1239,49.0932],[-1.0917,49.0842],[-1.0563,49.0565],[-1.0394,49.0509]]}},{"type":"Feature","properties":{"t":"slow","v":50},"geometry":{"type":"LineString","coordinates":[[-0.4911,46.3081],[-0.4757,46.3029],[-0.4655,46.306]]}},{"type":"Feature","properties":{"t":"slow","v":80},"geometry":{"type":"LineString","coordinates":[[3.1627,43.6374],[3.1643,43.6447],[3.1507,43.6491],[3.1488,43.6558],[3.1709,43.6857],[3.1681,43.6947],[3.1851,43.7057]]}},{"type":"Feature","properties":{"t":"slow","v":120},"geometry":{"type":"LineString","coordinates":[[4.1691,46.4773],[4.1731,46.4922],[4.2176,46.5718],[4.2365,46.5789],[4.2407,46.5884],[4.2588,46.6016],[4.297,46.603],[4.3131,46.6176]]}},{"type":"Feature","properties":{"t":"slow","v":80},"geometry":{"type":"LineString","coordinates":[[3.5011,45.1782],[3.4913,45.1667],[3.4947,45.1605]]}},{"type":"Feature","properties":{"t":"slow","v":100},"geometry":{"type":"LineString","coordinates":[[2.2631,48.8292],[2.261,48.821],[2.249,48.8163],[2.2348,48.8027],[2.1844,48.7996]]}},{"type":"Feature","properties":{"t":"slow","v":40},"geometry":{"type":"LineString","coordinates":[[2.2272,48.1602],[2.2249,48.1508],[2.238,48.1417],[2.2973,48.1256],[2.3534,48.1185],[2.4036,48.0887],[2.4229,48.0701]]}},{"type":"Feature","properties":{"t":"slow","v":120},"geometry":{"type":"LineString","coordinates":[[4.9996,43.5809],[5.0096,43.5809],[5.0131,43.5762],[4.9779,43.5667],[4.9565,43.5477],[4.9786,43.5203]]}},{"type":"Feature","properties":{"t":"slow","v":30},"geometry":{"type":"LineString","coordinates":[[1.0461,49.6329],[1.0764,49.6147],[1.1087,49.6061],[1.1093,49.6014]]}},{"type":"Feature","properties":{"t":"slow","v":90},"geometry":{"type":"LineString","coordinates":[[1.0292,47.7796],[1.0526,47.7994],[1.0705,47.8026]]}},{"type":"Feature","properties":{"t":"slow","v":140},"geometry":{"type":"LineString","coordinates":[[1.0115,45.604],[1.0038,45.5928],[0.9868,45.5869],[0.9862,45.5727],[0.9712,45.5602],[0.9763,45.5476],[0.9741,45.5398],[0.9586,45.5279],[0.9547,45.5114],[0.9398,45.4874],[0.9406,45.4589],[0.9283,45.4461],[0.9245,45.4217],[0.9143,45.4051],[0.901,45.3992],[0.8852,45.3758],[0.8745,45.3684],[0.8578,45.3409],[0.8479,45.3325],[0.8118,45.3196],[0.7223,45.2728],[0.6889,45.245]]}},{"type":"Feature","properties":{"t":"slow","v":120},"geometry":{"type":"LineString","coordinates":[[2.3522,49.8638],[2.3269,49.8875],[2.3102,49.8899]]}},{"type":"Feature","properties":{"t":"slow","v":40},"geometry":{"type":"LineString","coordinates":[[3.1208,49.1796],[3.14,49.1818],[3.1542,49.1902],[3.2096,49.1974],[3.2649,49.1864],[3.3106,49.1956],[3.3432,49.1867],[3.3741,49.1847],[3.4139,49.1972],[3.4619,49.1983],[3.4991,49.2069],[3.5192,49.2218],[3.5246,49.2465],[3.5541,49.2672],[3.5695,49.2913],[3.5849,49.3005],[3.6137,49.3054]]}},{"type":"Feature","properties":{"t":"slow","v":100},"geometry":{"type":"LineString","coordinates":[[1.8486,50.9346],[1.8564,50.9357]]}},{"type":"Feature","properties":{"t":"fast","v":160},"geometry":{"type":"LineString","coordinates":[[2.4344,49.5103],[2.4308,49.5383],[2.4379,49.5712],[2.4094,49.5887],[2.391,49.6074],[2.3765,49.648],[2.3364,49.6766],[2.3592,49.7061],[2.3533,49.7251],[2.3546,49.738],[2.3869,49.7861],[2.4062,49.8284],[2.4017,49.8423],[2.3898,49.8521]]}},{"type":"Feature","properties":{"t":"slow","v":95},"geometry":{"type":"LineString","coordinates":[[4.3881,45.4109],[4.3926,45.4167]]}},{"type":"Feature","properties":{"t":"slow","v":40},"geometry":{"type":"LineString","coordinates":[[0.6645,44.1317],[0.6551,44.0929],[0.6612,44.0734],[0.6449,44.0621],[0.6406,44.0491],[0.6109,44.0281],[0.5894,43.9974],[0.6152,43.9309]]}},{"type":"Feature","properties":{"t":"slow","v":60},"geometry":{"type":"LineString","coordinates":[[1.8335,42.7248],[1.8425,42.7226],[1.8415,42.716],[1.8467,42.7119],[1.8391,42.709],[1.8352,42.6954],[1.8239,42.6862],[1.8364,42.6762],[1.8375,42.6597],[1.8311,42.6354],[1.824,42.6302],[1.813,42.6071],[1.8237,42.605],[1.818,42.6073],[1.8092,42.5937],[1.7969,42.5853]]}},{"type":"Feature","properties":{"t":"slow","v":50},"geometry":{"type":"LineString","coordinates":[[1.0498,47.079],[1.0567,47.0771]]}},{"type":"Feature","properties":{"t":"slow","v":40},"geometry":{"type":"LineString","coordinates":[[1.761,47.2949],[1.7559,47.2979],[1.7524,47.3223],[1.7387,47.3467],[1.7391,47.3556]]}},{"type":"Feature","properties":{"t":"fast","v":200},"geometry":{"type":"LineString","coordinates":[[-0.2118,44.9642],[-0.2283,44.9471]]}},{"type":"Feature","properties":{"t":"slow","v":140},"geometry":{"type":"LineString","coordinates":[[0.7186,46.4052],[0.7552,46.4044],[0.8213,46.425],[0.8705,46.4197],[0.8795,46.406],[0.9349,46.3692],[0.9738,46.3301],[0.9818,46.3105],[1.0087,46.2732],[1.0132,46.2461],[1.0459,46.2196],[1.0681,46.2144]]}},{"type":"Feature","properties":{"t":"slow","v":120},"geometry":{"type":"LineString","coordinates":[[1.2682,45.8364],[1.2579,45.823],[1.2631,45.8118],[1.2451,45.7986],[1.267,45.7837],[1.271,45.7728],[1.2681,45.7622],[1.2853,45.7563]]}},{"type":"Feature","properties":{"t":"slow","v":120},"geometry":{"type":"LineString","coordinates":[[2.1084,49.0455],[2.1219,49.0541]]}},{"type":"Feature","properties":{"t":"fast","v":220},"geometry":{"type":"LineString","coordinates":[[0.3508,46.6116],[0.3491,46.6369],[0.353,46.6493]]}},{"type":"Feature","properties":{"t":"slow","v":40},"geometry":{"type":"LineString","coordinates":[[1.4463,43.6262],[1.4547,43.6246]]}},{"type":"Feature","properties":{"t":"fast","v":160},"geometry":{"type":"LineString","coordinates":[[1.81,50.9135],[1.8013,50.9136]]}},{"type":"Feature","properties":{"t":"slow","v":100},"geometry":{"type":"LineString","coordinates":[[2.0736,49.0032],[2.0792,49.0166],[2.0912,49.0271],[2.0795,49.0365]]}},{"type":"Feature","properties":{"t":"fast","v":160},"geometry":{"type":"LineString","coordinates":[[5.4975,47.0992],[5.5666,47.1401]]}},{"type":"Feature","properties":{"t":"slow","v":30},"geometry":{"type":"LineString","coordinates":[[2.2535,51.0066],[2.2552,51.0317]]}},{"type":"Feature","properties":{"t":"slow","v":100},"geometry":{"type":"LineString","coordinates":[[1.8889,44.0989],[1.8885,44.0924],[1.9087,44.0545],[1.9446,44.0408],[1.9533,44.0263],[1.9507,44.0008],[1.933,43.9866],[1.9421,43.9661],[1.9307,43.9492],[1.9431,43.9319]]}},{"type":"Feature","properties":{"t":"slow","v":130},"geometry":{"type":"LineString","coordinates":[[1.7854,49.2849],[1.7715,49.3469],[1.7427,49.3783],[1.7071,49.4046],[1.7277,49.436],[1.7537,49.4543],[1.7448,49.4758],[1.7338,49.4849],[1.7328,49.4941]]}},{"type":"Feature","properties":{"t":"slow","v":110},"geometry":{"type":"LineString","coordinates":[[4.3355,49.7694],[4.3386,49.7643],[4.3475,49.7647],[4.3636,49.7748],[4.3936,49.7814],[4.4253,49.7751],[4.4555,49.7764],[4.5123,49.7977]]}},{"type":"Feature","properties":{"t":"fast","v":160},"geometry":{"type":"LineString","coordinates":[[3.2201,48.5283],[3.2506,48.5133]]}},{"type":"Feature","properties":{"t":"slow","v":20},"geometry":{"type":"LineString","coordinates":[[5.4895,47.4747],[5.546,47.4456],[5.5588,47.4488]]}},{"type":"Feature","properties":{"t":"slow","v":120},"geometry":{"type":"LineString","coordinates":[[-0.1962,46.4128],[-0.2066,46.3986],[-0.2187,46.3968],[-0.2585,46.3748],[-0.2897,46.3686],[-0.2962,46.3605]]}},{"type":"Feature","properties":{"t":"slow","v":100},"geometry":{"type":"LineString","coordinates":[[2.1324,43.9205],[2.1378,43.9224]]}},{"type":"Feature","properties":{"t":"slow","v":30},"geometry":{"type":"LineString","coordinates":[[5.0447,43.8325],[5.051,43.8283],[5.0648,43.8349]]}},{"type":"Feature","properties":{"t":"slow","v":60},"geometry":{"type":"LineString","coordinates":[[2.0984,49.0252],[2.1244,49.038]]}},{"type":"Feature","properties":{"t":"slow","v":100},"geometry":{"type":"LineString","coordinates":[[2.319,48.9121],[2.3017,48.9459],[2.3018,48.9562],[2.2851,48.9639]]}},{"type":"Feature","properties":{"t":"fast","v":160},"geometry":{"type":"LineString","coordinates":[[1.1295,44.036],[1.2203,44.0352],[1.2976,44.0148],[1.3347,44.0177],[1.3409,44.0146],[1.3412,44.0052],[1.2711,43.9361],[1.2605,43.9142],[1.2703,43.8926],[1.2717,43.8707],[1.3055,43.821],[1.3566,43.77],[1.3615,43.7542]]}},{"type":"Feature","properties":{"t":"slow","v":75},"geometry":{"type":"LineString","coordinates":[[5.4199,44.6596],[5.4237,44.6491],[5.4342,44.6439],[5.4443,44.6244],[5.4546,44.6156],[5.455,44.5966]]}},{"type":"Feature","properties":{"t":"slow","v":120},"geometry":{"type":"LineString","coordinates":[[5.595,45.3638],[5.5981,45.3592],[5.5939,45.3519],[5.5628,45.3354],[5.5858,45.3198]]}},{"type":"Feature","properties":{"t":"slow","v":85},"geometry":{"type":"LineString","coordinates":[[2.4416,44.4409],[2.4445,44.4326],[2.4542,44.4298],[2.4962,44.4332],[2.5112,44.4288]]}},{"type":"Feature","properties":{"t":"slow","v":90},"geometry":{"type":"LineString","coordinates":[[5.5554,46.1772],[5.5704,46.1722],[5.5727,46.1646],[5.5947,46.1562],[5.6178,46.1397],[5.6304,46.1387]]}},{"type":"Feature","properties":{"t":"slow","v":30},"geometry":{"type":"LineString","coordinates":[[2.1328,43.9123],[2.1744,43.922],[2.2046,43.9437]]}},{"type":"Feature","properties":{"t":"slow","v":110},"geometry":{"type":"LineString","coordinates":[[4.4813,46.7594],[4.505,46.7584],[4.528,46.7693]]}},{"type":"Feature","properties":{"t":"slow","v":60},"geometry":{"type":"LineString","coordinates":[[5.8159,44.5319],[5.822,44.5329]]}},{"type":"Feature","properties":{"t":"slow","v":130},"geometry":{"type":"LineString","coordinates":[[5.0456,43.7857],[5.0922,43.7094],[5.0901,43.6884],[5.0776,43.6641],[5.0899,43.634],[5.0767,43.6261],[5.0351,43.6184],[4.9912,43.5975],[4.9874,43.5837],[4.9988,43.581]]}},{"type":"Feature","properties":{"t":"slow","v":30},"geometry":{"type":"LineString","coordinates":[[0.5279,46.819],[0.5306,46.8219]]}},{"type":"Feature","properties":{"t":"slow","v":120},"geometry":{"type":"LineString","coordinates":[[0.0627,43.2404],[0.0858,43.2387],[0.0939,43.2277]]}},{"type":"Feature","properties":{"t":"slow","v":120},"geometry":{"type":"LineString","coordinates":[[5.2161,46.1957],[5.2232,46.1922],[5.2714,46.1992],[5.3137,46.1908]]}},{"type":"Feature","properties":{"t":"slow","v":40},"geometry":{"type":"LineString","coordinates":[[-1.2196,48.1221],[-1.2377,48.1163],[-1.256,48.1224],[-1.2656,48.1359],[-1.2482,48.1428],[-1.2475,48.1488]]}},{"type":"Feature","properties":{"t":"slow","v":120},"geometry":{"type":"LineString","coordinates":[[5.8456,48.5445],[5.8598,48.5601],[5.8632,48.5707],[5.8601,48.5849],[5.8487,48.6018]]}},{"type":"Feature","properties":{"t":"fast","v":160},"geometry":{"type":"LineString","coordinates":[[-1.3823,47.2948],[-1.407,47.2859]]}},{"type":"Feature","properties":{"t":"slow","v":100},"geometry":{"type":"LineString","coordinates":[[0.2019,47.9899],[0.1989,47.9936]]}},{"type":"Feature","properties":{"t":"slow","v":40},"geometry":{"type":"LineString","coordinates":[[5.9111,46.1282],[5.9169,46.1327]]}},{"type":"Feature","properties":{"t":"fast","v":200},"geometry":{"type":"LineString","coordinates":[[3.3497,46.5361],[3.3596,46.5101],[3.3616,46.4476],[3.352,46.4109],[3.3565,46.3728],[3.3912,46.3184],[3.4266,46.2818],[3.43,46.2657],[3.4206,46.2193],[3.4285,46.2104]]}},{"type":"Feature","properties":{"t":"slow","v":80},"geometry":{"type":"LineString","coordinates":[[4.7324,46.9151],[4.7396,46.9185]]}},{"type":"Feature","properties":{"t":"slow","v":40},"geometry":{"type":"LineString","coordinates":[[1.0705,47.8026],[1.1013,47.7977],[1.1111,47.7859],[1.134,47.7909],[1.1601,47.7819],[1.1951,47.7491]]}},{"type":"Feature","properties":{"t":"slow","v":100},"geometry":{"type":"LineString","coordinates":[[2.3277,49.0685],[2.3528,49.081],[2.3646,49.1032],[2.3632,49.1124],[2.3703,49.1179],[2.4223,49.118]]}},{"type":"Feature","properties":{"t":"slow","v":90},"geometry":{"type":"LineString","coordinates":[[2.1939,48.9161],[2.17,48.9294]]}},{"type":"Feature","properties":{"t":"slow","v":100},"geometry":{"type":"LineString","coordinates":[[7.7418,48.6119],[7.7548,48.6269],[7.8876,48.7006],[7.9348,48.7568],[7.9862,48.7931],[8.0154,48.8242],[8.0653,48.8531],[8.0886,48.8896],[8.1334,48.9208],[8.1574,48.9303],[8.1842,48.9702],[8.1954,48.9752]]}},{"type":"Feature","properties":{"t":"slow","v":100},"geometry":{"type":"LineString","coordinates":[[-0.4531,46.3208],[-0.4591,46.3091],[-0.417,46.2782],[-0.4062,46.2309],[-0.4204,46.2042],[-0.4792,46.1724],[-0.4934,46.1531],[-0.4963,46.1404],[-0.5055,46.1343],[-0.5037,46.1268],[-0.5184,46.0787],[-0.4994,46.047],[-0.513,46.0326],[-0.5116,46.0047],[-0.5184,45.9921],[-0.5123,45.9661],[-0.5202,45.9532],[-0.511,45.9454],[-0.5088,45.9359],[-0.5295,45.9094],[-0.5281,45.8831],[-0.5372,45.8707],[-0.5346,45.8429],[-0.5525,45.818],[-0.5746,45.8025],[-0.5795,45.7828],[-0.5863,45.7754],[-0.6148,45.7717],[-0.6172,45.7599]]}},{"type":"Feature","properties":{"t":"fast","v":160},"geometry":{"type":"LineString","coordinates":[[6.3052,45.5448],[6.3132,45.5383],[6.3142,45.5156],[6.2927,45.4749],[6.2928,45.4628]]}},{"type":"Feature","properties":{"t":"slow","v":50},"geometry":{"type":"LineString","coordinates":[[3.6284,44.5286],[3.6392,44.5397],[3.6594,44.5392],[3.6887,44.5474],[3.6786,44.5545],[3.6726,44.568],[3.694,44.5641]]}},{"type":"Feature","properties":{"t":"slow","v":50},"geometry":{"type":"LineString","coordinates":[[-1.5184,47.2266],[-1.5341,47.2133]]}},{"type":"Feature","properties":{"t":"slow","v":120},"geometry":{"type":"LineString","coordinates":[[2.8806,42.6936],[2.8733,42.6884],[2.8324,42.6834]]}},{"type":"Feature","properties":{"t":"slow","v":50},"geometry":{"type":"LineString","coordinates":[[1.1013,49.417],[1.1036,49.4222],[1.0995,49.4279]]}},{"type":"Feature","properties":{"t":"slow","v":70},"geometry":{"type":"LineString","coordinates":[[3.0954,50.6553],[3.1066,50.6548]]}},{"type":"Feature","properties":{"t":"slow","v":80},"geometry":{"type":"LineString","coordinates":[[7.107,47.8091],[7.085,47.8162],[7.0743,47.8398],[7.0506,47.861],[6.9977,47.8899]]}},{"type":"Feature","properties":{"t":"lgv","v":320},"geometry":{"type":"LineString","coordinates":[[3.7377,49.195],[3.8317,49.2305],[3.8772,49.2402]]}},{"type":"Feature","properties":{"t":"slow","v":30},"geometry":{"type":"LineString","coordinates":[[7.0363,49.0008],[7.0361,49.006]]}},{"type":"Feature","properties":{"t":"slow","v":140},"geometry":{"type":"LineString","coordinates":[[-1.5933,47.1684],[-1.6185,47.1621],[-1.6281,47.1477],[-1.6496,47.1462],[-1.6743,47.1377],[-1.7098,47.1383],[-1.7425,47.1141],[-1.7667,47.1043],[-1.8075,47.1084],[-1.8205,47.0998],[-1.817,47.0759],[-1.8238,47.0365],[-1.8331,47.0222],[-1.8282,46.9952],[-1.8154,46.9825],[-1.8659,46.9388],[-1.8651,46.9231],[-1.8394,46.8872],[-1.8625,46.8614],[-1.8794,46.8291],[-1.8896,46.7921],[-1.8573,46.7671]]}},{"type":"Feature","properties":{"t":"slow","v":30},"geometry":{"type":"LineString","coordinates":[[-2.7223,48.5272],[-2.7364,48.5266]]}},{"type":"Feature","properties":{"t":"slow","v":50},"geometry":{"type":"LineString","coordinates":[[4.3885,48.0592],[4.3945,48.0439],[4.4239,48.0275]]}},{"type":"Feature","properties":{"t":"lgv","v":300},"geometry":{"type":"LineString","coordinates":[[1.0756,48.0766],[1.0227,48.0701],[0.9041,48.0854],[0.7517,48.0842],[0.6518,48.0719],[0.5745,48.048],[0.5077,48.0457],[0.4729,48.0516]]}},{"type":"Feature","properties":{"t":"fast","v":160},"geometry":{"type":"LineString","coordinates":[[0.2478,46.5152],[0.2321,46.5075]]}},{"type":"Feature","properties":{"t":"slow","v":60},"geometry":{"type":"LineString","coordinates":[[4.8253,44.7721],[4.8231,44.7775]]}},{"type":"Feature","properties":{"t":"slow","v":130},"geometry":{"type":"LineString","coordinates":[[0.6889,45.245],[0.6683,45.2196],[0.6687,45.2069],[0.6772,45.2006],[0.6947,45.2013],[0.7016,45.1948]]}},{"type":"Feature","properties":{"t":"slow","v":30},"geometry":{"type":"LineString","coordinates":[[3.2841,46.2542],[3.2522,46.1862],[3.2205,46.1436],[3.2174,46.1197],[3.2049,46.1023]]}},{"type":"Feature","properties":{"t":"slow","v":150},"geometry":{"type":"LineString","coordinates":[[2.5348,48.9363],[2.6112,48.9551],[2.6424,48.9758]]}},{"type":"Feature","properties":{"t":"slow","v":30},"geometry":{"type":"LineString","coordinates":[[5.3733,49.1637],[5.3791,49.1661],[5.3759,49.1691]]}},{"type":"Feature","properties":{"t":"slow","v":120},"geometry":{"type":"LineString","coordinates":[[-0.6172,45.7599],[-0.6172,45.7497]]}},{"type":"Feature","properties":{"t":"slow","v":75},"geometry":{"type":"LineString","coordinates":[[1.8441,44.9275],[1.8614,44.9335],[1.8773,44.9482],[1.8884,44.9518],[1.8998,44.9527],[1.9229,44.9399],[1.9317,44.9512]]}},{"type":"Feature","properties":{"t":"slow","v":60},"geometry":{"type":"LineString","coordinates":[[5.9614,46.605],[5.9481,46.5906],[5.9522,46.5734],[5.9637,46.5693],[5.9868,46.5727],[6.0162,46.5487],[6.0177,46.5393]]}},{"type":"Feature","properties":{"t":"slow","v":90},"geometry":{"type":"LineString","coordinates":[[2.3087,48.8917],[2.2924,48.9009]]}},{"type":"Feature","properties":{"t":"slow","v":95},"geometry":{"type":"LineString","coordinates":[[6.4701,45.2175],[6.4809,45.211],[6.5682,45.2067],[6.6425,45.1897],[6.656,45.1919],[6.6816,45.2065],[6.6836,45.202],[6.6575,45.184],[6.6813,45.1411]]}},{"type":"Feature","properties":{"t":"slow","v":50},"geometry":{"type":"LineString","coordinates":[[0.1745,47.998],[0.1767,48.0044]]}},{"type":"Feature","properties":{"t":"slow","v":140},"geometry":{"type":"LineString","coordinates":[[5.2663,43.3989],[5.3063,43.3656],[5.3424,43.3612],[5.3864,43.3317],[5.393,43.3211]]}},{"type":"Feature","properties":{"t":"slow","v":70},"geometry":{"type":"LineString","coordinates":[[-0.5977,43.0589],[-0.5997,43.0435],[-0.6069,43.0362],[-0.6016,43.0238],[-0.604,42.9938]]}},{"type":"Feature","properties":{"t":"slow","v":75},"geometry":{"type":"LineString","coordinates":[[6.2706,47.156],[6.3299,47.1492],[6.3513,47.1509],[6.3837,47.1382],[6.4321,47.1333],[6.4391,47.1159],[6.4485,47.1122],[6.4392,47.1032],[6.4463,47.0934],[6.4568,47.0909],[6.46,47.0826],[6.4699,47.08],[6.4878,47.0876],[6.4969,47.0868],[6.4991,47.0694],[6.4913,47.056],[6.4977,47.0363],[6.5153,47.0373],[6.5243,47.0286],[6.5549,47.0322],[6.6048,47.0536]]}},{"type":"Feature","properties":{"t":"slow","v":30},"geometry":{"type":"LineString","coordinates":[[2.8032,45.9696],[2.8082,45.9578],[2.8041,45.9513],[2.8095,45.9471],[2.8121,45.9313],[2.8348,45.9313]]}},{"type":"Feature","properties":{"t":"slow","v":105},"geometry":{"type":"LineString","coordinates":[[4.827,45.7053],[4.8143,45.7154]]}},{"type":"Feature","properties":{"t":"fast","v":200},"geometry":{"type":"LineString","coordinates":[[0.5414,46.7979],[0.4759,46.7399],[0.4331,46.7258],[0.4193,46.7018],[0.3859,46.6872],[0.3787,46.6754],[0.377,46.658],[0.3591,46.6333],[0.3496,46.6082]]}},{"type":"Feature","properties":{"t":"fast","v":160},"geometry":{"type":"LineString","coordinates":[[3.4338,46.2065],[3.4303,46.195],[3.4037,46.1914],[3.385,46.1682],[3.3419,46.1521],[3.3149,46.1272],[3.2153,46.1106],[3.2063,46.1048],[3.2084,46.0654],[3.2265,46.0475],[3.2288,46.0378],[3.2079,46.0195],[3.1848,46.0086],[3.1802,45.9953],[3.1615,45.9848],[3.1549,45.9752],[3.1609,45.9283],[3.1206,45.8877],[3.1431,45.8332],[3.1209,45.79],[3.098,45.7763]]}},{"type":"Feature","properties":{"t":"slow","v":110},"geometry":{"type":"LineString","coordinates":[[5.3506,45.958],[5.3546,45.9531]]}},{"type":"Feature","properties":{"t":"slow","v":100},"geometry":{"type":"LineString","coordinates":[[1.3615,43.7542],[1.3935,43.6976]]}},{"type":"Feature","properties":{"t":"slow","v":130},"geometry":{"type":"LineString","coordinates":[[0.1726,48.0254],[0.1697,48.0412],[0.1757,48.0478]]}},{"type":"Feature","properties":{"t":"slow","v":30},"geometry":{"type":"LineString","coordinates":[[-2.7631,48.1802],[-2.7539,48.1695],[-2.7563,48.1645],[-2.8334,48.1436],[-2.8538,48.1221],[-2.9122,48.1124],[-2.9177,48.0948],[-2.96,48.0734],[-2.9658,48.0616]]}},{"type":"Feature","properties":{"t":"fast","v":200},"geometry":{"type":"LineString","coordinates":[[0.5481,49.095],[0.5102,49.0825],[0.4267,49.0687],[0.3605,49.0854],[0.3443,49.1142],[0.334,49.1207],[0.2476,49.1312]]}},{"type":"Feature","properties":{"t":"slow","v":70},"geometry":{"type":"LineString","coordinates":[[2.2287,48.9499],[2.2351,48.9508]]}},{"type":"Feature","properties":{"t":"slow","v":120},"geometry":{"type":"LineString","coordinates":[[1.9068,47.9251],[1.9068,47.9241]]}},{"type":"Feature","properties":{"t":"slow","v":140},"geometry":{"type":"LineString","coordinates":[[5.8713,43.1155],[5.8905,43.1286],[5.9153,43.1332],[5.9301,43.1284]]}},{"type":"Feature","properties":{"t":"lgv","v":270},"geometry":{"type":"LineString","coordinates":[[2.9804,50.6585],[2.9212,50.6442],[2.8894,50.6488]]}},{"type":"Feature","properties":{"t":"slow","v":140},"geometry":{"type":"LineString","coordinates":[[-0.8061,48.8458],[-0.8144,48.8509],[-0.8352,48.8509],[-0.898,48.8437],[-0.9236,48.8507],[-0.9781,48.849],[-0.9933,48.8548],[-1.023,48.8443],[-1.0397,48.8453]]}},{"type":"Feature","properties":{"t":"slow","v":90},"geometry":{"type":"LineString","coordinates":[[4.7588,45.7617],[4.7693,45.7608],[4.7719,45.7525],[4.764,45.7429],[4.7727,45.7162],[4.7636,45.6965],[4.7683,45.6783],[4.7638,45.6737]]}},{"type":"Feature","properties":{"t":"slow","v":100},"geometry":{"type":"LineString","coordinates":[[0.7072,45.1872],[0.7224,45.1767],[0.7604,45.1809],[0.8106,45.1367],[0.8523,45.1234],[0.9281,45.131],[0.9598,45.1506],[1.0327,45.1689],[1.08,45.1553],[1.0958,45.1582],[1.1227,45.1524],[1.1495,45.1539],[1.2205,45.1266],[1.3005,45.1358]]}},{"type":"Feature","properties":{"t":"slow","v":60},"geometry":{"type":"LineString","coordinates":[[5.7864,45.8454],[5.7845,45.8407]]}},{"type":"Feature","properties":{"t":"slow","v":30},"geometry":{"type":"LineString","coordinates":[[0.5347,49.5069],[0.5639,49.4877],[0.5566,49.4828]]}},{"type":"Feature","properties":{"t":"fast","v":170},"geometry":{"type":"LineString","coordinates":[[4.4894,43.8234],[4.5067,43.8191],[4.5198,43.8251]]}},{"type":"Feature","properties":{"t":"slow","v":140},"geometry":{"type":"LineString","coordinates":[[6.3109,49.0635],[6.2712,49.0604],[6.2426,49.0711],[6.1994,49.0764],[6.1686,49.0981],[6.181,49.1108]]}},{"type":"Feature","properties":{"t":"slow","v":30},"geometry":{"type":"LineString","coordinates":[[5.7144,47.5458],[5.6913,47.5366],[5.6789,47.5368]]}},{"type":"Feature","properties":{"t":"slow","v":100},"geometry":{"type":"LineString","coordinates":[[2.3414,50.3786],[2.3355,50.3795]]}},{"type":"Feature","properties":{"t":"slow","v":90},"geometry":{"type":"LineString","coordinates":[[2.4306,48.911],[2.4383,48.8976],[2.472,48.8949]]}},{"type":"Feature","properties":{"t":"slow","v":150},"geometry":{"type":"LineString","coordinates":[[2.6533,48.5279],[2.6629,48.5243],[2.6663,48.5165]]}},{"type":"Feature","properties":{"t":"slow","v":130},"geometry":{"type":"LineString","coordinates":[[2.2767,48.9099],[2.2578,48.914],[2.2297,48.9066],[2.2139,48.9074],[2.1569,48.9377]]}},{"type":"Feature","properties":{"t":"slow","v":120},"geometry":{"type":"LineString","coordinates":[[2.5929,46.5928],[2.605,46.5414],[2.6129,46.5336],[2.6067,46.4926],[2.5988,46.4807],[2.603,46.4644],[2.592,46.451],[2.6002,46.4181],[2.5893,46.3445],[2.5963,46.3376]]}},{"type":"Feature","properties":{"t":"slow","v":60},"geometry":{"type":"LineString","coordinates":[[2.9832,43.1808],[2.9854,43.1806]]}},{"type":"Feature","properties":{"t":"slow","v":140},"geometry":{"type":"LineString","coordinates":[[2.7968,48.3794],[2.8106,48.3706],[2.8042,48.3618]]}},{"type":"Feature","properties":{"t":"slow","v":100},"geometry":{"type":"LineString","coordinates":[[2.986,50.6053],[2.9616,50.5914]]}},{"type":"Feature","properties":{"t":"slow","v":100},"geometry":{"type":"LineString","coordinates":[[2.9616,50.5914],[2.9286,50.5704],[2.9188,50.554]]}},{"type":"Feature","properties":{"t":"slow","v":120},"geometry":{"type":"LineString","coordinates":[[4.7979,45.5695],[4.837,45.5409],[4.8588,45.5368],[4.8645,45.5266],[4.858,45.5159],[4.8434,45.5059],[4.8104,45.4881],[4.7856,45.4818],[4.7698,45.4615]]}},{"type":"Feature","properties":{"t":"slow","v":110},"geometry":{"type":"LineString","coordinates":[[6.9009,49.1894],[6.9437,49.2137]]}},{"type":"Feature","properties":{"t":"slow","v":30},"geometry":{"type":"LineString","coordinates":[[2.7387,50.4694],[2.7351,50.4742]]}},{"type":"Feature","properties":{"t":"slow","v":15},"geometry":{"type":"LineString","coordinates":[[2.5781,49.3908],[2.5848,49.393]]}},{"type":"Feature","properties":{"t":"slow","v":50},"geometry":{"type":"LineString","coordinates":[[3.6338,49.5709],[3.6895,49.5796],[3.7869,49.607],[3.8127,49.617],[3.8501,49.6424],[3.8967,49.6564],[3.9147,49.655],[3.9446,49.6634],[3.9607,49.6762],[3.9694,49.6937],[3.9793,49.6986],[4.0237,49.6977]]}},{"type":"Feature","properties":{"t":"slow","v":110},"geometry":{"type":"LineString","coordinates":[[3.1059,50.3581],[3.0933,50.3625],[3.091,50.3768]]}},{"type":"Feature","properties":{"t":"slow","v":150},"geometry":{"type":"LineString","coordinates":[[2.4447,49.2285],[2.4443,49.2398],[2.4714,49.2662]]}},{"type":"Feature","properties":{"t":"slow","v":60},"geometry":{"type":"LineString","coordinates":[[2.9854,43.1806],[2.9898,43.1762]]}},{"type":"Feature","properties":{"t":"slow","v":140},"geometry":{"type":"LineString","coordinates":[[2.6447,49.4352],[2.6344,49.4501],[2.6318,49.488],[2.6123,49.5012],[2.6086,49.5234],[2.5946,49.5363],[2.5771,49.578],[2.5588,49.5882],[2.5543,49.5975],[2.5591,49.6122]]}},{"type":"Feature","properties":{"t":"slow","v":60},"geometry":{"type":"LineString","coordinates":[[5.0263,47.2889],[5.0305,47.2974],[5.047,47.294]]}},{"type":"Feature","properties":{"t":"fast","v":160},"geometry":{"type":"LineString","coordinates":[[7.3142,47.7193],[7.3144,47.7199]]}},{"type":"Feature","properties":{"t":"fast","v":160},"geometry":{"type":"LineString","coordinates":[[-2.8428,48.499],[-2.9465,48.521],[-2.9662,48.5322],[-3.0002,48.5393]]}},{"type":"Feature","properties":{"t":"slow","v":120},"geometry":{"type":"LineString","coordinates":[[-1.091,46.0784],[-1.0823,46.0663],[-1.0661,46.0609],[-1.0475,46.0431],[-1.0483,46.0282],[-1.0403,46.0027],[-1.0294,45.9942]]}},{"type":"Feature","properties":{"t":"slow","v":90},"geometry":{"type":"LineString","coordinates":[[0.6751,47.3543],[0.668,47.3542]]}},{"type":"Feature","properties":{"t":"fast","v":190},"geometry":{"type":"LineString","coordinates":[[-0.482,47.5497],[-0.5205,47.5028]]}},{"type":"Feature","properties":{"t":"slow","v":30},"geometry":{"type":"LineString","coordinates":[[4.0918,48.2696],[4.1544,48.2106],[4.2328,48.1634],[4.2766,48.1474],[4.3266,48.1484],[4.3469,48.1352],[4.3759,48.1252],[4.3862,48.1053],[4.3816,48.084],[4.3863,48.0667]]}},{"type":"Feature","properties":{"t":"slow","v":30},"geometry":{"type":"LineString","coordinates":[[7.5271,47.8988],[7.5068,47.812]]}},{"type":"Feature","properties":{"t":"slow","v":80},"geometry":{"type":"LineString","coordinates":[[2.0597,44.5842],[2.0824,44.5759],[2.08,44.5586],[2.0966,44.5527],[2.0953,44.5302],[2.1048,44.5228],[2.0986,44.5055],[2.0845,44.4912],[2.0815,44.4794],[2.0698,44.4641],[2.0718,44.4491],[2.0663,44.4416],[2.0663,44.4292]]}},{"type":"Feature","properties":{"t":"slow","v":100},"geometry":{"type":"LineString","coordinates":[[0.6678,47.3543],[0.6731,47.354]]}},{"type":"Feature","properties":{"t":"slow","v":110},"geometry":{"type":"LineString","coordinates":[[2.2527,46.993],[2.2599,46.9614],[2.2711,46.9526],[2.2942,46.8949],[2.3062,46.8831],[2.3018,46.8687],[2.3131,46.8541],[2.314,46.8407],[2.3315,46.8341],[2.3454,46.8188],[2.3595,46.8146],[2.3923,46.7808],[2.4103,46.7776],[2.425,46.768],[2.424,46.7528],[2.4464,46.7344],[2.4845,46.7281],[2.4856,46.7106],[2.5142,46.6909],[2.5478,46.6793],[2.5476,46.6644],[2.5571,46.6548],[2.5702,46.6469],[2.5894,46.6444],[2.591,46.6352],[2.5799,46.6221],[2.5929,46.5928]]}},{"type":"Feature","properties":{"t":"slow","v":140},"geometry":{"type":"LineString","coordinates":[[2.8794,42.6962],[2.8841,42.678],[2.9094,42.6677],[2.9635,42.6075],[2.961,42.5872],[2.9645,42.5769],[3.0278,42.5406],[3.0657,42.5341],[3.0771,42.5276]]}},{"type":"Feature","properties":{"t":"fast","v":160},"geometry":{"type":"LineString","coordinates":[[2.8658,49.4684],[2.8915,49.4803],[2.9052,49.4995],[2.9448,49.5133],[2.9576,49.5394],[3.0002,49.5753],[3.1206,49.5805],[3.215,49.6073],[3.2782,49.6423]]}},{"type":"Feature","properties":{"t":"fast","v":170},"geometry":{"type":"LineString","coordinates":[[2.6898,48.9562],[2.7086,48.9529],[2.7211,48.9591]]}},{"type":"Feature","properties":{"t":"slow","v":120},"geometry":{"type":"LineString","coordinates":[[2.5591,49.6122],[2.5631,49.618],[2.5562,49.631],[2.5626,49.6443],[2.5298,49.673],[2.5395,49.6941],[2.5354,49.7107],[2.5228,49.7262],[2.5067,49.7358],[2.5055,49.7478],[2.4907,49.7541],[2.4754,49.7771]]}},{"type":"Feature","properties":{"t":"slow","v":120},"geometry":{"type":"LineString","coordinates":[[2.5669,50.5379],[2.5045,50.5468],[2.4849,50.5554],[2.4692,50.5724],[2.4633,50.6058],[2.4635,50.6445],[2.5543,50.7147],[2.5534,50.7219],[2.5421,50.7252]]}},{"type":"Feature","properties":{"t":"slow","v":60},"geometry":{"type":"LineString","coordinates":[[1.9051,47.9106],[1.9048,47.9082]]}},{"type":"Feature","properties":{"t":"slow","v":90},"geometry":{"type":"LineString","coordinates":[[2.1844,48.7995],[2.1561,48.7974]]}},{"type":"Feature","properties":{"t":"slow","v":110},"geometry":{"type":"LineString","coordinates":[[2.4899,48.9321],[2.516,48.9329],[2.5237,48.941],[2.5242,48.9497],[2.5108,48.967],[2.521,48.9836],[2.5185,48.9961],[2.5258,49.0038],[2.5671,49.0103],[2.5708,49.0037]]}},{"type":"Feature","properties":{"t":"slow","v":110},"geometry":{"type":"LineString","coordinates":[[1.6307,49.5826],[1.6076,49.5972],[1.5436,49.6169],[1.5394,49.6306]]}},{"type":"Feature","properties":{"t":"fast","v":160},"geometry":{"type":"LineString","coordinates":[[-1.6801,48.1023],[-1.6906,48.0999],[-1.7025,48.0895],[-1.7131,48.0684],[-1.7476,48.0355],[-1.7564,48.0207],[-1.7517,47.9986],[-1.759,47.9875],[-1.7498,47.9721],[-1.7479,47.958],[-1.7536,47.9407],[-1.7696,47.922]]}},{"type":"Feature","properties":{"t":"fast","v":160},"geometry":{"type":"LineString","coordinates":[[-2.5019,47.6854],[-2.5275,47.6949],[-2.5554,47.6927],[-2.6803,47.7056],[-2.7026,47.7016],[-2.7217,47.6784],[-2.7574,47.664],[-2.7899,47.6738],[-2.8159,47.6705],[-2.9042,47.6777],[-2.9201,47.674],[-3.0151,47.6839]]}},{"type":"Feature","properties":{"t":"slow","v":30},"geometry":{"type":"LineString","coordinates":[[7.5607,47.5852],[7.5722,47.5836],[7.5845,47.6025]]}},{"type":"Feature","properties":{"t":"slow","v":140},"geometry":{"type":"LineString","coordinates":[[4.2802,49.419],[4.2854,49.4311],[4.3056,49.4469],[4.336,49.4611]]}},{"type":"Feature","properties":{"t":"slow","v":60},"geometry":{"type":"LineString","coordinates":[[2.3228,48.8798],[2.3226,48.8801]]}},{"type":"Feature","properties":{"t":"slow","v":135},"geometry":{"type":"LineString","coordinates":[[4.0244,49.2595],[4.04,49.2737],[4.0597,49.2811]]}},{"type":"Feature","properties":{"t":"slow","v":100},"geometry":{"type":"LineString","coordinates":[[4.377,45.4656],[4.3967,45.4444]]}},{"type":"Feature","properties":{"t":"slow","v":140},"geometry":{"type":"LineString","coordinates":[[2.6424,48.9758],[2.67,48.9951],[2.7408,49.0922],[2.8026,49.1506],[2.8282,49.1924],[2.876,49.2286],[2.9536,49.2364],[3.012,49.232],[3.0499,49.2229],[3.0811,49.2404]]}},{"type":"Feature","properties":{"t":"slow","v":120},"geometry":{"type":"LineString","coordinates":[[3.4307,46.1268],[3.4422,46.1078],[3.4422,46.0974],[3.4613,46.081],[3.4581,46.0661],[3.4611,46.0618]]}},{"type":"Feature","properties":{"t":"slow","v":115},"geometry":{"type":"LineString","coordinates":[[6.6365,45.9358],[6.639,45.9299],[6.6941,45.9057],[6.7057,45.9098]]}},{"type":"Feature","properties":{"t":"slow","v":90},"geometry":{"type":"LineString","coordinates":[[7.2792,47.7573],[7.2959,47.7527],[7.3402,47.7675],[7.3961,47.7523]]}},{"type":"Feature","properties":{"t":"fast","v":220},"geometry":{"type":"LineString","coordinates":[[1.8162,50.8947],[1.8085,50.9062]]}},{"type":"Feature","properties":{"t":"slow","v":30},"geometry":{"type":"LineString","coordinates":[[2.3257,48.8766],[2.323,48.8797]]}},{"type":"Feature","properties":{"t":"slow","v":90},"geometry":{"type":"LineString","coordinates":[[2.3118,48.8341],[2.2952,48.8198],[2.3027,48.8079],[2.2963,48.7975]]}},{"type":"Feature","properties":{"t":"slow","v":40},"geometry":{"type":"LineString","coordinates":[[5.4085,49.0636],[5.4092,49.0748],[5.3814,49.1009],[5.3926,49.1195],[5.3918,49.1257],[5.3633,49.1417],[5.3679,49.1604],[5.3733,49.1637]]}},{"type":"Feature","properties":{"t":"slow","v":60},"geometry":{"type":"LineString","coordinates":[[2.5305,48.8738],[2.5444,48.8781]]}},{"type":"Feature","properties":{"t":"lgv","v":300},"geometry":{"type":"LineString","coordinates":[[6.9176,47.591],[6.9452,47.6031]]}},{"type":"Feature","properties":{"t":"slow","v":115},"geometry":{"type":"LineString","coordinates":[[5.9482,45.8629],[5.9402,45.8824],[5.9638,45.8958],[5.9865,45.8962],[6.0067,45.9051],[6.0217,45.895],[6.0366,45.8952],[6.0631,45.9082],[6.0892,45.9078]]}},{"type":"Feature","properties":{"t":"slow","v":30},"geometry":{"type":"LineString","coordinates":[[1.1218,49.4361],[1.1251,49.4366]]}},{"type":"Feature","properties":{"t":"slow","v":100},"geometry":{"type":"LineString","coordinates":[[5.6044,49.4452],[5.6094,49.4408],[5.6326,49.4389],[5.6837,49.4168],[5.7015,49.42],[5.7298,49.3983],[5.8244,49.3944],[5.8526,49.3735],[5.9074,49.3652],[5.9211,49.353],[5.958,49.3595],[5.9893,49.3554]]}},{"type":"Feature","properties":{"t":"slow","v":100},"geometry":{"type":"LineString","coordinates":[[2.1567,48.9378],[2.1698,48.9328],[2.2325,48.9503]]}},{"type":"Feature","properties":{"t":"slow","v":55},"geometry":{"type":"LineString","coordinates":[[3.7704,44.5486],[3.7794,44.5512],[3.7826,44.5433],[3.8017,44.5423],[3.8464,44.5546],[3.8599,44.5681],[3.8862,44.5647],[3.8935,44.5694],[3.9041,44.594]]}},{"type":"Feature","properties":{"t":"slow","v":30},"geometry":{"type":"LineString","coordinates":[[4.8097,45.2998],[4.8157,45.2947],[4.9422,45.3043],[5.0327,45.3174],[5.0568,45.3303],[5.078,45.3349]]}},{"type":"Feature","properties":{"t":"slow","v":130},"geometry":{"type":"LineString","coordinates":[[1.5022,45.2266],[1.4925,45.2096],[1.4962,45.1908],[1.4924,45.1747]]}},{"type":"Feature","properties":{"t":"slow","v":90},"geometry":{"type":"LineString","coordinates":[[5.0156,44.7303],[5.0214,44.7234],[5.0577,44.7106],[5.0795,44.71],[5.1184,44.6958],[5.1806,44.6905]]}},{"type":"Feature","properties":{"t":"slow","v":120},"geometry":{"type":"LineString","coordinates":[[5.5647,45.324],[5.5858,45.3198]]}},{"type":"Feature","properties":{"t":"slow","v":30},"geometry":{"type":"LineString","coordinates":[[1.0567,47.0771],[1.0787,47.069],[1.1137,47.0169],[1.167,46.9929],[1.1828,46.9907],[1.2214,46.9613],[1.231,46.9473],[1.2815,46.9321],[1.3247,46.9293],[1.3673,46.9186],[1.4537,46.8617],[1.4891,46.8545],[1.5132,46.8595],[1.5225,46.85],[1.5402,46.8431],[1.5492,46.8323],[1.5924,46.8206],[1.6306,46.8001],[1.6456,46.7972],[1.679,46.8009]]}},{"type":"Feature","properties":{"t":"fast","v":160},"geometry":{"type":"LineString","coordinates":[[-0.2307,48.7094],[-0.2833,48.71],[-0.3126,48.7008],[-0.3755,48.7023],[-0.4244,48.7188],[-0.5137,48.7191],[-0.5476,48.7265]]}},{"type":"Feature","properties":{"t":"slow","v":30},"geometry":{"type":"LineString","coordinates":[[4.545,48.3477],[4.5316,48.3847],[4.5327,48.3985],[4.5863,48.4414]]}},{"type":"Feature","properties":{"t":"fast","v":180},"geometry":{"type":"LineString","coordinates":[[-3.7014,48.5631],[-3.7988,48.5729],[-3.821,48.5801],[-3.838,48.5765],[-3.8672,48.5402],[-3.8702,48.5172],[-3.899,48.4964],[-3.9315,48.4974]]}},{"type":"Feature","properties":{"t":"slow","v":60},"geometry":{"type":"LineString","coordinates":[[7.3245,47.7312],[7.3256,47.7395]]}},{"type":"Feature","properties":{"t":"slow","v":115},"geometry":{"type":"LineString","coordinates":[[6.3758,46.0592],[6.3897,46.062],[6.4189,46.0782],[6.4754,46.0741],[6.5044,46.0891],[6.5561,46.0787],[6.5827,46.0614]]}},{"type":"Feature","properties":{"t":"slow","v":40},"geometry":{"type":"LineString","coordinates":[[-0.2392,46.6408],[-0.2552,46.6341],[-0.2574,46.6171],[-0.2867,46.5903],[-0.2834,46.5713],[-0.3027,46.5493],[-0.3029,46.5358],[-0.3193,46.5266],[-0.311,46.5109],[-0.3362,46.4893],[-0.3376,46.4797],[-0.3553,46.4756],[-0.3697,46.4643],[-0.3791,46.4244],[-0.3921,46.4123],[-0.389,46.3972],[-0.4108,46.3807],[-0.4048,46.3677],[-0.4531,46.3208]]}},{"type":"Feature","properties":{"t":"slow","v":30},"geometry":{"type":"LineString","coordinates":[[4.2112,47.7311],[4.2172,47.7364]]}},{"type":"Feature","properties":{"t":"slow","v":40},"geometry":{"type":"LineString","coordinates":[[4.0933,48.268],[4.2465,48.3004],[4.323,48.3567],[4.4532,48.3599],[4.5129,48.373],[4.5315,48.3889]]}},{"type":"Feature","properties":{"t":"slow","v":90},"geometry":{"type":"LineString","coordinates":[[0.5783,43.0769],[0.5852,43.0727],[0.5909,43.0453],[0.6019,43.037],[0.6157,43.0127],[0.6294,42.9819],[0.6324,42.9601],[0.6471,42.9482],[0.6565,42.9244],[0.652,42.9155]]}},{"type":"Feature","properties":{"t":"fast","v":220},"geometry":{"type":"LineString","coordinates":[[-0.9043,48.072],[-0.8664,48.0854],[-0.8436,48.0861]]}},{"type":"Feature","properties":{"t":"slow","v":130},"geometry":{"type":"LineString","coordinates":[[7.5549,47.5903],[7.5713,47.5699]]}},{"type":"Feature","properties":{"t":"slow","v":20},"geometry":{"type":"LineString","coordinates":[[-0.5279,45.6966],[-0.5234,45.6986]]}},{"type":"Feature","properties":{"t":"slow","v":70},"geometry":{"type":"LineString","coordinates":[[5.572,43.297],[5.5782,43.3157],[5.5948,43.3268],[5.5988,43.3487],[5.61,43.3546],[5.6131,43.3642],[5.6033,43.3934],[5.5652,43.3967]]}},{"type":"Feature","properties":{"t":"slow","v":30},"geometry":{"type":"LineString","coordinates":[[2.3652,51.0337],[2.3611,51.0386],[2.3412,51.0413],[2.3217,51.0326]]}},{"type":"Feature","properties":{"t":"slow","v":70},"geometry":{"type":"LineString","coordinates":[[3.504,47.4503],[3.4997,47.4366],[3.5098,47.4307],[3.5174,47.4174],[3.5376,47.4133],[3.5564,47.3944],[3.5944,47.391],[3.5924,47.3829],[3.6202,47.3587],[3.6295,47.3395],[3.6534,47.3305],[3.6525,47.3163],[3.6606,47.2962],[3.6589,47.2727],[3.6772,47.2549]]}},{"type":"Feature","properties":{"t":"slow","v":50},"geometry":{"type":"LineString","coordinates":[[7.5447,48.8425],[7.561,48.8427]]}},{"type":"Feature","properties":{"t":"slow","v":40},"geometry":{"type":"LineString","coordinates":[[5.1709,49.4934],[5.1545,49.5114],[5.1604,49.5346],[5.1558,49.5449],[5.1398,49.5489],[5.1059,49.5307],[5.0924,49.5315],[5.0844,49.5419],[5.0894,49.5551],[5.0669,49.5554],[5.0613,49.5611],[5.0897,49.5868],[5.0896,49.5932],[5.0325,49.6161],[5.0321,49.6295],[5.0227,49.6443],[4.9604,49.6683]]}},{"type":"Feature","properties":{"t":"slow","v":90},"geometry":{"type":"LineString","coordinates":[[2.7294,48.7448],[2.7594,48.7393]]}},{"type":"Feature","properties":{"t":"fast","v":160},"geometry":{"type":"LineString","coordinates":[[2.5481,48.6672],[2.5685,48.6324],[2.5957,48.5629],[2.63,48.5361],[2.6533,48.5279]]}},{"type":"Feature","properties":{"t":"slow","v":60},"geometry":{"type":"LineString","coordinates":[[4.7967,45.6006],[4.7908,45.5914],[4.7851,45.5928]]}},{"type":"Feature","properties":{"t":"slow","v":110},"geometry":{"type":"LineString","coordinates":[[2.1512,48.8065],[2.1349,48.8097]]}},{"type":"Feature","properties":{"t":"slow","v":140},"geometry":{"type":"LineString","coordinates":[[2.3943,47.0946],[2.4951,47.0952],[2.5694,47.0552],[2.6066,47.0404],[2.6581,47.0341],[2.7074,47.0203],[2.7556,46.9977],[2.819,47.001],[2.8266,46.9952],[2.8242,46.982],[2.8294,46.9762],[2.9461,46.9483],[2.9729,46.9346],[3.0124,46.9306],[3.056,46.9371],[3.0716,46.9316]]}},{"type":"Feature","properties":{"t":"slow","v":75},"geometry":{"type":"LineString","coordinates":[[6.1622,47.2002],[6.1828,47.2019],[6.2015,47.1927],[6.2002,47.1802],[6.213,47.1691]]}},{"type":"Feature","properties":{"t":"slow","v":40},"geometry":{"type":"LineString","coordinates":[[3.5026,47.4491],[3.4708,47.4544],[3.4547,47.4647],[3.4473,47.4779],[3.4231,47.4844],[3.3967,47.5018],[3.3781,47.5054],[3.2843,47.4864],[3.2597,47.4634]]}},{"type":"Feature","properties":{"t":"slow","v":80},"geometry":{"type":"LineString","coordinates":[[1.158,44.835],[1.1689,44.8381],[1.171,44.8449],[1.1955,44.8611],[1.207,44.8774],[1.22,44.877]]}},{"type":"Feature","properties":{"t":"slow","v":100},"geometry":{"type":"LineString","coordinates":[[0.6938,47.3895],[0.7028,47.381],[0.7037,47.3738]]}},{"type":"Feature","properties":{"t":"slow","v":90},"geometry":{"type":"LineString","coordinates":[[1.6675,44.948],[1.6613,44.9385],[1.661,44.9212],[1.6525,44.9153],[1.6571,44.9087],[1.6547,44.9012],[1.648,44.8962],[1.6339,44.8993],[1.6296,44.8944],[1.644,44.8792],[1.6601,44.8786]]}},{"type":"Feature","properties":{"t":"slow","v":60},"geometry":{"type":"LineString","coordinates":[[2.2877,48.8538],[2.2757,48.8559],[2.2729,48.8673],[2.3031,48.8893],[2.3233,48.8963],[2.319,48.9121]]}},{"type":"Feature","properties":{"t":"slow","v":150},"geometry":{"type":"LineString","coordinates":[[0.8469,48.3817],[0.8442,48.3639],[0.8055,48.3205],[0.6958,48.2677]]}},{"type":"Feature","properties":{"t":"fast","v":160},"geometry":{"type":"LineString","coordinates":[[2.642,48.8753],[2.7482,48.8852],[2.7661,48.8997],[2.7963,48.8997],[2.8363,48.9106],[2.856,48.9319]]}},{"type":"Feature","properties":{"t":"slow","v":90},"geometry":{"type":"LineString","coordinates":[[5.898,46.1188],[5.9271,46.112],[5.9375,46.1144],[5.9502,46.1083],[5.967,46.1094]]}},{"type":"Feature","properties":{"t":"slow","v":40},"geometry":{"type":"LineString","coordinates":[[3.9305,50.2751],[3.9351,50.2726]]}},{"type":"Feature","properties":{"t":"slow","v":120},"geometry":{"type":"LineString","coordinates":[[5.8284,46.8959],[5.8385,46.8881],[5.8695,46.886],[5.8934,46.8779],[5.8988,46.8615],[5.9061,46.8572],[5.9459,46.8647],[5.971,46.8613],[5.9779,46.8529],[5.9984,46.8488]]}},{"type":"Feature","properties":{"t":"slow","v":130},"geometry":{"type":"LineString","coordinates":[[2.2919,48.8182],[2.2747,48.8141]]}},{"type":"Feature","properties":{"t":"slow","v":140},"geometry":{"type":"LineString","coordinates":[[-0.3707,43.2917],[-0.3917,43.2965],[-0.5157,43.376],[-0.539,43.3855],[-0.5563,43.3861],[-0.5967,43.4051],[-0.6457,43.4195],[-0.679,43.4482]]}},{"type":"Feature","properties":{"t":"slow","v":100},"geometry":{"type":"LineString","coordinates":[[6.1218,45.9022],[6.1259,45.9056],[6.1255,45.9262],[6.1297,45.9318],[6.1235,45.9425],[6.1529,45.9447],[6.16,45.9566],[6.1576,45.9681]]}},{"type":"Feature","properties":{"t":"slow","v":140},"geometry":{"type":"LineString","coordinates":[[2.494,48.9322],[2.5348,48.9363]]}},{"type":"Feature","properties":{"t":"slow","v":60},"geometry":{"type":"LineString","coordinates":[[-2.7738,48.5082],[-2.797,48.4826],[-2.803,48.4608],[-2.8131,48.4555],[-2.8095,48.4456],[-2.8128,48.4391],[-2.8222,48.4353]]}},{"type":"Feature","properties":{"t":"fast","v":220},"geometry":{"type":"LineString","coordinates":[[-0.6945,48.0931],[-0.7045,48.0968]]}},{"type":"Feature","properties":{"t":"slow","v":70},"geometry":{"type":"LineString","coordinates":[[5.3933,43.3153],[5.4022,43.3064]]}},{"type":"Feature","properties":{"t":"fast","v":230},"geometry":{"type":"LineString","coordinates":[[5.3522,47.2188],[5.3623,47.2209]]}},{"type":"Feature","properties":{"t":"slow","v":120},"geometry":{"type":"LineString","coordinates":[[2.9673,48.9681],[2.9839,48.9884],[3.0106,48.9998],[3.0231,49.0168],[3.0516,49.0336],[3.0666,49.0843],[3.0588,49.1043],[3.0734,49.1247],[3.0766,49.1401],[3.0938,49.1628],[3.1208,49.1796]]}},{"type":"Feature","properties":{"t":"lgv","v":270},"geometry":{"type":"LineString","coordinates":[[0.8246,47.4142],[0.8107,47.4045]]}},{"type":"Feature","properties":{"t":"fast","v":160},"geometry":{"type":"LineString","coordinates":[[2.858,48.6286],[2.8941,48.6113],[2.9743,48.5879],[3.0161,48.5597],[3.0702,48.5542],[3.1587,48.534],[3.1967,48.5362],[3.2201,48.5283]]}},{"type":"Feature","properties":{"t":"slow","v":30},"geometry":{"type":"LineString","coordinates":[[1.2083,47.6999],[1.2514,47.6677],[1.2863,47.653],[1.2971,47.6262],[1.3236,47.6008],[1.3242,47.5946]]}},{"type":"Feature","properties":{"t":"slow","v":130},"geometry":{"type":"LineString","coordinates":[[7.3132,48.7199],[7.3316,48.7271],[7.352,48.7424],[7.3835,48.7523]]}},{"type":"Feature","properties":{"t":"lgv","v":300},"geometry":{"type":"LineString","coordinates":[[0.8107,47.4045],[0.79,47.3852]]}},{"type":"Feature","properties":{"t":"slow","v":60},"geometry":{"type":"LineString","coordinates":[[5.9347,49.0005],[5.94,49.005],[5.9344,49.0094]]}},{"type":"Feature","properties":{"t":"slow","v":80},"geometry":{"type":"LineString","coordinates":[[2.4023,44.2011],[2.4116,44.1986],[2.4171,44.2059],[2.4084,44.2186],[2.4181,44.2324],[2.4116,44.2499],[2.4244,44.2569],[2.4276,44.2703],[2.4675,44.2721],[2.4771,44.2819],[2.5362,44.284],[2.5529,44.2893],[2.5541,44.318],[2.5647,44.3295],[2.56,44.334],[2.5624,44.3398],[2.5581,44.3526],[2.566,44.3572],[2.5684,44.3658],[2.5751,44.3653]]}},{"type":"Feature","properties":{"t":"slow","v":140},"geometry":{"type":"LineString","coordinates":[[2.1257,50.9786],[2.1087,50.9781],[1.9981,50.948],[1.8915,50.9447],[1.8576,50.9352]]}},{"type":"Feature","properties":{"t":"slow","v":90},"geometry":{"type":"LineString","coordinates":[[6.2382,46.2005],[6.2652,46.2097]]}},{"type":"Feature","properties":{"t":"slow","v":100},"geometry":{"type":"LineString","coordinates":[[-0.8643,46.742],[-0.7571,46.761],[-0.7464,46.7705],[-0.7404,46.787],[-0.7254,46.7928],[-0.7153,46.8033],[-0.6954,46.8067],[-0.6808,46.8164],[-0.5864,46.8265],[-0.5464,46.8185],[-0.5059,46.8247],[-0.4972,46.8315],[-0.4922,46.8491],[-0.4778,46.8497],[-0.4664,46.8572],[-0.4267,46.8662],[-0.3847,46.8712],[-0.294,46.9187],[-0.2753,46.922],[-0.2455,46.9622]]}},{"type":"Feature","properties":{"t":"slow","v":120},"geometry":{"type":"LineString","coordinates":[[4.7474,49.7481],[4.7844,49.7319],[4.7843,49.7057],[4.7948,49.6971],[4.8483,49.7013],[4.8803,49.6982],[4.9061,49.7043],[4.9327,49.6936],[4.9485,49.6729],[4.9631,49.6675],[4.9987,49.6725],[5.0531,49.6698],[5.0727,49.6748],[5.1292,49.6687],[5.1379,49.6622],[5.149,49.6398],[5.1976,49.6146],[5.2308,49.6118],[5.2618,49.5877],[5.2609,49.5805],[5.2374,49.5692],[5.2331,49.5503],[5.2651,49.5245],[5.2884,49.529],[5.3088,49.5168],[5.3364,49.5275],[5.4363,49.5184],[5.4608,49.5069],[5.4683,49.496],[5.536,49.477],[5.5424,49.4634],[5.5647,49.4514],[5.5976,49.4497],[5.6044,49.4452]]}},{"type":"Feature","properties":{"t":"slow","v":100},"geometry":{"type":"LineString","coordinates":[[1.4643,48.4439],[1.455,48.4412],[1.4476,48.4299],[1.3834,48.4153],[1.353,48.3978],[1.3197,48.3611],[1.2941,48.3467],[1.2521,48.3064],[1.2269,48.2994],[1.2067,48.2821],[1.1826,48.2295],[1.1674,48.2236],[1.16,48.2149],[1.1444,48.1611],[1.1517,48.1431],[1.1222,48.0925],[1.1257,48.0748]]}},{"type":"Feature","properties":{"t":"slow","v":150},"geometry":{"type":"LineString","coordinates":[[6.0383,45.5047],[6.0734,45.5092],[6.098,45.5227],[6.1201,45.5478]]}},{"type":"Feature","properties":{"t":"fast","v":160},"geometry":{"type":"LineString","coordinates":[[4.977,44.9947],[4.9702,44.9848]]}},{"type":"Feature","properties":{"t":"slow","v":105},"geometry":{"type":"LineString","coordinates":[[5.7755,44.3432],[5.7924,44.3257],[5.8275,44.3156],[5.8483,44.3016],[5.8435,44.289],[5.8547,44.2682]]}},{"type":"Feature","properties":{"t":"fast","v":160},"geometry":{"type":"LineString","coordinates":[[2.7644,50.2444],[2.7652,50.2539]]}},{"type":"Feature","properties":{"t":"fast","v":220},"geometry":{"type":"LineString","coordinates":[[2.5726,48.6233],[2.591,48.6083]]}},{"type":"Feature","properties":{"t":"slow","v":130},"geometry":{"type":"LineString","coordinates":[[6.364,48.0421],[6.3352,48.0302],[6.3127,48.008],[6.3105,47.9942],[6.2537,47.9463],[6.2567,47.9408],[6.2685,47.9375],[6.2912,47.9431],[6.3098,47.9286],[6.3363,47.9218],[6.3368,47.914]]}},{"type":"Feature","properties":{"t":"slow","v":100},"geometry":{"type":"LineString","coordinates":[[5.613,49.4406],[5.6637,49.421],[5.6603,49.4036],[5.6657,49.3961],[5.6553,49.3871],[5.66,49.3714],[5.6556,49.3533],[5.6761,49.3208],[5.6795,49.3019],[5.6979,49.2928],[5.7001,49.2834],[5.7069,49.2791]]}},{"type":"Feature","properties":{"t":"slow","v":40},"geometry":{"type":"LineString","coordinates":[[1.6179,48.2729],[1.6156,48.2689],[1.6714,48.1816],[1.6717,48.1677],[1.68,48.157],[1.6784,48.1486],[1.6878,48.1164],[1.7006,48.0887],[1.6999,48.0494]]}},{"type":"Feature","properties":{"t":"fast","v":160},"geometry":{"type":"LineString","coordinates":[[6.4206,48.9587],[6.4446,48.9703],[6.4519,48.9933],[6.4635,48.9993]]}},{"type":"Feature","properties":{"t":"slow","v":140},"geometry":{"type":"LineString","coordinates":[[4.3478,48.9567],[4.3267,48.968],[4.3261,48.9843]]}},{"type":"Feature","properties":{"t":"slow","v":60},"geometry":{"type":"LineString","coordinates":[[3.4697,50.0605],[3.4611,50.0589],[3.458,50.0632]]}},{"type":"Feature","properties":{"t":"slow","v":110},"geometry":{"type":"LineString","coordinates":[[5.9114,46.8158],[5.9003,46.8019],[5.8925,46.7806],[5.906,46.7522],[5.9184,46.7448],[5.9273,46.7244]]}},{"type":"Feature","properties":{"t":"slow","v":30},"geometry":{"type":"LineString","coordinates":[[-0.2298,46.9812],[-0.2243,46.9865],[-0.2105,46.9853]]}},{"type":"Feature","properties":{"t":"slow","v":90},"geometry":{"type":"LineString","coordinates":[[5.7938,46.9346],[5.7887,46.9182],[5.7992,46.9094],[5.8115,46.9073],[5.8129,46.8968],[5.8284,46.8959]]}},{"type":"Feature","properties":{"t":"slow","v":140},"geometry":{"type":"LineString","coordinates":[[0.3893,46.5339],[0.4118,46.5261]]}},{"type":"Feature","properties":{"t":"fast","v":230},"geometry":{"type":"LineString","coordinates":[[0.1085,45.8463],[0.114,45.8633]]}},{"type":"Feature","properties":{"t":"fast","v":220},"geometry":{"type":"LineString","coordinates":[[4.4989,43.8114],[4.4598,43.7911],[4.3931,43.7794],[4.2855,43.7292],[4.2156,43.7083],[4.1312,43.7027],[4.0848,43.6908],[4.0522,43.6711],[4.0145,43.6358],[3.8648,43.566]]}},{"type":"Feature","properties":{"t":"slow","v":80},"geometry":{"type":"LineString","coordinates":[[2.4911,46.0205],[2.4704,45.9854],[2.4884,45.9653],[2.4803,45.9467],[2.4891,45.9367],[2.4912,45.9164],[2.4875,45.9094],[2.4942,45.8921],[2.4896,45.8553],[2.4953,45.8482],[2.4885,45.8336],[2.4912,45.824],[2.4847,45.8209],[2.4722,45.7957],[2.4744,45.7479],[2.4687,45.7338],[2.4735,45.7275],[2.474,45.7197],[2.4692,45.7156],[2.4724,45.7087],[2.4577,45.6968],[2.4499,45.6835],[2.4715,45.652],[2.469,45.6468],[2.4607,45.6452]]}},{"type":"Feature","properties":{"t":"slow","v":110},"geometry":{"type":"LineString","coordinates":[[1.1071,49.4252],[1.1213,49.4387],[1.0942,49.4492]]}},{"type":"Feature","properties":{"t":"slow","v":30},"geometry":{"type":"LineString","coordinates":[[-0.6062,44.8722],[-0.5971,44.8735]]}},{"type":"Feature","properties":{"t":"fast","v":160},"geometry":{"type":"LineString","coordinates":[[2.4469,48.7677],[2.4666,48.7615],[2.4728,48.7484],[2.4871,48.736],[2.5453,48.7256],[2.5553,48.7193]]}},{"type":"Feature","properties":{"t":"slow","v":120},"geometry":{"type":"LineString","coordinates":[[-0.8553,43.5084],[-0.8739,43.5073],[-0.8861,43.5202],[-0.9112,43.5246]]}},{"type":"Feature","properties":{"t":"slow","v":140},"geometry":{"type":"LineString","coordinates":[[4.8147,45.1845],[4.8222,45.1665],[4.8332,45.1575],[4.818,45.1363],[4.8207,45.1228],[4.8363,45.0979],[4.8305,45.0764],[4.8532,45.0692],[4.8655,45.0604],[4.866,45.0536]]}},{"type":"Feature","properties":{"t":"slow","v":90},"geometry":{"type":"LineString","coordinates":[[3.2037,45.3303],[3.2042,45.3459],[3.2126,45.3618],[3.2257,45.3735],[3.2468,45.3723],[3.254,45.3797],[3.2686,45.3829]]}},{"type":"Feature","properties":{"t":"fast","v":190},"geometry":{"type":"LineString","coordinates":[[0.1362,45.6421],[0.1089,45.6199],[0.0946,45.5883],[0.0981,45.5783],[0.1211,45.5591],[0.1252,45.5312],[0.1296,45.5265]]}},{"type":"Feature","properties":{"t":"slow","v":100},"geometry":{"type":"LineString","coordinates":[[5.257,43.3401],[5.299,43.3629],[5.3214,43.3638]]}},{"type":"Feature","properties":{"t":"slow","v":70},"geometry":{"type":"LineString","coordinates":[[5.938,46.7109],[5.9372,46.6874],[5.9282,46.6825],[5.933,46.6702],[5.9469,46.6585],[5.9352,46.6337],[5.9575,46.6175],[5.9614,46.605]]}},{"type":"Feature","properties":{"t":"slow","v":150},"geometry":{"type":"LineString","coordinates":[[6.0733,48.8509],[6.0755,48.8609],[6.0399,48.9176],[6.0422,48.9425],[6.0299,48.9745]]}},{"type":"Feature","properties":{"t":"slow","v":110},"geometry":{"type":"LineString","coordinates":[[2.2703,46.3213],[2.2399,46.2628],[2.1773,46.2213],[2.1736,46.1862],[2.1556,46.1767],[2.1387,46.1587],[2.1392,46.1505],[2.129,46.134],[2.1077,46.1256],[2.0795,46.1294],[2.0557,46.122],[2.0238,46.123]]}},{"type":"Feature","properties":{"t":"slow","v":95},"geometry":{"type":"LineString","coordinates":[[3.3027,45.4525],[3.3333,45.4326],[3.3351,45.4181],[3.3257,45.4101]]}},{"type":"Feature","properties":{"t":"slow","v":30},"geometry":{"type":"LineString","coordinates":[[1.2806,45.8442],[1.2675,45.8406],[1.2545,45.8432]]}},{"type":"Feature","properties":{"t":"slow","v":150},"geometry":{"type":"LineString","coordinates":[[0.2057,49.1308],[0.1875,49.1225],[0.1682,49.12],[0.0892,49.1231],[0.0781,49.1191],[0.0682,49.105]]}},{"type":"Feature","properties":{"t":"slow","v":30},"geometry":{"type":"LineString","coordinates":[[-0.8697,47.0658],[-0.8493,47.0604]]}},{"type":"Feature","properties":{"t":"fast","v":160},"geometry":{"type":"LineString","coordinates":[[4.8929,44.9268],[4.877,44.8914],[4.854,44.8081],[4.8286,44.7778],[4.816,44.7532],[4.7885,44.7393],[4.7811,44.7307],[4.7928,44.6681],[4.756,44.6152],[4.7503,44.5769],[4.7365,44.5342],[4.7182,44.491],[4.7017,44.4777],[4.7008,44.4499],[4.7053,44.4421]]}},{"type":"Feature","properties":{"t":"slow","v":60},"geometry":{"type":"LineString","coordinates":[[-0.539,45.5781],[-0.5457,45.5551],[-0.5365,45.5426],[-0.542,45.533],[-0.5274,45.5231],[-0.5224,45.4967],[-0.5084,45.4886],[-0.4865,45.4607],[-0.4498,45.4412],[-0.422,45.4325],[-0.3942,45.4117]]}},{"type":"Feature","properties":{"t":"slow","v":50},"geometry":{"type":"LineString","coordinates":[[6.7006,45.9064],[6.7199,45.9263]]}},{"type":"Feature","properties":{"t":"slow","v":60},"geometry":{"type":"LineString","coordinates":[[2.2282,48.8974],[2.2361,48.8903]]}},{"type":"Feature","properties":{"t":"slow","v":60},"geometry":{"type":"LineString","coordinates":[[4.7391,46.9178],[4.7507,46.9038]]}},{"type":"Feature","properties":{"t":"slow","v":140},"geometry":{"type":"LineString","coordinates":[[7.3144,47.7199],[7.3283,47.7349],[7.3449,47.7429]]}},{"type":"Feature","properties":{"t":"slow","v":90},"geometry":{"type":"LineString","coordinates":[[6.213,47.1691],[6.2706,47.156]]}},{"type":"Feature","properties":{"t":"slow","v":120},"geometry":{"type":"LineString","coordinates":[[5.0274,47.323],[5.0315,47.3194],[5.0306,47.3064]]}},{"type":"Feature","properties":{"t":"fast","v":160},"geometry":{"type":"LineString","coordinates":[[-1.9514,47.3585],[-1.9621,47.3605],[-1.9983,47.3538],[-2.0178,47.3328],[-2.0375,47.322],[-2.0796,47.3116],[-2.0869,47.3134]]}},{"type":"Feature","properties":{"t":"slow","v":30},"geometry":{"type":"LineString","coordinates":[[-1.4911,47.2774],[-1.5184,47.2266]]}},{"type":"Feature","properties":{"t":"slow","v":30},"geometry":{"type":"LineString","coordinates":[[4.9856,44.7355],[4.979,44.7337],[4.9634,44.7408]]}},{"type":"Feature","properties":{"t":"slow","v":120},"geometry":{"type":"LineString","coordinates":[[2.5188,50.7282],[2.4558,50.7362],[2.4233,50.7303],[2.3635,50.7323]]}},{"type":"Feature","properties":{"t":"slow","v":75},"geometry":{"type":"LineString","coordinates":[[7.0361,49.006],[7.0362,49.0061]]}},{"type":"Feature","properties":{"t":"fast","v":220},"geometry":{"type":"LineString","coordinates":[[-3.0002,48.5393],[-3.1198,48.5572],[-3.1422,48.5557]]}},{"type":"Feature","properties":{"t":"slow","v":90},"geometry":{"type":"LineString","coordinates":[[6.8986,47.5868],[6.912,47.5864],[6.93,47.5727],[6.9258,47.5638],[6.9279,47.5515],[6.9445,47.5479]]}},{"type":"Feature","properties":{"t":"slow","v":110},"geometry":{"type":"LineString","coordinates":[[4.2756,45.5115],[4.2791,45.5105]]}},{"type":"Feature","properties":{"t":"slow","v":100},"geometry":{"type":"LineString","coordinates":[[2.8355,49.1986],[2.8456,49.2074],[2.8581,49.2323],[2.8585,49.2555],[2.8469,49.2819]]}},{"type":"Feature","properties":{"t":"fast","v":160},"geometry":{"type":"LineString","coordinates":[[5.4883,47.0965],[5.5255,47.1],[5.5778,47.0742],[5.5982,47.0516],[5.6586,47.0292],[5.7653,47.0339],[5.7766,47.0304]]}},{"type":"Feature","properties":{"t":"slow","v":110},"geometry":{"type":"LineString","coordinates":[[2.1219,49.0541],[2.1231,49.0554]]}},{"type":"Feature","properties":{"t":"slow","v":55},"geometry":{"type":"LineString","coordinates":[[1.9317,44.9512],[1.9511,44.9544],[1.9901,44.9762],[2.0446,44.9825],[2.059,44.9744],[2.0866,44.984],[2.098,44.9844],[2.1031,44.9799],[2.124,44.9855],[2.141,44.983],[2.1462,44.9738],[2.1634,44.9757],[2.1749,44.9662],[2.1836,44.9683],[2.1981,44.959],[2.2324,44.9524]]}},{"type":"Feature","properties":{"t":"fast","v":160},"geometry":{"type":"LineString","coordinates":[[5.1344,43.5308],[5.1908,43.4934]]}},{"type":"Feature","properties":{"t":"slow","v":60},"geometry":{"type":"LineString","coordinates":[[2.2073,50.9982],[2.158,50.9987]]}},{"type":"Feature","properties":{"t":"fast","v":160},"geometry":{"type":"LineString","coordinates":[[2.8566,48.6293],[2.858,48.6286]]}},{"type":"Feature","properties":{"t":"slow","v":150},"geometry":{"type":"LineString","coordinates":[[-2.6717,48.4734],[-2.7008,48.4791],[-2.764,48.5071]]}},{"type":"Feature","properties":{"t":"slow","v":60},"geometry":{"type":"LineString","coordinates":[[2.4459,48.7566],[2.4436,48.7519]]}},{"type":"Feature","properties":{"t":"slow","v":120},"geometry":{"type":"LineString","coordinates":[[-1.0282,46.2909],[-1.0505,46.2317]]}},{"type":"Feature","properties":{"t":"slow","v":100},"geometry":{"type":"LineString","coordinates":[[2.292,48.901],[2.2767,48.9099]]}},{"type":"Feature","properties":{"t":"slow","v":120},"geometry":{"type":"LineString","coordinates":[[6.3089,48.4219],[6.2986,48.383],[6.3085,48.3737]]}},{"type":"Feature","properties":{"t":"slow","v":140},"geometry":{"type":"LineString","coordinates":[[6.3649,48.3236],[6.3798,48.3165],[6.3962,48.2969],[6.4006,48.2636],[6.4223,48.2357],[6.4414,48.1779]]}},{"type":"Feature","properties":{"t":"slow","v":30},"geometry":{"type":"LineString","coordinates":[[2.3653,48.746],[2.3533,48.7581]]}},{"type":"Feature","properties":{"t":"slow","v":150},"geometry":{"type":"LineString","coordinates":[[-0.1302,45.0377],[-0.0773,45.0313],[-0.0593,45.0264],[-0.0494,45.0161],[-0.0381,45.0133]]}},{"type":"Feature","properties":{"t":"slow","v":100},"geometry":{"type":"LineString","coordinates":[[-0.9275,47.0418],[-0.89,47.0723],[-0.8806,47.0724],[-0.8695,47.0657]]}},{"type":"Feature","properties":{"t":"slow","v":30},"geometry":{"type":"LineString","coordinates":[[4.797,43.4114],[4.7939,43.4064],[4.8005,43.4014]]}},{"type":"Feature","properties":{"t":"slow","v":30},"geometry":{"type":"LineString","coordinates":[[7.361,48.0568],[7.3808,48.0159],[7.3962,48.0025],[7.3832,47.9528]]}},{"type":"Feature","properties":{"t":"fast","v":170},"geometry":{"type":"LineString","coordinates":[[4.3668,49.0687],[4.3715,49.0668]]}},{"type":"Feature","properties":{"t":"slow","v":75},"geometry":{"type":"LineString","coordinates":[[2.6657,45.0044],[2.6933,45.0197],[2.7124,45.0402],[2.7262,45.0756],[2.7606,45.093],[2.7693,45.102],[2.809,45.1125],[2.8533,45.0995],[2.8667,45.1088]]}},{"type":"Feature","properties":{"t":"slow","v":120},"geometry":{"type":"LineString","coordinates":[[5.7069,49.2791],[5.7287,49.2625],[5.7538,49.2527],[5.7607,49.2425],[5.7828,49.2279],[5.7978,49.2262],[5.8196,49.2156],[5.8479,49.1919],[5.8586,49.1701],[5.868,49.1665]]}},{"type":"Feature","properties":{"t":"slow","v":140},"geometry":{"type":"LineString","coordinates":[[3.2522,45.5636],[3.2636,45.5115],[3.2595,45.4749]]}},{"type":"Feature","properties":{"t":"slow","v":110},"geometry":{"type":"LineString","coordinates":[[6.4519,45.6143],[6.4483,45.5952],[6.4686,45.5601],[6.4691,45.5381],[6.4874,45.5146],[6.499,45.5118],[6.5313,45.4866]]}},{"type":"Feature","properties":{"t":"slow","v":105},"geometry":{"type":"LineString","coordinates":[[3.229,43.3342],[3.2365,43.3337],[3.2468,43.3505],[3.2289,43.3895],[3.2292,43.3978],[3.2338,43.4115],[3.2433,43.4162],[3.254,43.4388],[3.2419,43.4592],[3.2144,43.4853],[3.2145,43.5124],[3.2078,43.5203]]}},{"type":"Feature","properties":{"t":"slow","v":105},"geometry":{"type":"LineString","coordinates":[[2.0238,46.123],[1.9886,46.121],[1.9497,46.1385],[1.9404,46.1358]]}},{"type":"Feature","properties":{"t":"slow","v":90},"geometry":{"type":"LineString","coordinates":[[-1.5753,47.9852],[-1.5946,48.0126],[-1.5966,48.047]]}},{"type":"Feature","properties":{"t":"slow","v":110},"geometry":{"type":"LineString","coordinates":[[1.4439,45.6287],[1.5275,45.5847],[1.5472,45.5627]]}},{"type":"Feature","properties":{"t":"slow","v":95},"geometry":{"type":"LineString","coordinates":[[6.5879,44.8573],[6.622,44.8762],[6.6337,44.8925]]}},{"type":"Feature","properties":{"t":"fast","v":220},"geometry":{"type":"LineString","coordinates":[[4.8771,45.8936],[4.8812,45.8828]]}},{"type":"Feature","properties":{"t":"slow","v":100},"geometry":{"type":"LineString","coordinates":[[2.0771,48.8026],[2.0825,48.83],[2.0585,48.8432],[2.0477,48.8566],[2.052,48.8696],[2.0676,48.8715],[2.0792,48.881],[2.0699,48.8932],[2.0731,48.9086]]}},{"type":"Feature","properties":{"t":"slow","v":70},"geometry":{"type":"LineString","coordinates":[[2.2963,44.9164],[2.2971,44.9162]]}},{"type":"Feature","properties":{"t":"slow","v":60},"geometry":{"type":"LineString","coordinates":[[2.4723,48.8949],[2.4729,48.8937]]}},{"type":"Feature","properties":{"t":"slow","v":70},"geometry":{"type":"LineString","coordinates":[[5.8171,48.6757],[5.8286,48.6769],[5.8388,48.6659]]}},{"type":"Feature","properties":{"t":"slow","v":80},"geometry":{"type":"LineString","coordinates":[[3.8942,45.0437],[3.9071,45.0536],[3.9083,45.0624],[3.897,45.0721],[3.9094,45.0785],[3.9127,45.0908],[3.8999,45.0945],[3.8949,45.1099],[3.8996,45.1205],[3.9169,45.1244],[3.9185,45.1287]]}},{"type":"Feature","properties":{"t":"slow","v":80},"geometry":{"type":"LineString","coordinates":[[1.0066,44.7439],[1.0022,44.7188],[1.0042,44.7082],[1.0135,44.7034],[1.0187,44.6903],[1.0217,44.6765],[1.0179,44.6592],[1.0267,44.654],[1.0505,44.6228],[1.0408,44.6104],[1.0076,44.5862],[0.9584,44.5718],[0.9365,44.518],[0.9431,44.4879]]}},{"type":"Feature","properties":{"t":"slow","v":60},"geometry":{"type":"LineString","coordinates":[[4.7805,44.7949],[4.7771,44.7978]]}},{"type":"Feature","properties":{"t":"fast","v":160},"geometry":{"type":"LineString","coordinates":[[7.3081,47.7469],[7.3307,47.737],[7.3437,47.7424]]}},{"type":"Feature","properties":{"t":"slow","v":30},"geometry":{"type":"LineString","coordinates":[[6.1905,43.2983],[6.197,43.3023],[6.1863,43.3119],[6.1719,43.3392],[6.1363,43.3405],[6.1215,43.3471],[6.099,43.3416],[6.0876,43.347],[6.0978,43.3734],[6.0461,43.3867],[6.0477,43.398],[6.0569,43.4019],[6.0526,43.4095],[5.9945,43.403],[5.9784,43.4084],[5.9455,43.4096],[5.9227,43.4056],[5.9149,43.4163],[5.8975,43.4231],[5.8896,43.439],[5.827,43.4581],[5.8216,43.4651],[5.8038,43.464],[5.777,43.4738],[5.767,43.4683],[5.7233,43.4639],[5.7167,43.4569],[5.691,43.449],[5.5937,43.4696],[5.5095,43.4733],[5.4721,43.4684],[5.4665,43.4603]]}},{"type":"Feature","properties":{"t":"slow","v":30},"geometry":{"type":"LineString","coordinates":[[2.3092,48.8918],[2.3187,48.8951]]}},{"type":"Feature","properties":{"t":"slow","v":90},"geometry":{"type":"LineString","coordinates":[[2.3424,48.9431],[2.3036,48.9752],[2.28,48.9806]]}},{"type":"Feature","properties":{"t":"slow","v":60},"geometry":{"type":"LineString","coordinates":[[5.9065,49.3604],[5.9022,49.3658]]}},{"type":"Feature","properties":{"t":"slow","v":110},"geometry":{"type":"LineString","coordinates":[[3.2686,45.3829],[3.3007,45.3604],[3.3089,45.3618]]}},{"type":"Feature","properties":{"t":"slow","v":140},"geometry":{"type":"LineString","coordinates":[[7.281,47.7565],[7.1739,47.8017]]}},{"type":"Feature","properties":{"t":"slow","v":85},"geometry":{"type":"LineString","coordinates":[[0.7215,47.2917],[0.7284,47.2891],[0.7455,47.2936],[0.8147,47.2723],[0.8243,47.2627],[0.8396,47.2615],[0.8683,47.2374],[0.9827,47.1714],[1.0,47.1502],[1.0013,47.1287]]}},{"type":"Feature","properties":{"t":"slow","v":30},"geometry":{"type":"LineString","coordinates":[[5.148,46.8695],[5.16,46.8694]]}},{"type":"Feature","properties":{"t":"slow","v":110},"geometry":{"type":"LineString","coordinates":[[3.7275,47.6619],[3.7336,47.6593],[3.7358,47.6486],[3.7455,47.637],[3.7467,47.6205]]}},{"type":"Feature","properties":{"t":"slow","v":30},"geometry":{"type":"LineString","coordinates":[[7.0847,48.9352],[7.085,48.9359]]}},{"type":"Feature","properties":{"t":"slow","v":30},"geometry":{"type":"LineString","coordinates":[[0.7365,49.1024],[0.722,49.1149]]}},{"type":"Feature","properties":{"t":"slow","v":140},"geometry":{"type":"LineString","coordinates":[[2.3636,50.7323],[2.3435,50.7339],[2.3169,50.7454],[2.2589,50.7573],[2.1964,50.8418],[2.1585,50.8618],[1.9834,50.8884],[1.8752,50.9218],[1.8576,50.9352]]}},{"type":"Feature","properties":{"t":"slow","v":60},"geometry":{"type":"LineString","coordinates":[[2.3198,48.8406],[2.3118,48.8339]]}},{"type":"Feature","properties":{"t":"lgv","v":270},"geometry":{"type":"LineString","coordinates":[[-1.5506,48.095],[-1.5865,48.1084]]}},{"type":"Feature","properties":{"t":"slow","v":140},"geometry":{"type":"LineString","coordinates":[[2.445,48.7269],[2.445,48.7186],[2.461,48.7089],[2.4931,48.7065],[2.5055,48.7005]]}},{"type":"Feature","properties":{"t":"slow","v":95},"geometry":{"type":"LineString","coordinates":[[4.0621,46.0413],[4.0669,46.0316],[4.0871,46.0218],[4.0704,46.0106],[4.0699,46.0049],[4.1023,45.9723],[4.1049,45.9605],[4.124,45.9512],[4.1233,45.9414],[4.1141,45.9279],[4.1179,45.9142],[4.1297,45.9054],[4.1303,45.8923],[4.1233,45.8783],[4.1367,45.8676],[4.1382,45.8602],[4.1528,45.8524],[4.1486,45.8427],[4.1515,45.8354],[4.1705,45.8299],[4.1855,45.8192]]}},{"type":"Feature","properties":{"t":"slow","v":110},"geometry":{"type":"LineString","coordinates":[[2.272,48.914],[2.2595,48.9239],[2.2629,48.939],[2.2544,48.9533],[2.2427,48.9548]]}},{"type":"Feature","properties":{"t":"slow","v":80},"geometry":{"type":"LineString","coordinates":[[0.7057,49.7587],[0.7041,49.7636]]}},{"type":"Feature","properties":{"t":"slow","v":100},"geometry":{"type":"LineString","coordinates":[[4.7184,45.8591],[4.7245,45.864],[4.7316,45.8613],[4.7357,45.8566],[4.733,45.8411],[4.7495,45.8355],[4.7603,45.8248],[4.7627,45.8112],[4.7594,45.7932],[4.7533,45.7864],[4.7527,45.7651],[4.7589,45.7617]]}},{"type":"Feature","properties":{"t":"slow","v":60},"geometry":{"type":"LineString","coordinates":[[0.1941,49.5068],[0.1956,49.4904],[0.2047,49.4853],[0.2505,49.4794]]}},{"type":"Feature","properties":{"t":"slow","v":125},"geometry":{"type":"LineString","coordinates":[[3.3906,46.8344],[3.4182,46.8423],[3.4675,46.8374]]}},{"type":"Feature","properties":{"t":"fast","v":200},"geometry":{"type":"LineString","coordinates":[[1.907,47.9232],[1.9116,47.9147]]}},{"type":"Feature","properties":{"t":"lgv","v":320},"geometry":{"type":"LineString","coordinates":[[5.3623,47.2209],[5.3917,47.2252],[5.4602,47.2231],[5.548,47.2399],[5.6193,47.2376],[5.6966,47.2557],[5.7427,47.2593],[5.799,47.2812],[5.8644,47.2868],[5.9337,47.3021],[5.9932,47.3246],[6.0154,47.3491],[6.0455,47.3721],[6.0746,47.4097],[6.0936,47.4228],[6.2226,47.4623],[6.276,47.493],[6.3592,47.4976],[6.4955,47.5476],[6.5857,47.5465],[6.6579,47.5543]]}},{"type":"Feature","properties":{"t":"slow","v":40},"geometry":{"type":"LineString","coordinates":[[4.8113,43.3939],[4.8046,43.3848],[4.8206,43.3849]]}},{"type":"Feature","properties":{"t":"slow","v":100},"geometry":{"type":"LineString","coordinates":[[4.2984,46.2882],[4.3009,46.2775],[4.2953,46.2617],[4.3164,46.2368],[4.3297,46.2332],[4.3317,46.2217],[4.3462,46.2069],[4.3793,46.1869],[4.3974,46.1691],[4.4553,46.1445]]}},{"type":"Feature","properties":{"t":"slow","v":20},"geometry":{"type":"LineString","coordinates":[[2.4172,51.0461],[2.4491,51.0552]]}},{"type":"Feature","properties":{"t":"slow","v":100},"geometry":{"type":"LineString","coordinates":[[-0.043,43.1005],[-0.1704,43.1018],[-0.186,43.107],[-0.1985,43.1274]]}},{"type":"Feature","properties":{"t":"fast","v":220},"geometry":{"type":"LineString","coordinates":[[-2.5105,48.466],[-2.5835,48.458],[-2.6717,48.4734]]}},{"type":"Feature","properties":{"t":"slow","v":70},"geometry":{"type":"LineString","coordinates":[[2.4188,48.9333],[2.4219,48.9315]]}},{"type":"Feature","properties":{"t":"slow","v":140},"geometry":{"type":"LineString","coordinates":[[2.0098,48.5336],[1.9938,48.5356],[1.9765,48.528],[1.9564,48.5278],[1.9237,48.5087],[1.9143,48.4933],[1.813,48.4671],[1.7838,48.4497],[1.736,48.396],[1.6963,48.3602],[1.6398,48.2841],[1.5936,48.2607],[1.4404,48.2196],[1.398,48.2006],[1.3733,48.1719],[1.3546,48.1391],[1.3532,48.119],[1.336,48.1073],[1.3384,48.0732]]}},{"type":"Feature","properties":{"t":"slow","v":40},"geometry":{"type":"LineString","coordinates":[[2.3745,42.8105],[2.4174,42.8013],[2.4677,42.8037],[2.4993,42.8141],[2.5457,42.8139],[2.6626,42.8003],[2.7013,42.7762],[2.7584,42.7718],[2.7741,42.782],[2.7819,42.7759],[2.797,42.7798],[2.8252,42.7772],[2.8432,42.7689],[2.8661,42.7699]]}},{"type":"Feature","properties":{"t":"lgv","v":300},"geometry":{"type":"LineString","coordinates":[[3.4292,48.128],[3.4906,48.0933],[3.5532,48.0743],[3.6826,47.979],[3.7478,47.9497],[3.821,47.9238],[3.845,47.9071],[3.8826,47.8652],[3.9532,47.8371],[4.0146,47.7836],[4.1311,47.5945],[4.134,47.581],[4.1292,47.5575],[4.1412,47.5029],[4.2088,47.4335],[4.2441,47.3513],[4.2645,47.322]]}},{"type":"Feature","properties":{"t":"slow","v":100},"geometry":{"type":"LineString","coordinates":[[6.3077,46.0629],[6.3515,46.0562],[6.3758,46.0592]]}},{"type":"Feature","properties":{"t":"slow","v":85},"geometry":{"type":"LineString","coordinates":[[1.9696,44.1455],[1.9535,44.1504],[1.9417,44.1457],[1.9319,44.1551],[1.917,44.1592],[1.8969,44.1443],[1.8779,44.1412],[1.8789,44.1303],[1.8891,44.1264],[1.8916,44.1179],[1.9033,44.1153],[1.8991,44.1059],[1.89,44.1036],[1.8889,44.0989]]}},{"type":"Feature","properties":{"t":"lgv","v":270},"geometry":{"type":"LineString","coordinates":[[0.79,47.3852],[0.7822,47.356],[0.7503,47.3372]]}},{"type":"Feature","properties":{"t":"slow","v":90},"geometry":{"type":"LineString","coordinates":[[2.3031,47.0921],[2.311,47.0877]]}},{"type":"Feature","properties":{"t":"slow","v":110},"geometry":{"type":"LineString","coordinates":[[2.4685,48.6095],[2.4597,48.6032],[2.46,48.5946],[2.4848,48.5689],[2.4992,48.5654],[2.5285,48.5711],[2.5417,48.5672],[2.5282,48.546],[2.5451,48.535]]}},{"type":"Feature","properties":{"t":"slow","v":120},"geometry":{"type":"LineString","coordinates":[[-0.7213,47.2346],[-0.739,47.2029]]}},{"type":"Feature","properties":{"t":"slow","v":120},"geometry":{"type":"LineString","coordinates":[[5.8641,48.947],[5.8884,48.9773],[5.9384,49.0025],[5.9529,49.0033],[5.9677,49.0132],[6.0141,49.0141],[6.0355,49.0096],[6.0502,49.0222]]}},{"type":"Feature","properties":{"t":"slow","v":140},"geometry":{"type":"LineString","coordinates":[[-0.6238,44.9176],[-0.6118,44.9739],[-0.6137,44.9929],[-0.6199,45.004]]}},{"type":"Feature","properties":{"t":"slow","v":70},"geometry":{"type":"LineString","coordinates":[[3.6593,45.1417],[3.713,45.1406],[3.7208,45.1356],[3.7289,45.1437],[3.7379,45.1416]]}},{"type":"Feature","properties":{"t":"slow","v":90},"geometry":{"type":"LineString","coordinates":[[3.1208,50.2863],[3.1155,50.3054],[3.1235,50.3147],[3.1243,50.3423],[3.1153,50.3549],[3.1059,50.3581]]}},{"type":"Feature","properties":{"t":"slow","v":130},"geometry":{"type":"LineString","coordinates":[[2.4773,48.8944],[2.5268,48.8833]]}},{"type":"Feature","properties":{"t":"slow","v":115},"geometry":{"type":"LineString","coordinates":[[2.1943,44.0763],[2.2833,44.0822],[2.3153,44.1004]]}},{"type":"Feature","properties":{"t":"slow","v":120},"geometry":{"type":"LineString","coordinates":[[2.3011,48.6046],[2.2946,48.5968],[2.241,48.586]]}},{"type":"Feature","properties":{"t":"slow","v":70},"geometry":{"type":"LineString","coordinates":[[4.8283,44.7772],[4.8267,44.7725],[4.8321,44.7684],[4.8812,44.7601],[4.9399,44.7431],[4.9522,44.7437],[4.9808,44.733],[5.0156,44.7303]]}},{"type":"Feature","properties":{"t":"slow","v":60},"geometry":{"type":"LineString","coordinates":[[4.1886,46.8675],[4.1935,46.8695],[4.191,46.8771],[4.2048,46.8989],[4.2117,46.9258],[4.2929,46.955]]}},{"type":"Feature","properties":{"t":"slow","v":40},"geometry":{"type":"LineString","coordinates":[[2.7402,46.2953],[2.7613,46.3079],[2.766,46.3175],[2.7642,46.3294],[2.826,46.3524],[2.8302,46.3782],[2.846,46.399],[2.8641,46.4051],[2.8858,46.3948],[2.9242,46.4134],[2.9665,46.4207],[3.0088,46.4003],[3.0301,46.4117],[3.0454,46.4105],[3.0542,46.4193],[3.0682,46.4175],[3.0939,46.4357],[3.0938,46.4448],[3.1017,46.4516],[3.0987,46.4583],[3.1024,46.4675],[3.1385,46.4904],[3.1535,46.5095],[3.178,46.5188],[3.1885,46.5303],[3.2467,46.5497],[3.2574,46.5561],[3.2608,46.5639],[3.2816,46.5694],[3.3165,46.5541],[3.3383,46.5587]]}},{"type":"Feature","properties":{"t":"slow","v":115},"geometry":{"type":"LineString","coordinates":[[2.3973,48.8314],[2.4139,48.8191]]}},{"type":"Feature","properties":{"t":"slow","v":115},"geometry":{"type":"LineString","coordinates":[[4.7698,45.4615],[4.7546,45.457],[4.7526,45.4493]]}},{"type":"Feature","properties":{"t":"slow","v":100},"geometry":{"type":"LineString","coordinates":[[2.3001,48.6026],[2.2908,48.5837]]}},{"type":"Feature","properties":{"t":"fast","v":160},"geometry":{"type":"LineString","coordinates":[[0.8326,47.4028],[0.8084,47.3865],[0.7595,47.3928],[0.7251,47.3859]]}},{"type":"Feature","properties":{"t":"slow","v":30},"geometry":{"type":"LineString","coordinates":[[2.6018,48.8122],[2.6094,48.8111],[2.6138,48.8184]]}},{"type":"Feature","properties":{"t":"slow","v":120},"geometry":{"type":"LineString","coordinates":[[4.8483,45.7207],[4.8492,45.7184]]}},{"type":"Feature","properties":{"t":"slow","v":40},"geometry":{"type":"LineString","coordinates":[[3.6772,47.2549],[3.6746,47.2244],[3.6908,47.2027],[3.7148,47.1867],[3.7193,47.1732],[3.7297,47.1628],[3.7322,47.1391],[3.7382,47.1297],[3.7291,47.1136],[3.7324,47.094],[3.7216,47.0711],[3.7252,47.0457],[3.722,47.0212],[3.7125,47.0082],[3.7448,46.9735],[3.7474,46.9676],[3.7428,46.9611],[3.7485,46.9518],[3.7433,46.9392],[3.7459,46.9326],[3.7369,46.9211],[3.7314,46.9027],[3.689,46.884],[3.6743,46.8654],[3.6486,46.8588]]}},{"type":"Feature","properties":{"t":"fast","v":160},"geometry":{"type":"LineString","coordinates":[[5.7783,43.1367],[5.7886,43.1282],[5.8713,43.1155]]}},{"type":"Feature","properties":{"t":"slow","v":110},"geometry":{"type":"LineString","coordinates":[[2.1431,43.5915],[2.1791,43.5959],[2.1979,43.5912],[2.2248,43.596],[2.2336,43.6025]]}},{"type":"Feature","properties":{"t":"fast","v":160},"geometry":{"type":"LineString","coordinates":[[6.1581,49.2984],[6.1491,49.321]]}},{"type":"Feature","properties":{"t":"slow","v":80},"geometry":{"type":"LineString","coordinates":[[2.4366,42.6205],[2.3711,42.5938]]}},{"type":"Feature","properties":{"t":"slow","v":50},"geometry":{"type":"LineString","coordinates":[[1.3147,48.6748],[1.3362,48.6859],[1.3642,48.7283]]}},{"type":"Feature","properties":{"t":"slow","v":80},"geometry":{"type":"LineString","coordinates":[[5.0256,43.3929],[5.0249,43.3764],[5.0376,43.3449],[5.0501,43.3399],[5.0908,43.3416],[5.1101,43.333]]}},{"type":"Feature","properties":{"t":"slow","v":130},"geometry":{"type":"LineString","coordinates":[[-0.3845,45.3894],[-0.3843,45.3815],[-0.4077,45.3545],[-0.4041,45.3272],[-0.3962,45.3175],[-0.396,45.3037],[-0.3901,45.2963],[-0.3964,45.2816]]}},{"type":"Feature","properties":{"t":"slow","v":75},"geometry":{"type":"LineString","coordinates":[[3.2527,44.8526],[3.2511,44.8656],[3.2277,44.8966],[3.2268,44.9156],[3.2101,44.9265],[3.2119,44.9391],[3.1779,44.9735],[3.1766,44.9839],[3.1932,44.9857],[3.198,44.9993],[3.1869,45.0231],[3.1569,45.0336],[3.1143,45.032],[3.0968,45.0365],[3.0833,45.0465],[3.0506,45.0521],[3.0381,45.0633],[3.045,45.0776],[3.0382,45.0879],[3.0299,45.0899],[3.0313,45.0984]]}},{"type":"Feature","properties":{"t":"slow","v":60},"geometry":{"type":"LineString","coordinates":[[3.0721,46.9373],[3.067,46.9353]]}},{"type":"Feature","properties":{"t":"slow","v":30},"geometry":{"type":"LineString","coordinates":[[1.9052,47.9135],[1.8984,47.9173]]}},{"type":"Feature","properties":{"t":"slow","v":95},"geometry":{"type":"LineString","coordinates":[[3.4947,45.1605],[3.5014,45.1554],[3.4972,45.1314],[3.5023,45.1257],[3.5001,45.1169],[3.4881,45.11],[3.4906,45.1011]]}},{"type":"Feature","properties":{"t":"slow","v":30},"geometry":{"type":"LineString","coordinates":[[2.2829,49.8933],[2.272,49.8976],[2.2644,49.9117],[2.2689,49.922],[2.2913,49.9357],[2.2945,49.9472],[2.2878,49.9582]]}},{"type":"Feature","properties":{"t":"slow","v":130},"geometry":{"type":"LineString","coordinates":[[5.2937,47.6575],[5.3048,47.6715],[5.297,47.6798],[5.2939,47.6986],[5.3081,47.7325],[5.4471,47.8018],[5.4459,47.8085]]}},{"type":"Feature","properties":{"t":"slow","v":40},"geometry":{"type":"LineString","coordinates":[[4.8219,43.3904],[4.8423,43.3904]]}},{"type":"Feature","properties":{"t":"slow","v":40},"geometry":{"type":"LineString","coordinates":[[1.3768,49.3645],[1.3616,49.3563],[1.3353,49.353],[1.2846,49.3303],[1.2307,49.317],[1.1831,49.3176]]}},{"type":"Feature","properties":{"t":"slow","v":140},"geometry":{"type":"LineString","coordinates":[[5.0325,45.0426],[5.0383,45.0485],[5.0497,45.049]]}},{"type":"Feature","properties":{"t":"slow","v":50},"geometry":{"type":"LineString","coordinates":[[2.3285,48.8599],[2.347,48.853]]}},{"type":"Feature","properties":{"t":"slow","v":100},"geometry":{"type":"LineString","coordinates":[[3.9185,45.1286],[3.9187,45.1496],[3.9249,45.1608]]}},{"type":"Feature","properties":{"t":"slow","v":50},"geometry":{"type":"LineString","coordinates":[[2.7028,45.6433],[2.6985,45.6398],[2.6996,45.6273],[2.7137,45.6101],[2.7142,45.603],[2.7245,45.6007],[2.7308,45.5913],[2.7745,45.5886]]}},{"type":"Feature","properties":{"t":"fast","v":160},"geometry":{"type":"LineString","coordinates":[[0.6958,48.2677],[0.6872,48.2644],[0.6711,48.2463],[0.6423,48.1987],[0.6371,48.1812],[0.6174,48.1606],[0.5757,48.1372],[0.5696,48.1147],[0.5391,48.094],[0.4745,48.0686],[0.4497,48.0532]]}},{"type":"Feature","properties":{"t":"slow","v":140},"geometry":{"type":"LineString","coordinates":[[3.8972,50.2425],[3.9215,50.2613]]}},{"type":"Feature","properties":{"t":"slow","v":30},"geometry":{"type":"LineString","coordinates":[[3.7295,48.7149],[3.7257,48.7108],[3.7346,48.7035],[3.7358,48.6842],[3.7117,48.6663],[3.7051,48.6554],[3.7293,48.647],[3.7371,48.6328],[3.7525,48.6224],[3.7619,48.6079],[3.8039,48.5834]]}},{"type":"Feature","properties":{"t":"slow","v":40},"geometry":{"type":"LineString","coordinates":[[2.2563,49.4147],[2.3182,49.4114]]}},{"type":"Feature","properties":{"t":"fast","v":230},"geometry":{"type":"LineString","coordinates":[[2.8694,50.1911],[2.8657,50.2028],[2.8556,50.2112],[2.7799,50.2303]]}},{"type":"Feature","properties":{"t":"fast","v":180},"geometry":{"type":"LineString","coordinates":[[-2.0513,48.1898],[-2.1154,48.2156],[-2.126,48.2267]]}},{"type":"Feature","properties":{"t":"slow","v":140},"geometry":{"type":"LineString","coordinates":[[-1.7451,47.2477],[-1.795,47.2796],[-1.8364,47.2936],[-1.8607,47.3141],[-1.9062,47.329],[-1.9238,47.3467],[-1.9514,47.3585]]}},{"type":"Feature","properties":{"t":"slow","v":120},"geometry":{"type":"LineString","coordinates":[[1.4165,43.5939],[1.3343,43.6035]]}},{"type":"Feature","properties":{"t":"slow","v":120},"geometry":{"type":"LineString","coordinates":[[1.4924,45.1747],[1.4837,45.1601],[1.4859,45.1554],[1.5339,45.1497]]}},{"type":"Feature","properties":{"t":"slow","v":100},"geometry":{"type":"LineString","coordinates":[[1.8954,44.6454],[1.9035,44.6323],[1.9205,44.6256],[1.9262,44.6154],[1.9456,44.6048],[1.9585,44.6065],[1.9939,44.5928],[2.0236,44.6053],[2.0359,44.6042]]}},{"type":"Feature","properties":{"t":"slow","v":150},"geometry":{"type":"LineString","coordinates":[[2.8132,49.4182],[2.8625,49.4424],[2.8653,49.4504],[2.8589,49.4611],[2.8658,49.4684]]}},{"type":"Feature","properties":{"t":"fast","v":160},"geometry":{"type":"LineString","coordinates":[[-3.5817,48.5776],[-3.6315,48.5765],[-3.6485,48.5461],[-3.6577,48.5423],[-3.671,48.5437],[-3.7015,48.5631]]}},{"type":"Feature","properties":{"t":"slow","v":80},"geometry":{"type":"LineString","coordinates":[[3.8792,46.5015],[3.9005,46.4941],[3.9238,46.4972],[3.9712,46.4918],[3.988,46.4853]]}},{"type":"Feature","properties":{"t":"slow","v":110},"geometry":{"type":"LineString","coordinates":[[-0.6199,45.004],[-0.6342,45.0205],[-0.6972,45.0401],[-0.7484,45.0881],[-0.785,45.1538],[-0.7713,45.1734],[-0.772,45.1914],[-0.7528,45.2062],[-0.7583,45.2297],[-0.901,45.2781],[-0.9622,45.3131],[-1.0067,45.3742]]}},{"type":"Feature","properties":{"t":"fast","v":230},"geometry":{"type":"LineString","coordinates":[[0.1265,45.9212],[0.1263,45.9271]]}},{"type":"Feature","properties":{"t":"slow","v":40},"geometry":{"type":"LineString","coordinates":[[3.3443,49.7945],[3.3828,49.7856],[3.3972,49.776],[3.4302,49.7801],[3.4717,49.8069],[3.4838,49.8219],[3.4857,49.8396]]}},{"type":"Feature","properties":{"t":"slow","v":60},"geometry":{"type":"LineString","coordinates":[[4.7839,43.4145],[4.8196,43.3901]]}},{"type":"Feature","properties":{"t":"fast","v":160},"geometry":{"type":"LineString","coordinates":[[-2.126,48.2267],[-2.1468,48.2509],[-2.1557,48.2848],[-2.2088,48.3268],[-2.3017,48.3537]]}},{"type":"Feature","properties":{"t":"slow","v":90},"geometry":{"type":"LineString","coordinates":[[0.707,47.4596],[0.6882,47.4558],[0.6735,47.4441],[0.6415,47.4317]]}},{"type":"Feature","properties":{"t":"slow","v":120},"geometry":{"type":"LineString","coordinates":[[-0.4575,44.9738],[-0.4788,44.9599],[-0.4769,44.9311],[-0.4874,44.9041],[-0.5045,44.8882],[-0.5094,44.8771],[-0.5337,44.8594]]}},{"type":"Feature","properties":{"t":"slow","v":130},"geometry":{"type":"LineString","coordinates":[[-1.0494,43.7209],[-1.0926,43.7169],[-1.133,43.6778],[-1.1648,43.6753],[-1.1867,43.6608],[-1.2205,43.6632],[-1.2513,43.6729],[-1.3055,43.6577]]}},{"type":"Feature","properties":{"t":"slow","v":135},"geometry":{"type":"LineString","coordinates":[[6.8015,47.5105],[6.8019,47.5243],[6.7859,47.5412],[6.7809,47.5594],[6.7696,47.5706],[6.7707,47.5772],[6.8497,47.6176],[6.8555,47.6296]]}},{"type":"Feature","properties":{"t":"fast","v":160},"geometry":{"type":"LineString","coordinates":[[7.5432,47.6016],[7.5549,47.5903]]}},{"type":"Feature","properties":{"t":"slow","v":90},"geometry":{"type":"LineString","coordinates":[[6.0891,45.9078],[6.1218,45.9022]]}},{"type":"Feature","properties":{"t":"slow","v":40},"geometry":{"type":"LineString","coordinates":[[2.6716,48.038],[2.7306,48.0313],[2.7388,48.0189]]}},{"type":"Feature","properties":{"t":"slow","v":140},"geometry":{"type":"LineString","coordinates":[[-0.6044,44.8806],[-0.6238,44.9176]]}},{"type":"Feature","properties":{"t":"fast","v":160},"geometry":{"type":"LineString","coordinates":[[2.6663,48.5165],[2.6683,48.4961],[2.6738,48.4867],[2.7362,48.4412],[2.7373,48.4296],[2.726,48.4142],[2.7294,48.4031],[2.7428,48.3962],[2.7758,48.3933]]}},{"type":"Feature","properties":{"t":"slow","v":150},"geometry":{"type":"LineString","coordinates":[[2.2999,48.8015],[2.2915,48.7908]]}},{"type":"Feature","properties":{"t":"slow","v":20},"geometry":{"type":"LineString","coordinates":[[-3.8421,47.9609],[-3.8704,47.9575],[-3.875,47.9512],[-3.8711,47.9399],[-3.894,47.9328]]}},{"type":"Feature","properties":{"t":"lgv","v":320},"geometry":{"type":"LineString","coordinates":[[3.5924,49.1322],[3.6793,49.1585],[3.7377,49.1951]]}},{"type":"Feature","properties":{"t":"slow","v":80},"geometry":{"type":"LineString","coordinates":[[0.652,42.9155],[0.6394,42.9105],[0.6215,42.8937],[0.6037,42.8649],[0.6031,42.8538]]}},{"type":"Feature","properties":{"t":"slow","v":130},"geometry":{"type":"LineString","coordinates":[[1.9431,43.9319],[1.8158,43.8646],[1.7983,43.846],[1.7557,43.8249],[1.7311,43.8197],[1.6821,43.7764]]}},{"type":"Feature","properties":{"t":"slow","v":130},"geometry":{"type":"LineString","coordinates":[[0.6414,47.4317],[0.645,47.4574],[0.637,47.4716],[0.6362,47.4885],[0.6187,47.5002],[0.6108,47.5283],[0.5599,47.561],[0.5133,47.5769],[0.4798,47.6022],[0.476,47.6115],[0.4863,47.6238],[0.4718,47.6621]]}},{"type":"Feature","properties":{"t":"slow","v":110},"geometry":{"type":"LineString","coordinates":[[3.4513,50.0471],[3.4585,50.0599],[3.4497,50.0757],[3.4499,50.0982],[3.4451,50.1046],[3.3588,50.1174],[3.3245,50.1338],[3.2978,50.1347],[3.2839,50.1442],[3.2837,50.1605],[3.2586,50.1688],[3.2564,50.1833],[3.3294,50.2247],[3.3328,50.2321],[3.3266,50.2451],[3.3271,50.2698],[3.3455,50.3032],[3.3396,50.3204],[3.3208,50.3458],[3.2935,50.3551],[3.2767,50.3555]]}},{"type":"Feature","properties":{"t":"slow","v":30},"geometry":{"type":"LineString","coordinates":[[3.731,47.9804],[3.7141,47.9791],[3.7081,47.9738],[3.7278,47.9611]]}},{"type":"Feature","properties":{"t":"slow","v":30},"geometry":{"type":"LineString","coordinates":[[4.5311,43.9571],[4.5703,43.9556],[4.5769,43.946],[4.5743,43.938]]}},{"type":"Feature","properties":{"t":"slow","v":30},"geometry":{"type":"LineString","coordinates":[[-0.5824,46.379],[-0.5806,46.3684],[-0.5632,46.3518],[-0.4911,46.3081]]}},{"type":"Feature","properties":{"t":"fast","v":200},"geometry":{"type":"LineString","coordinates":[[1.9061,47.9265],[1.9055,47.92],[1.8978,47.9173]]}},{"type":"Feature","properties":{"t":"slow","v":40},"geometry":{"type":"LineString","coordinates":[[5.3759,49.1691],[5.3447,49.1812],[5.3421,49.1874],[5.3467,49.1936]]}},{"type":"Feature","properties":{"t":"slow","v":130},"geometry":{"type":"LineString","coordinates":[[1.9415,43.9306],[2.0374,43.9145],[2.1325,43.9205]]}},{"type":"Feature","properties":{"t":"slow","v":90},"geometry":{"type":"LineString","coordinates":[[4.7649,48.7229],[4.7789,48.7283],[4.7897,48.7175]]}},{"type":"Feature","properties":{"t":"slow","v":115},"geometry":{"type":"LineString","coordinates":[[4.7511,45.3716],[4.7602,45.3543],[4.757,45.3278],[4.7726,45.3097],[4.7883,45.3041],[4.7967,45.284],[4.8001,45.2475],[4.7963,45.239],[4.8039,45.2197],[4.801,45.1807],[4.8158,45.1548],[4.8025,45.1326]]}},{"type":"Feature","properties":{"t":"slow","v":60},"geometry":{"type":"LineString","coordinates":[[4.7933,45.2942],[4.8039,45.3018],[4.8097,45.2998]]}},{"type":"Feature","properties":{"t":"slow","v":100},"geometry":{"type":"LineString","coordinates":[[5.9273,46.7244],[5.9276,46.724]]}},{"type":"Feature","properties":{"t":"slow","v":130},"geometry":{"type":"LineString","coordinates":[[4.7141,49.7282],[4.727,49.7341],[4.7351,49.7443],[4.7368,49.7496],[4.7326,49.7531]]}},{"type":"Feature","properties":{"t":"slow","v":60},"geometry":{"type":"LineString","coordinates":[[1.5427,49.6175],[1.5308,49.6257]]}},{"type":"Feature","properties":{"t":"slow","v":55},"geometry":{"type":"LineString","coordinates":[[2.1998,44.706],[2.213,44.7157],[2.2132,44.7271],[2.2323,44.7298],[2.2452,44.7447],[2.2414,44.7692],[2.251,44.7766],[2.2489,44.7992],[2.2556,44.8175],[2.2332,44.8492],[2.2421,44.8749],[2.2393,44.8977],[2.252,44.9065],[2.2566,44.9197],[2.2963,44.9164]]}},{"type":"Feature","properties":{"t":"slow","v":150},"geometry":{"type":"LineString","coordinates":[[5.7725,45.844],[5.7828,45.8422],[5.8467,45.8033]]}},{"type":"Feature","properties":{"t":"slow","v":30},"geometry":{"type":"LineString","coordinates":[[3.1801,50.7175],[3.1792,50.7175]]}},{"type":"Feature","properties":{"t":"slow","v":70},"geometry":{"type":"LineString","coordinates":[[-3.1489,48.5546],[-3.1571,48.553]]}},{"type":"Feature","properties":{"t":"slow","v":40},"geometry":{"type":"LineString","coordinates":[[4.2895,47.1646],[4.3035,47.1531],[4.3165,47.1534],[4.3203,47.141],[4.3289,47.1368],[4.3244,47.1295],[4.3283,47.1208],[4.3478,47.1167],[4.3522,47.1111],[4.3491,47.1079]]}},{"type":"Feature","properties":{"t":"fast","v":230},"geometry":{"type":"LineString","coordinates":[[-0.4311,44.9755],[-0.459,44.9465]]}},{"type":"Feature","properties":{"t":"slow","v":100},"geometry":{"type":"LineString","coordinates":[[5.0032,47.234],[5.0,47.2296]]}},{"type":"Feature","properties":{"t":"slow","v":100},"geometry":{"type":"LineString","coordinates":[[5.6039,49.4464],[5.6062,49.4568],[5.6228,49.4652],[5.6351,49.4691],[5.6482,49.467],[5.6553,49.4742],[5.6693,49.4748],[5.6856,49.4854],[5.7343,49.491],[5.7691,49.5131]]}},{"type":"Feature","properties":{"t":"slow","v":50},"geometry":{"type":"LineString","coordinates":[[-2.8222,48.4353],[-2.8286,48.4198],[-2.8372,48.4123],[-2.8515,48.4118],[-2.8679,48.403],[-2.8852,48.4031],[-2.8932,48.394],[-2.8888,48.3832],[-2.8763,48.3734],[-2.8758,48.3623],[-2.8543,48.3562],[-2.8285,48.3303]]}},{"type":"Feature","properties":{"t":"slow","v":30},"geometry":{"type":"LineString","coordinates":[[3.4898,45.8374],[3.5244,45.7979],[3.5464,45.7545],[3.5309,45.7337],[3.528,45.7238],[3.5349,45.7204],[3.5299,45.7145],[3.5578,45.6999],[3.5895,45.7018],[3.5912,45.6933],[3.6079,45.6909],[3.6105,45.6825],[3.6298,45.6783],[3.657,45.6602],[3.6654,45.6528],[3.6658,45.6445],[3.7043,45.6442],[3.71,45.6291],[3.7238,45.6186],[3.7179,45.613],[3.7182,45.5982],[3.7275,45.5936],[3.7239,45.5843],[3.7346,45.5521],[3.7361,45.5285],[3.7262,45.5145],[3.7237,45.4512],[3.7354,45.4348],[3.7275,45.4092]]}},{"type":"Feature","properties":{"t":"slow","v":100},"geometry":{"type":"LineString","coordinates":[[4.8043,46.2831],[4.7918,46.2725]]}},{"type":"Feature","properties":{"t":"slow","v":110},"geometry":{"type":"LineString","coordinates":[[6.2652,46.2097],[6.2653,46.2098]]}},{"type":"Feature","properties":{"t":"slow","v":120},"geometry":{"type":"LineString","coordinates":[[3.5188,47.958],[3.5794,47.8585],[3.5889,47.8135],[3.5855,47.7976]]}},{"type":"Feature","properties":{"t":"slow","v":40},"geometry":{"type":"LineString","coordinates":[[7.3472,48.0734],[7.3371,48.0674],[7.3389,48.0613],[7.4923,48.0344],[7.5198,48.0228],[7.5512,48.0189]]}},{"type":"Feature","properties":{"t":"slow","v":50},"geometry":{"type":"LineString","coordinates":[[-0.2106,46.9853],[-0.1338,46.9747],[-0.0311,46.9725],[-0.006,46.9648],[0.0074,46.9697]]}},{"type":"Feature","properties":{"t":"fast","v":160},"geometry":{"type":"LineString","coordinates":[[4.3469,49.0756],[4.3692,49.0704]]}},{"type":"Feature","properties":{"t":"slow","v":70},"geometry":{"type":"LineString","coordinates":[[4.7255,49.7631],[4.72,49.7661]]}},{"type":"Feature","properties":{"t":"fast","v":170},"geometry":{"type":"LineString","coordinates":[[6.0014,48.9707],[6.0248,48.9659],[6.0356,48.9582]]}},{"type":"Feature","properties":{"t":"slow","v":60},"geometry":{"type":"LineString","coordinates":[[-2.8285,48.3303],[-2.8254,48.3099],[-2.798,48.3015],[-2.8104,48.287],[-2.8083,48.2818]]}},{"type":"Feature","properties":{"t":"slow","v":30},"geometry":{"type":"LineString","coordinates":[[2.0816,48.9589],[2.079,48.95]]}},{"type":"Feature","properties":{"t":"slow","v":40},"geometry":{"type":"LineString","coordinates":[[5.7335,48.6885],[5.7387,48.6925],[5.7353,48.6962]]}},{"type":"Feature","properties":{"t":"fast","v":160},"geometry":{"type":"LineString","coordinates":[[-1.4762,47.2438],[-1.5092,47.2237],[-1.5418,47.2169]]}},{"type":"Feature","properties":{"t":"slow","v":30},"geometry":{"type":"LineString","coordinates":[[2.3589,48.8774],[2.3639,48.886]]}},{"type":"Feature","properties":{"t":"slow","v":100},"geometry":{"type":"LineString","coordinates":[[2.2877,48.7391],[2.267,48.7301]]}},{"type":"Feature","properties":{"t":"slow","v":120},"geometry":{"type":"LineString","coordinates":[[4.6316,49.7919],[4.6279,49.7932]]}},{"type":"Feature","properties":{"t":"slow","v":80},"geometry":{"type":"LineString","coordinates":[[4.1333,45.2572],[4.1384,45.2614],[4.1358,45.2749],[4.147,45.2827],[4.1395,45.2972]]}},{"type":"Feature","properties":{"t":"fast","v":170},"geometry":{"type":"LineString","coordinates":[[4.0047,49.2104],[4.0086,49.2092]]}},{"type":"Feature","properties":{"t":"fast","v":190},"geometry":{"type":"LineString","coordinates":[[0.3163,46.4839],[0.3062,46.4764],[0.2997,46.4578],[0.2858,46.4407],[0.2574,46.4197],[0.2479,46.4059],[0.2507,46.3814],[0.2568,46.3692],[0.254,46.3611]]}},{"type":"Feature","properties":{"t":"slow","v":100},"geometry":{"type":"LineString","coordinates":[[3.1792,50.7175],[3.164,50.7151],[3.1628,50.7104]]}},{"type":"Feature","properties":{"t":"fast","v":230},"geometry":{"type":"LineString","coordinates":[[1.8191,50.8889],[1.8162,50.8947]]}},{"type":"Feature","properties":{"t":"slow","v":40},"geometry":{"type":"LineString","coordinates":[[4.0377,48.3251],[4.0444,48.3156]]}},{"type":"Feature","properties":{"t":"fast","v":160},"geometry":{"type":"LineString","coordinates":[[4.7856,46.2753],[4.7903,46.2599]]}},{"type":"Feature","properties":{"t":"slow","v":100},"geometry":{"type":"LineString","coordinates":[[2.3637,49.8813],[2.3912,49.8839]]}},{"type":"Feature","properties":{"t":"slow","v":120},"geometry":{"type":"LineString","coordinates":[[-0.2422,43.1824],[-0.2634,43.2252],[-0.277,43.2395],[-0.3332,43.2806],[-0.3707,43.2917]]}},{"type":"Feature","properties":{"t":"slow","v":140},"geometry":{"type":"LineString","coordinates":[[0.5927,43.0748],[0.5722,43.0783]]}},{"type":"Feature","properties":{"t":"slow","v":40},"geometry":{"type":"LineString","coordinates":[[1.9019,47.937],[1.9017,47.9457],[1.9201,47.9559],[1.9928,47.9569],[2.0385,47.9772],[2.0525,47.989],[2.0594,48.0118],[2.0609,48.0777],[2.1566,48.1013],[2.1754,48.1121],[2.2216,48.155]]}},{"type":"Feature","properties":{"t":"slow","v":30},"geometry":{"type":"LineString","coordinates":[[6.5827,46.3984],[6.7082,46.4077],[6.749,46.4033],[6.8292,46.3855],[6.8539,46.3857]]}},{"type":"Feature","properties":{"t":"fast","v":160},"geometry":{"type":"LineString","coordinates":[[5.3471,47.207],[5.3513,47.2052],[5.3412,47.2054],[5.3185,47.1871]]}},{"type":"Feature","properties":{"t":"slow","v":140},"geometry":{"type":"LineString","coordinates":[[2.6441,49.4359],[2.6564,49.4302],[2.715,49.4324],[2.7716,49.418],[2.8236,49.4221]]}},{"type":"Feature","properties":{"t":"slow","v":60},"geometry":{"type":"LineString","coordinates":[[7.1345,48.0382],[7.0807,48.0223],[7.0732,48.0126]]}},{"type":"Feature","properties":{"t":"slow","v":90},"geometry":{"type":"LineString","coordinates":[[7.1109,48.3473],[7.1076,48.3327],[7.1262,48.3261],[7.1444,48.3268],[7.1505,48.3182],[7.1394,48.3139],[7.1211,48.3175],[7.0883,48.307],[7.0695,48.2834],[7.047,48.2684],[7.0201,48.2608],[6.9879,48.2608],[6.9505,48.2814]]}},{"type":"Feature","properties":{"t":"slow","v":150},"geometry":{"type":"LineString","coordinates":[[2.7758,48.3933],[2.8004,48.3784],[2.8302,48.3855],[2.8557,48.3721],[2.8959,48.3672],[2.9384,48.38],[2.9839,48.3657]]}},{"type":"Feature","properties":{"t":"slow","v":40},"geometry":{"type":"LineString","coordinates":[[5.1298,47.5202],[5.1266,47.5148],[5.1303,47.5122],[5.1451,47.515],[5.1748,47.5101],[5.2094,47.485],[5.2465,47.4823],[5.2626,47.4673],[5.2667,47.4548],[5.2644,47.4438],[5.2693,47.4368],[5.2845,47.4296],[5.2911,47.4166],[5.3018,47.4084],[5.3207,47.4051]]}},{"type":"Feature","properties":{"t":"slow","v":40},"geometry":{"type":"LineString","coordinates":[[5.3207,47.4051],[5.3335,47.4063],[5.42,47.4583],[5.4529,47.4711],[5.4895,47.4747]]}},{"type":"Feature","properties":{"t":"slow","v":90},"geometry":{"type":"LineString","coordinates":[[7.5001,48.5375],[7.4883,48.5327],[7.4018,48.5335],[7.3657,48.5214],[7.314,48.525],[7.2159,48.48]]}},{"type":"Feature","properties":{"t":"slow","v":70},"geometry":{"type":"LineString","coordinates":[[3.2488,48.5148],[3.2549,48.5288],[3.2954,48.5529]]}},{"type":"Feature","properties":{"t":"slow","v":85},"geometry":{"type":"LineString","coordinates":[[2.141,43.9386],[2.1494,43.9571],[2.1778,43.973],[2.1709,43.9814],[2.1716,43.9916],[2.1517,44.0187],[2.157,44.0332],[2.1522,44.0485]]}},{"type":"Feature","properties":{"t":"slow","v":100},"geometry":{"type":"LineString","coordinates":[[-1.5418,47.2169],[-1.5747,47.2082],[-1.5944,47.197]]}},{"type":"Feature","properties":{"t":"slow","v":130},"geometry":{"type":"LineString","coordinates":[[5.3342,46.4333],[5.3254,46.4208],[5.3304,46.3898],[5.3163,46.3759],[5.3224,46.3623],[5.3179,46.3555]]}},{"type":"Feature","properties":{"t":"slow","v":120},"geometry":{"type":"LineString","coordinates":[[5.5429,43.2872],[5.5697,43.2967],[5.5857,43.2936],[5.585,43.2891],[5.5661,43.2803],[5.5633,43.2711],[5.552,43.2654],[5.5504,43.2397],[5.5542,43.2334],[5.5726,43.2265],[5.5798,43.2091],[5.5903,43.201],[5.6262,43.2095],[5.6357,43.1959],[5.6735,43.1831],[5.705,43.1851],[5.7155,43.1709],[5.7156,43.1556],[5.7229,43.145],[5.7312,43.1406],[5.7696,43.1406],[5.7783,43.1367]]}},{"type":"Feature","properties":{"t":"slow","v":90},"geometry":{"type":"LineString","coordinates":[[2.3537,48.9028],[2.3535,48.9122],[2.3627,48.9181]]}},{"type":"Feature","properties":{"t":"slow","v":80},"geometry":{"type":"LineString","coordinates":[[1.9822,45.5847],[1.9879,45.5726],[2.0147,45.5682],[2.0526,45.5448]]}},{"type":"Feature","properties":{"t":"slow","v":80},"geometry":{"type":"LineString","coordinates":[[3.9108,45.1839],[3.9145,45.1963],[3.94,45.2055],[3.9628,45.2049],[3.9702,45.2001],[3.9999,45.2073],[4.0394,45.2015],[4.0467,45.2142],[4.0623,45.2138],[4.0611,45.2203]]}},{"type":"Feature","properties":{"t":"slow","v":130},"geometry":{"type":"LineString","coordinates":[[0.5834,46.4634],[0.6355,46.4391]]}},{"type":"Feature","properties":{"t":"slow","v":140},"geometry":{"type":"LineString","coordinates":[[2.7776,50.2843],[2.8194,50.2964],[2.8246,50.3056],[2.8201,50.3202],[2.8409,50.3347],[2.8182,50.3835],[2.8381,50.413],[2.8364,50.422],[2.7974,50.4376],[2.7618,50.4349],[2.6978,50.4619],[2.6881,50.4776],[2.6674,50.4869],[2.6498,50.5177],[2.6258,50.5259],[2.5955,50.5265],[2.5669,50.5379]]}},{"type":"Feature","properties":{"t":"slow","v":140},"geometry":{"type":"LineString","coordinates":[[-0.7297,47.3127],[-0.7235,47.2884],[-0.7276,47.2598],[-0.7213,47.2346]]}},{"type":"Feature","properties":{"t":"fast","v":160},"geometry":{"type":"LineString","coordinates":[[-0.7164,48.0979],[-0.7276,48.0948],[-0.7345,48.0864]]}},{"type":"Feature","properties":{"t":"slow","v":30},"geometry":{"type":"LineString","coordinates":[[7.2983,47.7505],[7.2987,47.7535]]}},{"type":"Feature","properties":{"t":"slow","v":30},"geometry":{"type":"LineString","coordinates":[[7.0362,49.0061],[7.0484,49.0217],[7.0453,49.0326],[7.0328,49.0434]]}},{"type":"Feature","properties":{"t":"slow","v":30},"geometry":{"type":"LineString","coordinates":[[7.7269,48.606],[7.7279,48.5977]]}},{"type":"Feature","properties":{"t":"slow","v":120},"geometry":{"type":"LineString","coordinates":[[-0.7472,47.3394],[-0.7297,47.3127]]}},{"type":"Feature","properties":{"t":"slow","v":40},"geometry":{"type":"LineString","coordinates":[[-1.0067,45.3742],[-1.0199,45.3937]]}},{"type":"Feature","properties":{"t":"slow","v":80},"geometry":{"type":"LineString","coordinates":[[-0.6122,43.1948],[-0.6144,43.1882],[-0.603,43.1754],[-0.5919,43.1503],[-0.6029,43.122],[-0.622,43.1069],[-0.6116,43.0902],[-0.6126,43.0779],[-0.5977,43.0589]]}},{"type":"Feature","properties":{"t":"slow","v":30},"geometry":{"type":"LineString","coordinates":[[1.0012,47.677],[1.0065,47.6868]]}},{"type":"Feature","properties":{"t":"slow","v":140},"geometry":{"type":"LineString","coordinates":[[-1.8621,46.7637],[-1.9074,46.7486],[-1.9466,46.7231],[-1.9517,46.7026],[-1.9416,46.6965]]}},{"type":"Feature","properties":{"t":"slow","v":70},"geometry":{"type":"LineString","coordinates":[[2.3446,48.939],[2.3507,48.9488]]}},{"type":"Feature","properties":{"t":"slow","v":60},"geometry":{"type":"LineString","coordinates":[[4.0912,48.2703],[4.0918,48.2696]]}},{"type":"Feature","properties":{"t":"slow","v":150},"geometry":{"type":"LineString","coordinates":[[4.8132,45.2534],[4.8082,45.2337],[4.8177,45.2072],[4.8147,45.1845]]}},{"type":"Feature","properties":{"t":"slow","v":140},"geometry":{"type":"LineString","coordinates":[[-0.0258,48.7386],[-0.0917,48.7946],[-0.0949,48.8146],[-0.1118,48.8274],[-0.1047,48.8416],[-0.1131,48.8526],[-0.1134,48.8633],[-0.1301,48.876],[-0.1209,48.8959],[-0.1095,48.9035],[-0.0941,48.9318]]}},{"type":"Feature","properties":{"t":"slow","v":120},"geometry":{"type":"LineString","coordinates":[[5.0313,47.3079],[5.0278,47.294],[5.035,47.282]]}},{"type":"Feature","properties":{"t":"slow","v":100},"geometry":{"type":"LineString","coordinates":[[-1.8605,46.7693],[-1.8621,46.7637]]}},{"type":"Feature","properties":{"t":"fast","v":160},"geometry":{"type":"LineString","coordinates":[[5.9189,45.5733],[5.9243,45.5684],[5.9445,45.5656],[5.9755,45.5235],[6.0383,45.5047]]}},{"type":"Feature","properties":{"t":"slow","v":120},"geometry":{"type":"LineString","coordinates":[[5.0433,43.8424],[5.0543,43.7993],[5.0456,43.7857]]}},{"type":"Feature","properties":{"t":"slow","v":120},"geometry":{"type":"LineString","coordinates":[[3.7701,46.8192],[3.7988,46.8223],[3.8242,46.8392]]}},{"type":"Feature","properties":{"t":"slow","v":30},"geometry":{"type":"LineString","coordinates":[[3.0533,48.0339],[3.0745,48.0413],[3.0783,48.0679],[3.1455,48.1109],[3.1521,48.1288],[3.1654,48.1462],[3.1881,48.152],[3.2032,48.1691],[3.2572,48.1806],[3.267,48.1937],[3.2662,48.203]]}},{"type":"Feature","properties":{"t":"slow","v":70},"geometry":{"type":"LineString","coordinates":[[4.3491,47.1079],[4.3409,47.1014],[4.341,47.0815],[4.335,47.0621],[4.3473,47.0436],[4.3484,47.0338],[4.3414,47.0204],[4.3488,47.0118],[4.3436,47.0083]]}},{"type":"Feature","properties":{"t":"slow","v":110},"geometry":{"type":"LineString","coordinates":[[-0.0501,45.5999],[-0.0307,45.5991],[-0.0159,45.62],[-0.0081,45.6235],[0.0014,45.6204],[0.0072,45.6073],[0.0325,45.6057],[0.0487,45.6201],[0.0502,45.6342],[0.1108,45.6443]]}},{"type":"Feature","properties":{"t":"lgv","v":270},"geometry":{"type":"LineString","coordinates":[[0.7506,47.3374],[0.7228,47.3116],[0.6899,47.2941]]}},{"type":"Feature","properties":{"t":"slow","v":140},"geometry":{"type":"LineString","coordinates":[[1.7223,44.7735],[1.7415,44.7546],[1.7592,44.7219],[1.8019,44.7038]]}},{"type":"Feature","properties":{"t":"slow","v":50},"geometry":{"type":"LineString","coordinates":[[2.2611,48.9125],[2.2579,48.9136]]}},{"type":"Feature","properties":{"t":"slow","v":150},"geometry":{"type":"LineString","coordinates":[[0.3328,46.5824],[0.3273,46.5662],[0.3364,46.5549],[0.3357,46.5474]]}},{"type":"Feature","properties":{"t":"slow","v":120},"geometry":{"type":"LineString","coordinates":[[-4.1435,48.0337],[-4.1102,48.0452],[-4.0975,48.0805],[-4.0997,48.1065],[-4.0857,48.1157]]}},{"type":"Feature","properties":{"t":"slow","v":60},"geometry":{"type":"LineString","coordinates":[[3.5063,47.9605],[3.5188,47.958]]}},{"type":"Feature","properties":{"t":"fast","v":210},"geometry":{"type":"LineString","coordinates":[[-0.3705,47.8263],[-0.3778,47.8028],[-0.3729,47.7672],[-0.4106,47.746],[-0.4234,47.7335],[-0.4347,47.6897],[-0.459,47.668],[-0.4609,47.6585]]}},{"type":"Feature","properties":{"t":"slow","v":40},"geometry":{"type":"LineString","coordinates":[[4.2808,45.5102],[4.2641,45.5113]]}},{"type":"Feature","properties":{"t":"slow","v":140},"geometry":{"type":"LineString","coordinates":[[-1.5082,48.8416],[-1.5444,48.8487],[-1.5812,48.8438],[-1.5862,48.8394]]}},{"type":"Feature","properties":{"t":"slow","v":60},"geometry":{"type":"LineString","coordinates":[[3.2759,44.5401],[3.2861,44.5481],[3.2875,44.5637],[3.2782,44.5824],[3.2781,44.5926],[3.2918,44.6076],[3.2834,44.6228],[3.2985,44.6368],[3.2976,44.6469],[3.3063,44.6554]]}},{"type":"Feature","properties":{"t":"slow","v":110},"geometry":{"type":"LineString","coordinates":[[5.7143,45.1913],[5.7188,45.1805],[5.7127,45.1641]]}},{"type":"Feature","properties":{"t":"fast","v":160},"geometry":{"type":"LineString","coordinates":[[0.1296,45.5265],[0.1634,45.4973],[0.1695,45.4656],[0.1844,45.4539],[0.181,45.447]]}},{"type":"Feature","properties":{"t":"slow","v":30},"geometry":{"type":"LineString","coordinates":[[2.4176,49.3855],[2.4499,49.3773],[2.5152,49.3767],[2.5393,49.3784],[2.5781,49.3908]]}},{"type":"Feature","properties":{"t":"slow","v":60},"geometry":{"type":"LineString","coordinates":[[6.0234,46.5264],[6.0241,46.5214],[6.0217,46.5307],[6.0104,46.5344],[5.9963,46.5313],[5.9807,46.5177],[5.9387,46.4994],[5.8782,46.4543]]}},{"type":"Feature","properties":{"t":"slow","v":150},"geometry":{"type":"LineString","coordinates":[[5.6909,48.3585],[5.6927,48.3678],[5.703,48.3768],[5.6968,48.3959],[5.7384,48.4295],[5.759,48.4388],[5.768,48.4466],[5.7732,48.4601],[5.8091,48.4865],[5.8456,48.5444]]}},{"type":"Feature","properties":{"t":"slow","v":30},"geometry":{"type":"LineString","coordinates":[[3.3447,49.3718],[3.4186,49.3697]]}},{"type":"Feature","properties":{"t":"slow","v":105},"geometry":{"type":"LineString","coordinates":[[5.8804,46.1087],[5.8814,46.1093]]}},{"type":"Feature","properties":{"t":"slow","v":60},"geometry":{"type":"LineString","coordinates":[[1.2739,45.8415],[1.28,45.8448],[1.2786,45.8486],[1.2716,45.8416],[1.2571,45.8441],[1.2516,45.8384]]}},{"type":"Feature","properties":{"t":"fast","v":200},"geometry":{"type":"LineString","coordinates":[[4.7053,44.4421],[4.7105,44.4207],[4.6978,44.3258],[4.7002,44.293],[4.7159,44.2508]]}},{"type":"Feature","properties":{"t":"slow","v":140},"geometry":{"type":"LineString","coordinates":[[5.3424,45.9538],[5.3681,45.9466],[5.3932,45.921]]}},{"type":"Feature","properties":{"t":"slow","v":110},"geometry":{"type":"LineString","coordinates":[[1.2583,45.824],[1.2076,45.7792],[1.1893,45.7765],[1.1763,45.7452],[1.1806,45.7358],[1.1762,45.724],[1.1802,45.7134],[1.171,45.7044],[1.1783,45.6891],[1.1624,45.6821],[1.1563,45.6605],[1.1468,45.6492],[1.135,45.645],[1.1296,45.6325],[1.1117,45.627],[1.0929,45.6302],[1.0725,45.627],[1.0115,45.604]]}},{"type":"Feature","properties":{"t":"slow","v":30},"geometry":{"type":"LineString","coordinates":[[3.0704,50.6363],[3.0818,50.6319]]}},{"type":"Feature","properties":{"t":"fast","v":160},"geometry":{"type":"LineString","coordinates":[[4.769,45.4493],[4.7747,45.3993],[4.796,45.3696],[4.8192,45.2614],[4.8132,45.2534]]}},{"type":"Feature","properties":{"t":"slow","v":140},"geometry":{"type":"LineString","coordinates":[[0.1757,48.0478],[0.1932,48.0569],[0.2087,48.0893],[0.1937,48.1107],[0.1934,48.1242],[0.187,48.1337],[0.1909,48.1513]]}},{"type":"Feature","properties":{"t":"slow","v":130},"geometry":{"type":"LineString","coordinates":[[2.4606,48.8966],[2.4703,48.8943],[2.4854,48.8778],[2.4855,48.8649],[2.4992,48.829]]}},{"type":"Feature","properties":{"t":"slow","v":60},"geometry":{"type":"LineString","coordinates":[[2.3132,48.8351],[2.3118,48.8341]]}},{"type":"Feature","properties":{"t":"slow","v":140},"geometry":{"type":"LineString","coordinates":[[0.9375,48.4516],[0.9187,48.4352],[0.8881,48.4309],[0.8733,48.4141],[0.8704,48.3988],[0.8469,48.3817]]}},{"type":"Feature","properties":{"t":"slow","v":125},"geometry":{"type":"LineString","coordinates":[[3.8791,46.8242],[3.9045,46.8061],[3.9463,46.8106],[3.9671,46.7952],[3.9959,46.7869],[4.0281,46.8031],[4.0248,46.833],[4.0455,46.8424],[4.1075,46.8467]]}},{"type":"Feature","properties":{"t":"slow","v":105},"geometry":{"type":"LineString","coordinates":[[5.7752,44.5095],[5.7648,44.5046],[5.7643,44.4888],[5.7546,44.4672],[5.7141,44.4413],[5.7183,44.4246]]}},{"type":"Feature","properties":{"t":"slow","v":60},"geometry":{"type":"LineString","coordinates":[[7.0113,47.5046],[7.0128,47.5028]]}},{"type":"Feature","properties":{"t":"slow","v":30},"geometry":{"type":"LineString","coordinates":[[-0.5118,44.9247],[-0.5431,44.9178],[-0.5335,44.9016],[-0.531,44.8848]]}},{"type":"Feature","properties":{"t":"slow","v":140},"geometry":{"type":"LineString","coordinates":[[6.1201,45.5478],[6.1385,45.5567],[6.1675,45.559],[6.1834,45.5657],[6.203,45.5577]]}},{"type":"Feature","properties":{"t":"slow","v":70},"geometry":{"type":"LineString","coordinates":[[3.5186,47.465],[3.504,47.4503]]}},{"type":"Feature","properties":{"t":"fast","v":160},"geometry":{"type":"LineString","coordinates":[[1.7109,48.9857],[1.6982,48.9905],[1.6605,48.9825],[1.6239,48.9834],[1.5995,48.9658],[1.5413,48.9431],[1.5165,48.9178],[1.5084,48.9151],[1.4486,48.9223],[1.417,48.9604],[1.3967,48.9652]]}},{"type":"Feature","properties":{"t":"slow","v":40},"geometry":{"type":"LineString","coordinates":[[5.528,48.8039],[5.5081,48.837],[5.5157,48.8522]]}},{"type":"Feature","properties":{"t":"slow","v":110},"geometry":{"type":"LineString","coordinates":[[4.9084,43.9414],[4.91,43.9494],[4.9311,43.9554],[4.9477,43.9346],[4.9707,43.9228],[4.9995,43.9267],[5.0138,43.9206],[5.0475,43.9172]]}},{"type":"Feature","properties":{"t":"slow","v":120},"geometry":{"type":"LineString","coordinates":[[6.7334,43.4317],[6.7608,43.4278],[6.7876,43.4125],[6.8229,43.4187]]}},{"type":"Feature","properties":{"t":"slow","v":110},"geometry":{"type":"LineString","coordinates":[[-0.6176,45.7478],[-0.6162,45.7382],[-0.6059,45.7323],[-0.5338,45.7104],[-0.5287,45.7055],[-0.5272,45.6976],[-0.542,45.6749],[-0.5326,45.6553],[-0.5345,45.6449],[-0.5267,45.633],[-0.5261,45.6218],[-0.5285,45.5927],[-0.539,45.5781]]}},{"type":"Feature","properties":{"t":"slow","v":100},"geometry":{"type":"LineString","coordinates":[[1.022,47.7773],[1.0292,47.7796]]}},{"type":"Feature","properties":{"t":"slow","v":40},"geometry":{"type":"LineString","coordinates":[[2.8236,49.4221],[2.8419,49.4272],[2.8587,49.4214],[2.8885,49.4217],[2.9639,49.4032],[3.0046,49.4052]]}},{"type":"Feature","properties":{"t":"slow","v":120},"geometry":{"type":"LineString","coordinates":[[-0.9147,43.5253],[-0.9352,43.5387],[-0.9719,43.544],[-1.0262,43.5407],[-1.0502,43.5468],[-1.0724,43.5425],[-1.1418,43.5491],[-1.1642,43.5336],[-1.2031,43.5295],[-1.2348,43.5091],[-1.2741,43.4966]]}},{"type":"Feature","properties":{"t":"slow","v":90},"geometry":{"type":"LineString","coordinates":[[0.4893,44.8572],[0.5453,44.8522],[0.5936,44.8554],[0.71,44.8357],[0.7725,44.8442],[0.804,44.8651],[0.8257,44.8644],[0.8426,44.8571],[0.8839,44.8676],[0.898,44.8622],[0.9021,44.8488]]}},{"type":"Feature","properties":{"t":"slow","v":60},"geometry":{"type":"LineString","coordinates":[[2.9982,50.4373],[2.9994,50.4457]]}},{"type":"Feature","properties":{"t":"slow","v":110},"geometry":{"type":"LineString","coordinates":[[1.8019,44.7038],[1.8691,44.6749],[1.8919,44.6558],[1.8954,44.6454]]}},{"type":"Feature","properties":{"t":"lgv","v":300},"geometry":{"type":"LineString","coordinates":[[2.1431,48.6297],[2.1197,48.6134],[2.0616,48.5997],[1.9891,48.5678],[1.9304,48.551],[1.9189,48.5396],[1.8944,48.4955],[1.8461,48.4719],[1.8073,48.4597],[1.7755,48.4389],[1.6964,48.3596],[1.6517,48.3003],[1.5937,48.2635],[1.4409,48.22],[1.403,48.205],[1.3062,48.1826],[1.2239,48.1493],[1.1852,48.1254],[1.1596,48.1025],[1.0958,48.078],[1.0765,48.0646],[1.0494,48.021],[1.045,48.006],[1.0461,47.9842],[1.0579,47.9458],[1.0532,47.8914],[0.9966,47.7625],[0.9932,47.7206],[1.0029,47.6629],[0.9953,47.6063],[0.9726,47.5637],[0.9605,47.5268],[0.9236,47.4737],[0.9041,47.4584],[0.8411,47.4279],[0.8246,47.4142]]}},{"type":"Feature","properties":{"t":"slow","v":30},"geometry":{"type":"LineString","coordinates":[[5.2415,47.1127],[5.2406,47.1032]]}},{"type":"Feature","properties":{"t":"slow","v":120},"geometry":{"type":"LineString","coordinates":[[6.0519,47.2507],[6.078,47.278],[6.1059,47.2753],[6.1392,47.286],[6.1995,47.2926]]}},{"type":"Feature","properties":{"t":"slow","v":90},"geometry":{"type":"LineString","coordinates":[[2.2109,48.8408],[2.1588,48.834],[2.1326,48.8467],[2.1306,48.8595],[2.1146,48.8645],[2.1094,48.8707],[2.0856,48.8725],[2.0667,48.8628],[2.052,48.8696]]}},{"type":"Feature","properties":{"t":"slow","v":115},"geometry":{"type":"LineString","coordinates":[[2.0576,47.2273],[2.0401,47.2395],[2.0153,47.2352],[1.9755,47.2385],[1.9453,47.2547],[1.9261,47.2564],[1.9054,47.2669],[1.8623,47.2707],[1.8039,47.2886]]}},{"type":"Feature","properties":{"t":"slow","v":40},"geometry":{"type":"LineString","coordinates":[[3.3046,48.5558],[3.3135,48.5591],[3.3508,48.5558],[3.3744,48.5682],[3.4024,48.6035],[3.4151,48.6575]]}},{"type":"Feature","properties":{"t":"slow","v":60},"geometry":{"type":"LineString","coordinates":[[-0.4722,44.9347],[-0.4779,44.9283]]}},{"type":"Feature","properties":{"t":"slow","v":70},"geometry":{"type":"LineString","coordinates":[[2.322,48.8809],[2.3219,48.881]]}},{"type":"Feature","properties":{"t":"slow","v":140},"geometry":{"type":"LineString","coordinates":[[-1.3055,43.6577],[-1.3982,43.6138],[-1.4365,43.5803],[-1.451,43.575],[-1.4909,43.533],[-1.491,43.5238]]}},{"type":"Feature","properties":{"t":"slow","v":90},"geometry":{"type":"LineString","coordinates":[[5.5862,44.5598],[5.6277,44.5548],[5.6593,44.5452],[5.6716,44.5328],[5.6806,44.5326],[5.6982,44.5219]]}},{"type":"Feature","properties":{"t":"fast","v":160},"geometry":{"type":"LineString","coordinates":[[5.9669,47.2901],[5.9912,47.3142]]}},{"type":"Feature","properties":{"t":"slow","v":30},"geometry":{"type":"LineString","coordinates":[[3.1208,45.8871],[3.1148,45.8837],[3.1013,45.8953],[3.0762,45.897],[3.0617,45.8857]]}},{"type":"Feature","properties":{"t":"slow","v":100},"geometry":{"type":"LineString","coordinates":[[2.7692,50.2798],[2.7307,50.2707],[2.7115,50.2794],[2.6995,50.2908],[2.6982,50.3225]]}},{"type":"Feature","properties":{"t":"slow","v":50},"geometry":{"type":"LineString","coordinates":[[-2.8083,48.2818],[-2.7834,48.2661],[-2.7796,48.2538],[-2.7598,48.2409],[-2.7543,48.2295],[-2.7518,48.214],[-2.7556,48.207],[-2.7485,48.1985],[-2.763,48.1871],[-2.7631,48.1802]]}},{"type":"Feature","properties":{"t":"fast","v":170},"geometry":{"type":"LineString","coordinates":[[7.1513,48.7674],[7.1724,48.7733]]}},{"type":"Feature","properties":{"t":"slow","v":30},"geometry":{"type":"LineString","coordinates":[[2.8778,50.4726],[2.8783,50.481]]}},{"type":"Feature","properties":{"t":"slow","v":150},"geometry":{"type":"LineString","coordinates":[[2.295,48.8195],[2.3028,48.8085],[2.2999,48.8015]]}},{"type":"Feature","properties":{"t":"slow","v":120},"geometry":{"type":"LineString","coordinates":[[6.1,48.7587],[6.1317,48.766]]}},{"type":"Feature","properties":{"t":"slow","v":30},"geometry":{"type":"LineString","coordinates":[[0.5427,49.499],[0.553,49.4938]]}},{"type":"Feature","properties":{"t":"slow","v":40},"geometry":{"type":"LineString","coordinates":[[1.8984,47.9173],[1.8978,47.9173]]}},{"type":"Feature","properties":{"t":"slow","v":140},"geometry":{"type":"LineString","coordinates":[[6.3724,45.6691],[6.3862,45.6744]]}},{"type":"Feature","properties":{"t":"slow","v":140},"geometry":{"type":"LineString","coordinates":[[6.3793,45.6719],[6.3744,45.6686],[6.3775,45.6646],[6.4066,45.6663],[6.4311,45.6587],[6.4402,45.6478],[6.4519,45.6143]]}},{"type":"Feature","properties":{"t":"slow","v":140},"geometry":{"type":"LineString","coordinates":[[0.4073,46.5276],[0.4351,46.5181],[0.4575,46.4992],[0.5224,46.466],[0.5834,46.4634]]}},{"type":"Feature","properties":{"t":"slow","v":140},"geometry":{"type":"LineString","coordinates":[[-1.6793,48.1024],[-1.6938,48.1015],[-1.7117,48.1125]]}},{"type":"Feature","properties":{"t":"slow","v":80},"geometry":{"type":"LineString","coordinates":[[1.554,45.7866],[1.5741,45.7823],[1.5985,45.7683],[1.6095,45.772],[1.6257,45.7637],[1.6385,45.7678],[1.6481,45.7562],[1.6601,45.761],[1.6812,45.753],[1.6909,45.7572],[1.7525,45.7377],[1.7606,45.7326],[1.7627,45.7198],[1.7895,45.7034],[1.7962,45.6947],[1.7988,45.6766],[1.8098,45.6621],[1.8223,45.6611],[1.8218,45.645],[1.8295,45.6405]]}},{"type":"Feature","properties":{"t":"slow","v":70},"geometry":{"type":"LineString","coordinates":[[2.9861,50.6053],[2.9757,50.6044],[2.972,50.6124],[3.0169,50.6506],[3.0342,50.6566]]}},{"type":"Feature","properties":{"t":"slow","v":50},"geometry":{"type":"LineString","coordinates":[[5.6789,47.5368],[5.6577,47.5348],[5.6503,47.5215]]}},{"type":"Feature","properties":{"t":"fast","v":160},"geometry":{"type":"LineString","coordinates":[[3.4311,46.1958],[3.4302,46.1949]]}},{"type":"Feature","properties":{"t":"slow","v":100},"geometry":{"type":"LineString","coordinates":[[4.5116,43.8145],[4.5088,43.8152]]}},{"type":"Feature","properties":{"t":"slow","v":100},"geometry":{"type":"LineString","coordinates":[[2.3047,48.6115],[2.3014,48.6052]]}},{"type":"Feature","properties":{"t":"lgv","v":300},"geometry":{"type":"LineString","coordinates":[[2.2505,48.7036],[2.238,48.6878],[2.1968,48.6681],[2.1431,48.6297]]}},{"type":"Feature","properties":{"t":"slow","v":100},"geometry":{"type":"LineString","coordinates":[[-1.4716,43.4967],[-1.4647,43.4975],[-1.4614,43.4916],[-1.4903,43.465],[-1.5479,43.4588],[-1.5627,43.452],[-1.5724,43.437],[-1.6149,43.4237],[-1.6321,43.405],[-1.6719,43.3771],[-1.6969,43.3811],[-1.726,43.3668],[-1.7538,43.3732],[-1.7638,43.3705]]}},{"type":"Feature","properties":{"t":"slow","v":130},"geometry":{"type":"LineString","coordinates":[[-0.9815,47.0113],[-0.9671,47.0074],[-0.9541,47.0122],[-0.9275,47.0418]]}},{"type":"Feature","properties":{"t":"slow","v":120},"geometry":{"type":"LineString","coordinates":[[1.7329,49.4941],[1.6923,49.538],[1.6907,49.5542],[1.6798,49.5765],[1.6637,49.5824],[1.6307,49.5826]]}},{"type":"Feature","properties":{"t":"fast","v":160},"geometry":{"type":"LineString","coordinates":[[1.8191,50.8887],[1.8138,50.8995]]}},{"type":"Feature","properties":{"t":"slow","v":100},"geometry":{"type":"LineString","coordinates":[[2.9868,50.6056],[2.986,50.6053]]}},{"type":"Feature","properties":{"t":"slow","v":150},"geometry":{"type":"LineString","coordinates":[[6.1464,49.4221],[6.129,49.4327],[6.1302,49.4539],[6.1115,49.4634],[6.1079,49.4719]]}},{"type":"Feature","properties":{"t":"slow","v":40},"geometry":{"type":"LineString","coordinates":[[2.2947,50.7485],[2.3061,50.7368],[2.3002,50.7246],[2.2871,50.7158],[2.2267,50.7048],[2.187,50.7027],[2.1587,50.7086],[2.1106,50.6998]]}},{"type":"Feature","properties":{"t":"slow","v":105},"geometry":{"type":"LineString","coordinates":[[5.1976,43.3344],[5.2307,43.3305],[5.257,43.3401]]}},{"type":"Feature","properties":{"t":"fast","v":160},"geometry":{"type":"LineString","coordinates":[[6.9452,47.6031],[6.9566,47.6142],[6.9728,47.6121]]}},{"type":"Feature","properties":{"t":"slow","v":110},"geometry":{"type":"LineString","coordinates":[[1.3404,44.653],[1.3395,44.6322],[1.3293,44.6218],[1.3415,44.6067]]}},{"type":"Feature","properties":{"t":"slow","v":70},"geometry":{"type":"LineString","coordinates":[[4.7851,45.5928],[4.7951,45.5827]]}},{"type":"Feature","properties":{"t":"slow","v":30},"geometry":{"type":"LineString","coordinates":[[4.0,50.255],[4.0884,50.2475],[4.1072,50.2368],[4.1321,50.2377],[4.1383,50.2421]]}},{"type":"Feature","properties":{"t":"slow","v":70},"geometry":{"type":"LineString","coordinates":[[-0.2294,46.9818],[-0.2338,46.966],[-0.2279,46.956],[-0.2291,46.9358],[-0.2203,46.9088],[-0.2244,46.8912]]}},{"type":"Feature","properties":{"t":"fast","v":160},"geometry":{"type":"LineString","coordinates":[[3.0062,43.191],[3.0662,43.2482],[3.0777,43.2777],[3.1092,43.2885],[3.1321,43.3155],[3.1626,43.3306],[3.212,43.337],[3.2512,43.3239],[3.2997,43.326],[3.4419,43.3148],[3.4775,43.3185],[3.5017,43.3106],[3.532,43.3167],[3.563,43.332],[3.6468,43.3874],[3.6645,43.4102],[3.6744,43.4143]]}},{"type":"Feature","properties":{"t":"slow","v":100},"geometry":{"type":"LineString","coordinates":[[-1.1002,49.1167],[-1.1217,49.1103],[-1.1293,49.0932],[-1.1575,49.0917]]}},{"type":"Feature","properties":{"t":"slow","v":40},"geometry":{"type":"LineString","coordinates":[[4.8149,43.3911],[4.8263,43.3954]]}},{"type":"Feature","properties":{"t":"slow","v":75},"geometry":{"type":"LineString","coordinates":[[3.9249,45.1608],[3.9313,45.1664],[3.9108,45.1839]]}},{"type":"Feature","properties":{"t":"slow","v":90},"geometry":{"type":"LineString","coordinates":[[2.0795,49.0365],[2.0642,49.0469],[2.019,49.051],[2.007,49.0434]]}},{"type":"Feature","properties":{"t":"slow","v":40},"geometry":{"type":"LineString","coordinates":[[-0.3926,45.1427],[-0.4109,45.1523],[-0.4309,45.1447],[-0.4706,45.1545],[-0.518,45.1366],[-0.5997,45.1397],[-0.642,45.1327],[-0.6553,45.1358],[-0.6632,45.1278]]}},{"type":"Feature","properties":{"t":"slow","v":120},"geometry":{"type":"LineString","coordinates":[[1.5472,45.5627],[1.5397,45.5414],[1.5516,45.5109]]}},{"type":"Feature","properties":{"t":"fast","v":160},"geometry":{"type":"LineString","coordinates":[[0.3357,46.5474],[0.338,46.536],[0.3323,46.5168],[0.3217,46.5015],[0.3228,46.4892],[0.3163,46.4839]]}},{"type":"Feature","properties":{"t":"slow","v":140},"geometry":{"type":"LineString","coordinates":[[2.2747,48.8142],[2.2512,48.8127],[2.2142,48.8211],[2.1997,48.8169],[2.1892,48.8049]]}},{"type":"Feature","properties":{"t":"slow","v":30},"geometry":{"type":"LineString","coordinates":[[6.0447,45.5005],[6.0528,45.5046]]}},{"type":"Feature","properties":{"t":"slow","v":75},"geometry":{"type":"LineString","coordinates":[[7.0849,48.9359],[7.0797,48.9427],[7.0684,48.9393],[7.0577,48.9428],[7.0482,48.957],[7.05,48.9763],[7.043,48.9891]]}},{"type":"Feature","properties":{"t":"slow","v":115},"geometry":{"type":"LineString","coordinates":[[5.9083,45.6928],[5.9088,45.6897]]}},{"type":"Feature","properties":{"t":"slow","v":110},"geometry":{"type":"LineString","coordinates":[[-0.1985,43.1274],[-0.2141,43.152],[-0.2321,43.1669],[-0.2422,43.1824]]}},{"type":"Feature","properties":{"t":"slow","v":30},"geometry":{"type":"LineString","coordinates":[[1.7685,48.4325],[1.7752,48.4404]]}},{"type":"Feature","properties":{"t":"slow","v":70},"geometry":{"type":"LineString","coordinates":[[6.1732,49.094],[6.1787,49.0894],[6.1847,49.0914],[6.1852,49.1134]]}},{"type":"Feature","properties":{"t":"slow","v":140},"geometry":{"type":"LineString","coordinates":[[5.8262,48.9201],[5.8591,48.9357],[5.8641,48.947]]}},{"type":"Feature","properties":{"t":"slow","v":100},"geometry":{"type":"LineString","coordinates":[[5.5928,43.6626],[5.5456,43.6662],[5.5036,43.6844]]}},{"type":"Feature","properties":{"t":"fast","v":160},"geometry":{"type":"LineString","coordinates":[[0.2193,47.9939],[0.1953,47.9947]]}},{"type":"Feature","properties":{"t":"slow","v":30},"geometry":{"type":"LineString","coordinates":[[-4.4242,48.3988],[-4.4708,48.3865]]}},{"type":"Feature","properties":{"t":"slow","v":80},"geometry":{"type":"LineString","coordinates":[[5.9276,46.724],[5.938,46.7109]]}},{"type":"Feature","properties":{"t":"slow","v":20},"geometry":{"type":"LineString","coordinates":[[5.3459,45.9115],[5.3539,45.9032]]}},{"type":"Feature","properties":{"t":"slow","v":90},"geometry":{"type":"LineString","coordinates":[[4.6826,45.8541],[4.7144,45.8506],[4.7184,45.8591]]}},{"type":"Feature","properties":{"t":"fast","v":230},"geometry":{"type":"LineString","coordinates":[[2.7287,48.9346],[2.719,48.9511],[2.732,48.9682]]}},{"type":"Feature","properties":{"t":"slow","v":120},"geometry":{"type":"LineString","coordinates":[[2.3898,49.8521],[2.3772,49.8594],[2.3529,49.864],[2.3465,49.8708],[2.3564,49.8791],[2.3934,49.8845]]}},{"type":"Feature","properties":{"t":"slow","v":40},"geometry":{"type":"LineString","coordinates":[[4.281,45.39],[4.2776,45.3779],[4.2844,45.3732],[4.2843,45.3672],[4.2448,45.3458],[4.2602,45.2926],[4.2675,45.2777],[4.2777,45.271],[4.2874,45.2716],[4.2998,45.2623],[4.3072,45.2499],[4.3064,45.2384],[4.3197,45.2231],[4.3456,45.2197],[4.3553,45.209]]}},{"type":"Feature","properties":{"t":"fast","v":160},"geometry":{"type":"LineString","coordinates":[[-2.0772,47.6481],[-2.099,47.654],[-2.1474,47.6788],[-2.1954,47.6781],[-2.2307,47.6886],[-2.2415,47.6871]]}},{"type":"Feature","properties":{"t":"slow","v":60},"geometry":{"type":"LineString","coordinates":[[4.7641,46.9321],[4.7597,46.9261]]}},{"type":"Feature","properties":{"t":"slow","v":90},"geometry":{"type":"LineString","coordinates":[[2.2306,43.0942],[2.218,43.0671],[2.2231,43.0565]]}},{"type":"Feature","properties":{"t":"slow","v":140},"geometry":{"type":"LineString","coordinates":[[2.569,44.9448],[2.6316,44.9758]]}},{"type":"Feature","properties":{"t":"slow","v":30},"geometry":{"type":"LineString","coordinates":[[-0.5641,44.8166],[-0.5657,44.8167]]}},{"type":"Feature","properties":{"t":"slow","v":90},"geometry":{"type":"LineString","coordinates":[[2.0547,48.8002],[2.0563,48.7934],[2.034,48.7826]]}},{"type":"Feature","properties":{"t":"slow","v":140},"geometry":{"type":"LineString","coordinates":[[-1.2109,48.1226],[-1.2449,48.1121],[-1.2625,48.0995],[-1.2969,48.1126]]}},{"type":"Feature","properties":{"t":"slow","v":60},"geometry":{"type":"LineString","coordinates":[[3.0613,50.6606],[3.0547,50.6651]]}},{"type":"Feature","properties":{"t":"slow","v":90},"geometry":{"type":"LineString","coordinates":[[6.1016,47.2097],[6.1278,47.209],[6.1509,47.1989],[6.1623,47.2002]]}},{"type":"Feature","properties":{"t":"slow","v":40},"geometry":{"type":"LineString","coordinates":[[1.8408,50.6589],[1.7883,50.6396],[1.759,50.6408],[1.747,50.6353],[1.7335,50.6359],[1.7238,50.6445],[1.6718,50.6583]]}},{"type":"Feature","properties":{"t":"slow","v":40},"geometry":{"type":"LineString","coordinates":[[3.3545,46.3889],[3.3559,46.3713],[3.3505,46.354],[3.3369,46.3366],[3.2984,46.3043]]}},{"type":"Feature","properties":{"t":"slow","v":50},"geometry":{"type":"LineString","coordinates":[[2.0866,48.9933],[2.0887,48.9975]]}},{"type":"Feature","properties":{"t":"slow","v":60},"geometry":{"type":"LineString","coordinates":[[5.5098,43.6822],[5.5388,43.6714],[5.5436,43.6625]]}},{"type":"Feature","properties":{"t":"slow","v":110},"geometry":{"type":"LineString","coordinates":[[6.1806,49.1106],[6.1874,49.1157],[6.1858,49.1281],[6.1609,49.1383],[6.1561,49.1487]]}},{"type":"Feature","properties":{"t":"slow","v":90},"geometry":{"type":"LineString","coordinates":[[5.8024,49.5412],[5.8108,49.5434]]}},{"type":"Feature","properties":{"t":"fast","v":160},"geometry":{"type":"LineString","coordinates":[[7.4138,48.7635],[7.4325,48.7633],[7.4669,48.7513],[7.5078,48.7459],[7.5668,48.7551],[7.6357,48.7563],[7.6917,48.7407],[7.7007,48.7316],[7.7172,48.6709],[7.7268,48.607],[7.7411,48.5962],[7.7323,48.5838]]}},{"type":"Feature","properties":{"t":"slow","v":150},"geometry":{"type":"LineString","coordinates":[[5.1908,43.4935],[5.2007,43.4933],[5.2169,43.5027],[5.2294,43.498],[5.2367,43.4353],[5.2663,43.3989]]}},{"type":"Feature","properties":{"t":"slow","v":80},"geometry":{"type":"LineString","coordinates":[[1.6038,45.1741],[1.6179,45.1716],[1.6372,45.1814],[1.6559,45.1813],[1.6541,45.1931],[1.6648,45.2054],[1.6818,45.2064],[1.7008,45.2161],[1.7165,45.2313],[1.7289,45.2321],[1.7612,45.2528],[1.756,45.2587]]}},{"type":"Feature","properties":{"t":"slow","v":100},"geometry":{"type":"LineString","coordinates":[[1.2168,45.8997],[1.2581,45.8864],[1.2676,45.8608],[1.2804,45.8463],[1.2739,45.8415]]}},{"type":"Feature","properties":{"t":"fast","v":210},"geometry":{"type":"LineString","coordinates":[[-0.176,45.001],[-0.2118,44.9642]]}},{"type":"Feature","properties":{"t":"slow","v":110},"geometry":{"type":"LineString","coordinates":[[5.393,43.3211],[5.3906,43.3083]]}},{"type":"Feature","properties":{"t":"slow","v":80},"geometry":{"type":"LineString","coordinates":[[2.3559,48.8779],[2.3257,48.8751]]}},{"type":"Feature","properties":{"t":"slow","v":30},"geometry":{"type":"LineString","coordinates":[[5.4057,43.2975],[5.4044,43.281]]}},{"type":"Feature","properties":{"t":"fast","v":160},"geometry":{"type":"LineString","coordinates":[[0.8983,49.5973],[0.8658,49.6308],[0.8465,49.6367],[0.7639,49.6232],[0.6251,49.6118],[0.4872,49.5917]]}},{"type":"Feature","properties":{"t":"slow","v":30},"geometry":{"type":"LineString","coordinates":[[2.4388,48.7559],[2.4336,48.765]]}},{"type":"Feature","properties":{"t":"slow","v":30},"geometry":{"type":"LineString","coordinates":[[-0.244,47.7913],[-0.2787,47.8108],[-0.3243,47.8472],[-0.3327,47.8469]]}},{"type":"Feature","properties":{"t":"slow","v":90},"geometry":{"type":"LineString","coordinates":[[5.9422,48.2026],[5.9628,48.2081],[5.9899,48.2052],[6.0,48.2105],[6.0514,48.2154],[6.0867,48.2425],[6.1387,48.2581],[6.1503,48.2669],[6.1466,48.2704]]}},{"type":"Feature","properties":{"t":"slow","v":130},"geometry":{"type":"LineString","coordinates":[[-0.9112,43.5246],[-0.9148,43.5253]]}},{"type":"Feature","properties":{"t":"slow","v":75},"geometry":{"type":"LineString","coordinates":[[2.2323,44.9524],[2.2458,44.9491],[2.253,44.9351],[2.2712,44.9241],[2.2956,44.9167]]}},{"type":"Feature","properties":{"t":"slow","v":80},"geometry":{"type":"LineString","coordinates":[[7.5263,43.8951],[7.5308,43.8902]]}},{"type":"Feature","properties":{"t":"slow","v":90},"geometry":{"type":"LineString","coordinates":[[3.3422,50.3141],[3.3445,50.3211],[3.3659,50.3316],[3.4039,50.3358],[3.4235,50.3296],[3.4307,50.3136],[3.4456,50.3115],[3.4787,50.3217],[3.5063,50.3411],[3.516,50.3525],[3.5166,50.3644]]}},{"type":"Feature","properties":{"t":"fast","v":200},"geometry":{"type":"LineString","coordinates":[[0.1244,45.8277],[0.1147,45.8343]]}},{"type":"Feature","properties":{"t":"slow","v":100},"geometry":{"type":"LineString","coordinates":[[5.9144,46.1298],[5.9262,46.1361],[5.9564,46.1337],[5.9799,46.1733],[5.9911,46.1779]]}},{"type":"Feature","properties":{"t":"slow","v":140},"geometry":{"type":"LineString","coordinates":[[6.2803,46.7766],[6.2834,46.767],[6.297,46.7604],[6.3477,46.7135]]}},{"type":"Feature","properties":{"t":"fast","v":160},"geometry":{"type":"LineString","coordinates":[[-0.4327,49.188],[-0.5783,49.2159],[-0.6264,49.2173],[-0.6368,49.2306],[-0.6823,49.2651],[-0.6963,49.2696],[-0.7502,49.2573],[-0.8084,49.2599],[-0.9559,49.2355],[-1.0571,49.2273],[-1.0782,49.2372],[-1.0925,49.2593],[-1.1243,49.289],[-1.1932,49.2897],[-1.2337,49.3007]]}},{"type":"Feature","properties":{"t":"slow","v":120},"geometry":{"type":"LineString","coordinates":[[-1.1437,49.1415],[-1.1468,49.1366],[-1.1431,49.1315],[-1.1217,49.1227],[-1.1034,49.1235],[-1.1002,49.1167]]}},{"type":"Feature","properties":{"t":"slow","v":30},"geometry":{"type":"LineString","coordinates":[[5.8784,49.1661],[5.8936,49.1624],[5.9227,49.1652],[5.9465,49.1552],[5.9757,49.1673]]}},{"type":"Feature","properties":{"t":"slow","v":80},"geometry":{"type":"LineString","coordinates":[[2.3219,48.881],[2.3083,48.8915]]}},{"type":"Feature","properties":{"t":"slow","v":90},"geometry":{"type":"LineString","coordinates":[[2.835,50.4232],[2.8459,50.4165]]}},{"type":"Feature","properties":{"t":"slow","v":40},"geometry":{"type":"LineString","coordinates":[[1.4418,45.1968],[1.4595,45.1787],[1.4694,45.1579],[1.5059,45.1508]]}},{"type":"Feature","properties":{"t":"fast","v":160},"geometry":{"type":"LineString","coordinates":[[4.6578,43.8013],[4.6073,43.8096],[4.5459,43.7884],[4.4995,43.8203],[4.4088,43.8466],[4.3786,43.8449],[4.3636,43.8303],[4.3244,43.8112],[4.3077,43.7919],[4.2555,43.7498],[4.2183,43.7395],[4.1671,43.7135],[4.1396,43.6822],[4.0747,43.6778],[3.9873,43.646],[3.9709,43.6361],[3.9394,43.6392],[3.8946,43.6245],[3.8835,43.6145],[3.8754,43.5828],[3.8438,43.5347],[3.7913,43.4928],[3.7621,43.4534],[3.7529,43.4291],[3.7308,43.4197],[3.6902,43.4119],[3.6791,43.4142]]}},{"type":"Feature","properties":{"t":"lgv","v":270},"geometry":{"type":"LineString","coordinates":[[1.8287,50.8708],[1.8191,50.8889]]}},{"type":"Feature","properties":{"t":"slow","v":90},"geometry":{"type":"LineString","coordinates":[[4.7689,45.5927],[4.7807,45.6021],[4.7908,45.6037]]}},{"type":"Feature","properties":{"t":"slow","v":20},"geometry":{"type":"LineString","coordinates":[[3.5418,49.3324],[3.6149,49.3053]]}},{"type":"Feature","properties":{"t":"fast","v":160},"geometry":{"type":"LineString","coordinates":[[3.4285,46.2105],[3.4322,46.2079]]}},{"type":"Feature","properties":{"t":"slow","v":120},"geometry":{"type":"LineString","coordinates":[[2.3014,48.6052],[2.3001,48.6026]]}},{"type":"Feature","properties":{"t":"slow","v":30},"geometry":{"type":"LineString","coordinates":[[0.1635,49.4862],[0.1673,49.4833],[0.2017,49.4874]]}},{"type":"Feature","properties":{"t":"slow","v":90},"geometry":{"type":"LineString","coordinates":[[6.2674,46.1256],[6.26,46.1289],[6.2426,46.1606]]}},{"type":"Feature","properties":{"t":"slow","v":50},"geometry":{"type":"LineString","coordinates":[[0.1895,49.5429],[0.2227,49.5616],[0.2248,49.5706],[0.2151,49.5838]]}},{"type":"Feature","properties":{"t":"fast","v":170},"geometry":{"type":"LineString","coordinates":[[4.5283,43.8309],[4.5124,43.821],[4.4989,43.8208]]}},{"type":"Feature","properties":{"t":"slow","v":80},"geometry":{"type":"LineString","coordinates":[[5.0035,43.5808],[5.0085,43.5756],[5.0015,43.5716]]}},{"type":"Feature","properties":{"t":"slow","v":120},"geometry":{"type":"LineString","coordinates":[[5.8521,47.1183],[5.8487,47.1071],[5.8256,47.0876],[5.8207,47.0586],[5.7764,47.0362],[5.7755,47.0315]]}},{"type":"Feature","properties":{"t":"slow","v":40},"geometry":{"type":"LineString","coordinates":[[5.767,49.51],[5.7711,49.5134]]}},{"type":"Feature","properties":{"t":"slow","v":80},"geometry":{"type":"LineString","coordinates":[[1.1137,46.021],[1.1175,46.0159],[1.1638,46.0014],[1.1693,45.9935],[1.1649,45.9864],[1.1733,45.9663],[1.1684,45.9568],[1.1713,45.9491],[1.1649,45.9376],[1.1665,45.9306],[1.1842,45.9215],[1.1931,45.9103],[1.2168,45.8997]]}},{"type":"Feature","properties":{"t":"slow","v":40},"geometry":{"type":"LineString","coordinates":[[4.7638,45.6737],[4.7618,45.6659],[4.7669,45.6518],[4.7604,45.6448],[4.7596,45.6354],[4.7754,45.6099],[4.7701,45.5946]]}},{"type":"Feature","properties":{"t":"slow","v":30},"geometry":{"type":"LineString","coordinates":[[-1.8669,47.1063],[-1.9009,47.1177],[-1.9158,47.1285],[-1.9447,47.1842],[-2.0232,47.2019],[-2.0256,47.211],[-2.0173,47.2306],[-2.0202,47.2508],[-2.0291,47.266],[-2.0274,47.2864]]}},{"type":"Feature","properties":{"t":"slow","v":60},"geometry":{"type":"LineString","coordinates":[[2.2208,48.8994],[2.2207,48.9039],[2.2279,48.9062]]}},{"type":"Feature","properties":{"t":"fast","v":230},"geometry":{"type":"LineString","coordinates":[[0.2346,46.5132],[0.2429,46.5288]]}},{"type":"Feature","properties":{"t":"slow","v":120},"geometry":{"type":"LineString","coordinates":[[4.8027,45.7794],[4.7989,45.7679],[4.8269,45.7479]]}},{"type":"Feature","properties":{"t":"slow","v":90},"geometry":{"type":"LineString","coordinates":[[5.7127,45.1641],[5.7005,45.1234],[5.724,45.092],[5.7424,45.0853]]}},{"type":"Feature","properties":{"t":"lgv","v":300},"geometry":{"type":"LineString","coordinates":[[4.8812,45.8828],[4.8915,45.8356]]}},{"type":"Feature","properties":{"t":"slow","v":30},"geometry":{"type":"LineString","coordinates":[[5.3598,43.4984],[5.3697,43.4918]]}},{"type":"Feature","properties":{"t":"slow","v":150},"geometry":{"type":"LineString","coordinates":[[1.1815,48.7786],[1.0956,48.7834],[1.0647,48.7645],[1.0325,48.7531],[0.9831,48.7501],[0.9476,48.7415],[0.9293,48.7427]]}},{"type":"Feature","properties":{"t":"slow","v":145},"geometry":{"type":"LineString","coordinates":[[-2.3017,48.3537],[-2.329,48.3706],[-2.3677,48.3804],[-2.3761,48.3944]]}},{"type":"Feature","properties":{"t":"fast","v":160},"geometry":{"type":"LineString","coordinates":[[0.2476,49.1312],[0.2444,49.1322]]}},{"type":"Feature","properties":{"t":"slow","v":70},"geometry":{"type":"LineString","coordinates":[[2.314,48.8877],[2.2808,48.9064],[2.2578,48.9017]]}},{"type":"Feature","properties":{"t":"slow","v":60},"geometry":{"type":"LineString","coordinates":[[0.5789,45.8892],[0.5397,45.859],[0.5108,45.8466],[0.5051,45.8376],[0.4854,45.8336],[0.4717,45.8251],[0.4566,45.8261],[0.4462,45.8188],[0.4316,45.7979],[0.4189,45.7932],[0.4036,45.7792],[0.408,45.7686],[0.4057,45.7568],[0.3899,45.7437],[0.3898,45.733],[0.3835,45.7294],[0.3663,45.7324],[0.3605,45.7196],[0.3437,45.7169],[0.3219,45.6925],[0.3202,45.673],[0.3113,45.6622],[0.2734,45.6508],[0.2612,45.6605],[0.2459,45.6596],[0.2327,45.6727],[0.2113,45.6788],[0.1775,45.6727],[0.1713,45.6613]]}},{"type":"Feature","properties":{"t":"slow","v":30},"geometry":{"type":"LineString","coordinates":[[1.7752,48.4403],[1.7752,48.4404]]}},{"type":"Feature","properties":{"t":"slow","v":80},"geometry":{"type":"LineString","coordinates":[[4.7918,46.2725],[4.796,46.2691]]}},{"type":"Feature","properties":{"t":"slow","v":40},"geometry":{"type":"LineString","coordinates":[[2.3754,48.897],[2.3187,48.8951]]}},{"type":"Feature","properties":{"t":"slow","v":70},"geometry":{"type":"LineString","coordinates":[[6.9977,47.8899],[6.9733,47.9038],[6.9691,47.9245]]}},{"type":"Feature","properties":{"t":"slow","v":140},"geometry":{"type":"LineString","coordinates":[[3.4321,46.2079],[3.4538,46.1963],[3.5355,46.2178],[3.5866,46.2133],[3.6062,46.2207]]}},{"type":"Feature","properties":{"t":"slow","v":60},"geometry":{"type":"LineString","coordinates":[[4.8031,45.3014],[4.8076,45.3091]]}},{"type":"Feature","properties":{"t":"slow","v":40},"geometry":{"type":"LineString","coordinates":[[0.1583,44.5078],[0.1417,44.5062],[0.1205,44.4705],[0.1179,44.4458],[0.1268,44.4266],[0.1241,44.4068],[0.0973,44.3814],[0.0889,44.3309],[0.0797,44.3115]]}},{"type":"Feature","properties":{"t":"slow","v":40},"geometry":{"type":"LineString","coordinates":[[3.9787,49.0429],[3.9816,49.0384]]}},{"type":"Feature","properties":{"t":"fast","v":160},"geometry":{"type":"LineString","coordinates":[[-4.01,47.9874],[-4.0928,47.9949]]}},{"type":"Feature","properties":{"t":"slow","v":80},"geometry":{"type":"LineString","coordinates":[[4.9927,45.0062],[4.983,45.0022],[4.9785,44.9933]]}},{"type":"Feature","properties":{"t":"slow","v":120},"geometry":{"type":"LineString","coordinates":[[5.5026,43.5862],[5.478,43.5868],[5.4206,43.5731],[5.4087,43.574]]}},{"type":"Feature","properties":{"t":"slow","v":90},"geometry":{"type":"LineString","coordinates":[[3.6809,47.6795],[3.6765,47.6697],[3.6785,47.6617],[3.6648,47.6416],[3.6681,47.6211],[3.6782,47.6086],[3.6687,47.5973],[3.6418,47.5867],[3.6446,47.5775],[3.6337,47.5682],[3.6429,47.5602],[3.6323,47.5525],[3.6348,47.5371],[3.6221,47.5294],[3.6071,47.5345],[3.5944,47.5259],[3.5592,47.5298],[3.5269,47.5178],[3.5077,47.4939],[3.522,47.4771],[3.5206,47.4667]]}},{"type":"Feature","properties":{"t":"slow","v":75},"geometry":{"type":"LineString","coordinates":[[2.1601,44.6651],[2.1748,44.6689],[2.1866,44.6805],[2.1922,44.6989],[2.1998,44.706]]}},{"type":"Feature","properties":{"t":"slow","v":60},"geometry":{"type":"LineString","coordinates":[[0.4673,49.578],[0.4638,49.5725],[0.4666,49.5651],[0.5263,49.5282],[0.5347,49.5069]]}},{"type":"Feature","properties":{"t":"slow","v":100},"geometry":{"type":"LineString","coordinates":[[4.1158,46.4462],[4.123,46.4433]]}},{"type":"Feature","properties":{"t":"slow","v":100},"geometry":{"type":"LineString","coordinates":[[7.7824,48.8133],[7.7817,48.8203],[7.8221,48.912],[7.8721,48.9348],[7.933,48.9312],[7.9493,48.939],[7.9566,48.9517],[7.9528,48.9696],[7.9722,49.0126],[7.9666,49.0241],[7.9505,49.0315]]}},{"type":"Feature","properties":{"t":"fast","v":220},"geometry":{"type":"LineString","coordinates":[[2.9924,50.6616],[2.9804,50.6585]]}},{"type":"Feature","properties":{"t":"slow","v":40},"geometry":{"type":"LineString","coordinates":[[5.678,44.7249],[5.6775,44.7064],[5.6838,44.6909],[5.6978,44.6756],[5.6931,44.6575],[5.702,44.6451]]}},{"type":"Feature","properties":{"t":"slow","v":140},"geometry":{"type":"LineString","coordinates":[[2.4139,48.8191],[2.4296,48.7974],[2.4362,48.7764],[2.4339,48.7533],[2.4454,48.738],[2.445,48.7269]]}},{"type":"Feature","properties":{"t":"slow","v":100},"geometry":{"type":"LineString","coordinates":[[5.9215,46.8587],[5.9113,46.8524],[5.9203,46.8344],[5.9114,46.8157]]}},{"type":"Feature","properties":{"t":"slow","v":40},"geometry":{"type":"LineString","coordinates":[[4.3558,48.931],[4.3383,48.906],[4.2517,48.8263],[4.2489,48.8094],[4.2322,48.7965],[4.2144,48.7631],[4.1887,48.7442],[4.1973,48.7336],[4.1954,48.726],[4.2038,48.7078],[4.1979,48.692],[4.1828,48.6761],[4.1333,48.6644],[4.1057,48.6395],[4.1099,48.6289],[4.1031,48.5822],[4.1123,48.5674],[4.1325,48.5496],[4.1314,48.5351],[4.1232,48.5276],[4.1304,48.5172],[4.1041,48.5026],[4.1173,48.4553],[4.1244,48.4442],[4.1603,48.4219],[4.1726,48.404],[4.2007,48.3847],[4.1957,48.3633],[4.1741,48.3469],[4.1397,48.3429],[4.0635,48.3123],[4.0519,48.3189]]}},{"type":"Feature","properties":{"t":"slow","v":100},"geometry":{"type":"LineString","coordinates":[[2.352,48.4848],[2.3523,48.4604],[2.3649,48.4507],[2.3625,48.4413],[2.3783,48.4332],[2.3995,48.4045],[2.3904,48.3895],[2.3914,48.3785],[2.3798,48.3606],[2.3818,48.3504],[2.3717,48.3207],[2.4009,48.2936]]}},{"type":"Feature","properties":{"t":"slow","v":40},"geometry":{"type":"LineString","coordinates":[[4.8768,45.8207],[4.8774,45.8306],[4.8383,45.8394],[4.8374,45.8464],[4.847,45.8629],[4.845,45.8763],[4.8298,45.8911],[4.819,45.9259],[4.8074,45.9341],[4.7912,45.9363]]}},{"type":"Feature","properties":{"t":"slow","v":85},"geometry":{"type":"LineString","coordinates":[[6.4962,44.5667],[6.5085,44.5727],[6.5144,44.5893],[6.5247,44.5977],[6.5359,44.6214],[6.5515,44.6318],[6.5719,44.6348],[6.5911,44.6611],[6.6155,44.6746]]}},{"type":"Feature","properties":{"t":"slow","v":100},"geometry":{"type":"LineString","coordinates":[[4.1395,45.2972],[4.1453,45.3109],[4.1585,45.3218],[4.1578,45.3306],[4.1798,45.3313],[4.1862,45.3363],[4.1966,45.3491],[4.1986,45.3717],[4.217,45.3775],[4.2257,45.3856]]}},{"type":"Feature","properties":{"t":"slow","v":100},"geometry":{"type":"LineString","coordinates":[[1.2516,45.8384],[1.247,45.8339],[1.229,45.8342],[1.2156,45.8261],[1.2101,45.8164],[1.1842,45.8043],[1.1482,45.7955],[1.1287,45.8007],[1.1188,45.8088],[1.1225,45.8325],[1.0957,45.8486],[1.087,45.8627],[1.0673,45.8625],[1.0546,45.8745],[1.0418,45.8792],[1.0098,45.8767]]}},{"type":"Feature","properties":{"t":"slow","v":100},"geometry":{"type":"LineString","coordinates":[[-1.3737,49.0674],[-1.389,49.0659],[-1.3946,49.0562],[-1.423,49.045],[-1.4404,49.0436],[-1.4427,49.0331],[-1.4681,49.0246],[-1.4699,49.0064],[-1.4619,48.9974],[-1.4502,48.9609]]}},{"type":"Feature","properties":{"t":"slow","v":70},"geometry":{"type":"LineString","coordinates":[[3.0034,45.8647],[3.0115,45.856],[3.0212,45.8533],[3.0151,45.8455],[3.0264,45.8265],[3.0448,45.8209],[3.0431,45.8135],[3.0345,45.8092],[3.048,45.802],[3.0488,45.7946]]}},{"type":"Feature","properties":{"t":"slow","v":150},"geometry":{"type":"LineString","coordinates":[[2.7328,48.7373],[2.7424,48.6975],[2.7678,48.6836],[2.783,48.6648],[2.8566,48.6293]]}},{"type":"Feature","properties":{"t":"fast","v":160},"geometry":{"type":"LineString","coordinates":[[0.3496,46.6082],[0.3328,46.5824]]}},{"type":"Feature","properties":{"t":"fast","v":220},"geometry":{"type":"LineString","coordinates":[[0.1148,45.8343],[0.1085,45.8463]]}},{"type":"Feature","properties":{"t":"slow","v":40},"geometry":{"type":"LineString","coordinates":[[2.5977,45.6316],[2.6127,45.6391],[2.64,45.6323],[2.667,45.6354],[2.6814,45.6417],[2.6999,45.6421],[2.7049,45.6471]]}},{"type":"Feature","properties":{"t":"slow","v":130},"geometry":{"type":"LineString","coordinates":[[6.1317,48.7838],[6.1126,48.7925],[6.111,48.8033]]}},{"type":"Feature","properties":{"t":"slow","v":120},"geometry":{"type":"LineString","coordinates":[[4.5088,43.8152],[4.4917,43.8069]]}},{"type":"Feature","properties":{"t":"slow","v":105},"geometry":{"type":"LineString","coordinates":[[4.973,43.4968],[4.9588,43.4849],[4.9534,43.4728],[4.9596,43.4585],[4.9682,43.4514],[4.9693,43.4372],[4.9781,43.4193],[4.9765,43.4119],[4.986,43.4072],[5.0216,43.4083],[5.0256,43.3929]]}},{"type":"Feature","properties":{"t":"slow","v":115},"geometry":{"type":"LineString","coordinates":[[5.8547,44.2682],[5.8561,44.2631],[5.8859,44.2499],[5.8929,44.2382],[5.9375,44.2022],[5.9491,44.1857],[5.952,44.1554],[5.9638,44.1487],[6.0128,44.0961],[5.9943,44.0548],[5.9558,44.0369],[5.9283,44.0175],[5.8925,43.9408],[5.894,43.9289],[5.8805,43.8927],[5.8252,43.8472]]}},{"type":"Feature","properties":{"t":"slow","v":40},"geometry":{"type":"LineString","coordinates":[[7.7281,48.6005],[7.7284,48.5985]]}},{"type":"Feature","properties":{"t":"slow","v":50},"geometry":{"type":"LineString","coordinates":[[5.3304,47.8906],[5.3322,47.8969],[5.3546,47.9129],[5.3893,47.9077],[5.4235,47.9119],[5.4976,47.9073],[5.5086,47.9176]]}},{"type":"Feature","properties":{"t":"slow","v":50},"geometry":{"type":"LineString","coordinates":[[0.2006,47.9787],[0.1831,47.9716]]}},{"type":"Feature","properties":{"t":"slow","v":60},"geometry":{"type":"LineString","coordinates":[[4.9003,43.4729],[4.9006,43.4617],[4.9092,43.4569]]}},{"type":"Feature","properties":{"t":"fast","v":160},"geometry":{"type":"LineString","coordinates":[[-0.8436,48.0861],[-0.8341,48.0842]]}},{"type":"Feature","properties":{"t":"slow","v":120},"geometry":{"type":"LineString","coordinates":[[3.0898,50.6231],[3.1188,50.59]]}},{"type":"Feature","properties":{"t":"fast","v":160},"geometry":{"type":"LineString","coordinates":[[5.2928,48.7169],[5.3031,48.7147],[5.3366,48.7219],[5.3662,48.7195],[5.4032,48.7476]]}},{"type":"Feature","properties":{"t":"slow","v":80},"geometry":{"type":"LineString","coordinates":[[-0.9305,46.7261],[-0.8643,46.742]]}},{"type":"Feature","properties":{"t":"slow","v":110},"geometry":{"type":"LineString","coordinates":[[2.9188,50.554],[2.8999,50.5466],[2.8691,50.5482],[2.8352,50.5412],[2.7873,50.5204],[2.7411,50.5224],[2.6877,50.5364],[2.67,50.5336],[2.6567,50.5189],[2.6435,50.5202]]}},{"type":"Feature","properties":{"t":"slow","v":140},"geometry":{"type":"LineString","coordinates":[[-2.0869,47.3134],[-2.1063,47.3236],[-2.1538,47.3231],[-2.1692,47.3182],[-2.197,47.2977],[-2.2022,47.2884],[-2.211,47.2867]]}},{"type":"Feature","properties":{"t":"slow","v":150},"geometry":{"type":"LineString","coordinates":[[2.6143,48.9566],[2.6204,48.9649],[2.5832,48.9811],[2.5725,48.9927]]}},{"type":"Feature","properties":{"t":"fast","v":160},"geometry":{"type":"LineString","coordinates":[[4.5249,48.2553],[4.5393,48.2616],[4.5571,48.2846],[4.5715,48.2887],[4.7073,48.2384]]}},{"type":"Feature","properties":{"t":"fast","v":160},"geometry":{"type":"LineString","coordinates":[[5.0567,45.6574],[5.0793,45.6488]]}},{"type":"Feature","properties":{"t":"fast","v":160},"geometry":{"type":"LineString","coordinates":[[4.5198,43.8251],[4.52,43.8253]]}},{"type":"Feature","properties":{"t":"slow","v":30},"geometry":{"type":"LineString","coordinates":[[3.2865,49.8348],[3.2796,49.8368]]}},{"type":"Feature","properties":{"t":"slow","v":80},"geometry":{"type":"LineString","coordinates":[[2.1523,44.0485],[2.1463,44.0594],[2.1732,44.057],[2.181,44.0609],[2.187,44.0746],[2.1943,44.0763]]}},{"type":"Feature","properties":{"t":"slow","v":40},"geometry":{"type":"LineString","coordinates":[[4.3794,49.0528],[4.3796,49.0596],[4.3849,49.062],[4.4286,49.059],[4.4846,49.0665],[4.5147,49.0895],[4.5296,49.1158],[4.5403,49.1202],[4.674,49.1004],[4.6845,49.0914],[4.7136,49.0924],[4.748,49.0801],[4.7637,49.0832],[4.801,49.0794]]}},{"type":"Feature","properties":{"t":"fast","v":200},"geometry":{"type":"LineString","coordinates":[[0.254,46.3611],[0.2538,46.3608]]}},{"type":"Feature","properties":{"t":"slow","v":40},"geometry":{"type":"LineString","coordinates":[[6.9343,45.9962],[6.9225,46.0123]]}},{"type":"Feature","properties":{"t":"slow","v":70},"geometry":{"type":"LineString","coordinates":[[2.0359,44.6042],[2.0415,44.5814],[2.0597,44.5842]]}},{"type":"Feature","properties":{"t":"slow","v":90},"geometry":{"type":"LineString","coordinates":[[2.2602,48.913],[2.2061,48.8986]]}},{"type":"Feature","properties":{"t":"slow","v":70},"geometry":{"type":"LineString","coordinates":[[4.3762,43.8482],[4.3785,43.8454],[4.3737,43.8402]]}},{"type":"Feature","properties":{"t":"slow","v":150},"geometry":{"type":"LineString","coordinates":[[1.6816,48.605],[1.6607,48.5933],[1.6315,48.5968],[1.5968,48.5928],[1.5927,48.5862],[1.5938,48.5504],[1.585,48.5334],[1.5441,48.5018],[1.5347,48.4857],[1.5094,48.4822],[1.4911,48.4697]]}},{"type":"Feature","properties":{"t":"slow","v":40},"geometry":{"type":"LineString","coordinates":[[2.5936,46.2991],[2.5846,46.292],[2.5846,46.286],[2.5543,46.2628],[2.533,46.257],[2.515,46.2435],[2.4869,46.2381],[2.4938,46.2268],[2.4921,46.2187],[2.4779,46.2145],[2.4572,46.1974],[2.4571,46.1915],[2.4831,46.1801],[2.4807,46.1513],[2.4975,46.1429],[2.5037,46.1296],[2.4871,46.1021],[2.4888,46.0953],[2.4826,46.0795],[2.4868,46.0672],[2.4847,46.0371],[2.4907,46.0316],[2.4911,46.0205]]}},{"type":"Feature","properties":{"t":"slow","v":70},"geometry":{"type":"LineString","coordinates":[[2.049,47.42],[2.0486,47.4147],[2.0192,47.4005],[1.9866,47.3954],[1.9567,47.3832],[1.9244,47.3887],[1.8392,47.3909],[1.7934,47.3683],[1.7329,47.3637],[1.7392,47.3576],[1.7381,47.3497],[1.6729,47.314],[1.6734,47.2803],[1.6599,47.2791],[1.6385,47.2374],[1.6152,47.2154],[1.6097,47.2043],[1.557,47.1612],[1.51,47.1527],[1.4832,47.1378],[1.4485,47.1413],[1.4341,47.131]]}},{"type":"Feature","properties":{"t":"slow","v":130},"geometry":{"type":"LineString","coordinates":[[3.4245,46.0593],[3.3575,46.0029],[3.3339,46.0038],[3.3199,45.9878],[3.3097,45.9851]]}},{"type":"Feature","properties":{"t":"slow","v":110},"geometry":{"type":"LineString","coordinates":[[-1.0199,45.3936],[-1.0734,45.472],[-1.1182,45.5101],[-1.117,45.5188],[-1.096,45.5414],[-1.0649,45.5493]]}},{"type":"Feature","properties":{"t":"slow","v":80},"geometry":{"type":"LineString","coordinates":[[6.0441,49.2467],[6.0765,49.2548],[6.1559,49.2633],[6.1622,49.2614],[6.1642,49.2553]]}},{"type":"Feature","properties":{"t":"slow","v":130},"geometry":{"type":"LineString","coordinates":[[1.0581,49.4558],[1.0494,49.4971],[1.0303,49.5266],[0.9832,49.5444],[0.9539,49.5491]]}},{"type":"Feature","properties":{"t":"slow","v":80},"geometry":{"type":"LineString","coordinates":[[2.0949,48.9958],[2.0889,48.9974],[2.0884,49.0162]]}},{"type":"Feature","properties":{"t":"slow","v":140},"geometry":{"type":"LineString","coordinates":[[4.5743,43.938],[4.5636,43.9368],[4.559,43.9311]]}},{"type":"Feature","properties":{"t":"slow","v":40},"geometry":{"type":"LineString","coordinates":[[2.0883,48.7963],[2.0771,48.8026]]}},{"type":"Feature","properties":{"t":"slow","v":130},"geometry":{"type":"LineString","coordinates":[[5.0475,43.9172],[5.0531,43.9136],[5.0579,43.8739],[5.0433,43.8424]]}},{"type":"Feature","properties":{"t":"slow","v":110},"geometry":{"type":"LineString","coordinates":[[5.5964,48.1024],[5.585,48.1171],[5.5679,48.1233],[5.5591,48.1408],[5.5811,48.181],[5.5762,48.1918],[5.5951,48.2052],[5.6006,48.2171],[5.6093,48.2225],[5.6212,48.2508],[5.643,48.2675],[5.6605,48.2916],[5.6587,48.2992],[5.667,48.3091],[5.6623,48.3191],[5.6688,48.3313],[5.6669,48.3499],[5.6909,48.3585]]}},{"type":"Feature","properties":{"t":"slow","v":140},"geometry":{"type":"LineString","coordinates":[[2.3797,48.8272],[2.4057,48.7949],[2.4118,48.7631],[2.4263,48.7403],[2.4263,48.7323],[2.3813,48.6889],[2.324,48.6656],[2.3067,48.6478],[2.3064,48.6386]]}},{"type":"Feature","properties":{"t":"slow","v":30},"geometry":{"type":"LineString","coordinates":[[4.8196,44.1375],[4.852,44.1305]]}},{"type":"Feature","properties":{"t":"fast","v":220},"geometry":{"type":"LineString","coordinates":[[2.5557,48.8768],[2.642,48.8753]]}},{"type":"Feature","properties":{"t":"fast","v":230},"geometry":{"type":"LineString","coordinates":[[0.2304,46.5058],[0.219,46.487]]}},{"type":"Feature","properties":{"t":"slow","v":75},"geometry":{"type":"LineString","coordinates":[[0.668,47.3542],[0.6529,47.3525],[0.6487,47.3428],[0.6612,47.3329],[0.6875,47.3293],[0.7085,47.3169],[0.7215,47.2917]]}},{"type":"Feature","properties":{"t":"slow","v":110},"geometry":{"type":"LineString","coordinates":[[-1.7662,46.5493],[-1.7414,46.5744],[-1.6643,46.6061],[-1.643,46.6066],[-1.4392,46.663],[-1.4355,46.6668],[-1.4363,46.6808]]}},{"type":"Feature","properties":{"t":"slow","v":60},"geometry":{"type":"LineString","coordinates":[[3.0105,50.4426],[3.0029,50.4403],[2.9925,50.4449]]}},{"type":"Feature","properties":{"t":"slow","v":100},"geometry":{"type":"LineString","coordinates":[[6.1815,46.1598],[6.1853,46.1611]]}},{"type":"Feature","properties":{"t":"slow","v":140},"geometry":{"type":"LineString","coordinates":[[2.4363,48.7746],[2.4469,48.7677]]}},{"type":"Feature","properties":{"t":"slow","v":70},"geometry":{"type":"LineString","coordinates":[[6.6048,47.0536],[6.6339,47.0456],[6.656,47.0516],[6.6662,47.0495],[6.6943,47.0594],[6.7063,47.0556]]}},{"type":"Feature","properties":{"t":"slow","v":120},"geometry":{"type":"LineString","coordinates":[[6.3204,45.6362],[6.3308,45.6483],[6.3645,45.6577],[6.3701,45.6661]]}},{"type":"Feature","properties":{"t":"slow","v":50},"geometry":{"type":"LineString","coordinates":[[3.5026,47.4491],[3.4893,47.4455],[3.4653,47.4548],[3.4533,47.4544],[3.4129,47.4323],[3.4122,47.4145],[3.4012,47.3929],[3.3843,47.3883],[3.379,47.3819],[3.386,47.3503],[3.3825,47.3314],[3.3877,47.3172],[3.3999,47.3122],[3.402,47.304],[3.3916,47.2971],[3.3964,47.2673],[3.38,47.2516],[3.3639,47.2267],[3.3669,47.2203],[3.3576,47.2123],[3.3629,47.2028],[3.3608,47.1913],[3.3414,47.1727],[3.3169,47.1644],[3.3084,47.1566],[3.2599,47.1454],[3.2546,47.1251],[3.2238,47.1126],[3.2073,47.0935],[3.1817,47.0911],[3.1814,47.0817],[3.1892,47.0733],[3.197,47.0495],[3.1936,47.0415],[3.1698,47.0302],[3.1653,47.0099],[3.1598,47.007]]}},{"type":"Feature","properties":{"t":"slow","v":140},"geometry":{"type":"LineString","coordinates":[[0.2444,49.1322],[0.2201,49.1413],[0.2057,49.1308]]}},{"type":"Feature","properties":{"t":"slow","v":30},"geometry":{"type":"LineString","coordinates":[[2.6352,48.8752],[2.5968,48.8738],[2.6334,48.8752]]}},{"type":"Feature","properties":{"t":"slow","v":110},"geometry":{"type":"LineString","coordinates":[[-0.8961,46.3654],[-0.8825,46.3511],[-0.8843,46.3461],[-0.9352,46.3271],[-0.9539,46.3251],[-0.9686,46.3087],[-0.992,46.3017],[-1.0111,46.3054],[-1.0226,46.2996],[-1.0282,46.2909]]}},{"type":"Feature","properties":{"t":"slow","v":150},"geometry":{"type":"LineString","coordinates":[[1.7158,48.9833],[1.6908,48.9934],[1.6271,48.9985],[1.5925,49.0361],[1.5815,49.0388]]}},{"type":"Feature","properties":{"t":"slow","v":100},"geometry":{"type":"LineString","coordinates":[[-1.0294,45.9942],[-0.9825,45.9708],[-0.9753,45.9525],[-0.9675,45.9478],[-0.96,45.9487],[-0.9517,45.9583],[-0.9266,45.9456],[-0.8979,45.9434]]}},{"type":"Feature","properties":{"t":"slow","v":140},"geometry":{"type":"LineString","coordinates":[[0.199,49.5136],[0.1857,49.5016],[0.1255,49.4926]]}},{"type":"Feature","properties":{"t":"slow","v":120},"geometry":{"type":"LineString","coordinates":[[1.9256,48.8334],[1.8981,48.8394],[1.8787,48.8547],[1.8718,48.8932],[1.8537,48.9127],[1.8316,48.9585],[1.8109,48.9635]]}},{"type":"Feature","properties":{"t":"slow","v":90},"geometry":{"type":"LineString","coordinates":[[2.1636,48.7648],[2.1471,48.7693],[2.1557,48.781],[2.1511,48.7937],[2.1362,48.7953]]}},{"type":"Feature","properties":{"t":"slow","v":110},"geometry":{"type":"LineString","coordinates":[[0.8511,47.3669],[0.7996,47.377],[0.7803,47.3903]]}},{"type":"Feature","properties":{"t":"slow","v":60},"geometry":{"type":"LineString","coordinates":[[4.8021,45.7658],[4.7995,45.7759]]}},{"type":"Feature","properties":{"t":"slow","v":140},"geometry":{"type":"LineString","coordinates":[[3.7229,46.8239],[3.7701,46.8192]]}},{"type":"Feature","properties":{"t":"slow","v":90},"geometry":{"type":"LineString","coordinates":[[6.4708,46.3612],[6.4827,46.3692]]}},{"type":"Feature","properties":{"t":"fast","v":160},"geometry":{"type":"LineString","coordinates":[[6.0356,48.9583],[6.0381,48.9532]]}},{"type":"Feature","properties":{"t":"fast","v":160},"geometry":{"type":"LineString","coordinates":[[-0.0588,48.7542],[-0.1131,48.716],[-0.1731,48.7172]]}},{"type":"Feature","properties":{"t":"slow","v":120},"geometry":{"type":"LineString","coordinates":[[2.362,49.8622],[2.357,49.8625]]}},{"type":"Feature","properties":{"t":"slow","v":30},"geometry":{"type":"LineString","coordinates":[[8.0272,48.8309],[8.0496,48.8456],[8.0782,48.8514]]}},{"type":"Feature","properties":{"t":"slow","v":30},"geometry":{"type":"LineString","coordinates":[[4.9536,43.4742],[4.9506,43.4801]]}},{"type":"Feature","properties":{"t":"slow","v":80},"geometry":{"type":"LineString","coordinates":[[7.57,44.153],[7.5688,44.1319]]}},{"type":"Feature","properties":{"t":"slow","v":30},"geometry":{"type":"LineString","coordinates":[[0.1613,49.4831],[0.1661,49.4834]]}},{"type":"Feature","properties":{"t":"slow","v":110},"geometry":{"type":"LineString","coordinates":[[-0.0155,43.1887],[-0.023,43.18],[-0.0193,43.1581],[-0.0324,43.14],[-0.0303,43.105],[-0.043,43.1005]]}},{"type":"Feature","properties":{"t":"slow","v":70},"geometry":{"type":"LineString","coordinates":[[4.2359,47.283],[4.2433,47.2661],[4.2378,47.2486],[4.2468,47.2442],[4.2483,47.2368],[4.2661,47.2182],[4.2707,47.1908],[4.2895,47.1646]]}},{"type":"Feature","properties":{"t":"slow","v":110},"geometry":{"type":"LineString","coordinates":[[-1.1575,49.0917],[-1.1919,49.0744],[-1.231,49.0678],[-1.2956,49.0679],[-1.3279,49.0748],[-1.3737,49.0674]]}},{"type":"Feature","properties":{"t":"fast","v":220},"geometry":{"type":"LineString","coordinates":[[2.2509,48.705],[2.2505,48.7037]]}},{"type":"Feature","properties":{"t":"slow","v":115},"geometry":{"type":"LineString","coordinates":[[6.3551,45.2879],[6.3527,45.2795],[6.3817,45.2647],[6.3882,45.2528],[6.4276,45.2436],[6.443,45.2357],[6.4525,45.2222],[6.4701,45.2175]]}},{"type":"Feature","properties":{"t":"slow","v":50},"geometry":{"type":"LineString","coordinates":[[0.0849,47.0162],[0.1127,47.0235],[0.1571,47.0575],[0.1857,47.1056]]}},{"type":"Feature","properties":{"t":"fast","v":200},"geometry":{"type":"LineString","coordinates":[[3.2614,46.6545],[3.2941,46.6081],[3.3313,46.5788]]}},{"type":"Feature","properties":{"t":"slow","v":40},"geometry":{"type":"LineString","coordinates":[[-1.1408,46.1554],[-1.1422,46.1647],[-1.1473,46.168],[-1.1758,46.162]]}},{"type":"Feature","properties":{"t":"fast","v":220},"geometry":{"type":"LineString","coordinates":[[0.6479,47.2556],[0.6459,47.2426]]}},{"type":"Feature","properties":{"t":"slow","v":140},"geometry":{"type":"LineString","coordinates":[[4.5369,49.647],[4.6053,49.642],[4.6322,49.647],[4.6442,49.6703],[4.6754,49.6927],[4.6939,49.6983],[4.7141,49.7282]]}},{"type":"Feature","properties":{"t":"slow","v":100},"geometry":{"type":"LineString","coordinates":[[0.4367,48.0604],[0.4547,48.0575],[0.4663,48.0635]]}},{"type":"Feature","properties":{"t":"fast","v":160},"geometry":{"type":"LineString","coordinates":[[4.781,46.2801],[4.7856,46.2753]]}},{"type":"Feature","properties":{"t":"slow","v":90},"geometry":{"type":"LineString","coordinates":[[4.1138,46.447],[4.1745,46.4264],[4.2122,46.4057],[4.2354,46.4064],[4.2836,46.3605],[4.2957,46.3552],[4.3162,46.3347],[4.3282,46.3303],[4.3269,46.3201],[4.3082,46.3085],[4.2984,46.2882]]}},{"type":"Feature","properties":{"t":"fast","v":170},"geometry":{"type":"LineString","coordinates":[[-0.5568,47.4644],[-0.5675,47.4588],[-0.5904,47.4301],[-0.6114,47.424],[-0.6176,47.4172]]}},{"type":"Feature","properties":{"t":"fast","v":160},"geometry":{"type":"LineString","coordinates":[[-0.0941,48.9318],[-0.0934,48.9726],[-0.0408,49.0231]]}},{"type":"Feature","properties":{"t":"fast","v":230},"geometry":{"type":"LineString","coordinates":[[0.5933,47.0504],[0.6018,47.0566]]}},{"type":"Feature","properties":{"t":"slow","v":100},"geometry":{"type":"LineString","coordinates":[[5.896,49.0524],[5.8955,49.0451],[5.903,49.0331],[5.9121,49.0282],[5.9132,49.0215],[5.9378,49.0073],[6.0021,49.0141],[6.0374,49.0081],[6.0395,49.003],[6.0261,48.9829]]}},{"type":"Feature","properties":{"t":"fast","v":160},"geometry":{"type":"LineString","coordinates":[[4.9758,43.5814],[5.0025,43.5808]]}},{"type":"Feature","properties":{"t":"slow","v":80},"geometry":{"type":"LineString","coordinates":[[2.3559,48.8779],[2.3661,48.8896]]}},{"type":"Feature","properties":{"t":"slow","v":80},"geometry":{"type":"LineString","coordinates":[[5.9999,44.544],[6.0111,44.5386],[6.0121,44.5293],[6.0176,44.5276],[6.0336,44.536],[6.0468,44.5503],[6.0854,44.5637]]}},{"type":"Feature","properties":{"t":"slow","v":70},"geometry":{"type":"LineString","coordinates":[[7.3484,48.0754],[7.3479,48.0804],[7.3319,48.0863],[7.2994,48.089],[7.2794,48.0856]]}},{"type":"Feature","properties":{"t":"slow","v":50},"geometry":{"type":"LineString","coordinates":[[5.025,43.3799],[5.0174,43.3758],[4.9955,43.3858],[4.9969,43.3918],[5.0061,43.3952]]}},{"type":"Feature","properties":{"t":"slow","v":50},"geometry":{"type":"LineString","coordinates":[[0.2435,46.6808],[0.1799,46.6724],[0.1546,46.6776],[0.1273,46.6765],[0.0651,46.6625],[0.0261,46.6688],[-0.0322,46.6627]]}},{"type":"Feature","properties":{"t":"slow","v":90},"geometry":{"type":"LineString","coordinates":[[1.6,42.8495],[1.6086,42.8325],[1.6233,42.8187],[1.6863,42.7864]]}},{"type":"Feature","properties":{"t":"slow","v":40},"geometry":{"type":"LineString","coordinates":[[-3.8533,48.5593],[-3.8627,48.5578],[-3.8748,48.5678],[-3.8947,48.6143],[-3.9088,48.6211],[-3.9605,48.63],[-3.9687,48.6383],[-3.9797,48.6569],[-3.9806,48.6686],[-3.9975,48.6832],[-3.9976,48.695],[-3.9717,48.7163],[-3.9828,48.7206]]}},{"type":"Feature","properties":{"t":"slow","v":60},"geometry":{"type":"LineString","coordinates":[[0.716,47.3827],[0.7044,47.3821],[0.6936,47.3893]]}},{"type":"Feature","properties":{"t":"slow","v":50},"geometry":{"type":"LineString","coordinates":[[2.7049,45.647],[2.7098,45.6622],[2.7197,45.6698],[2.7156,45.6814],[2.7468,45.698],[2.7455,45.7179],[2.7963,45.735],[2.8083,45.7532],[2.8298,45.7653],[2.8427,45.8147],[2.8535,45.8315],[2.8837,45.8366],[2.9066,45.8312],[2.9053,45.8449],[2.9097,45.8529],[2.9614,45.8846],[3.0034,45.8647]]}},{"type":"Feature","properties":{"t":"slow","v":40},"geometry":{"type":"LineString","coordinates":[[4.7723,45.6041],[4.7802,45.6018]]}},{"type":"Feature","properties":{"t":"slow","v":90},"geometry":{"type":"LineString","coordinates":[[1.5324,45.1505],[1.5419,45.1472],[1.5427,45.1392],[1.5566,45.1325],[1.5597,45.1216],[1.5727,45.112],[1.5733,45.0734],[1.596,45.0545],[1.6007,45.0378]]}},{"type":"Feature","properties":{"t":"slow","v":150},"geometry":{"type":"LineString","coordinates":[[6.2098,48.6669],[6.2539,48.6408],[6.2903,48.6447],[6.3392,48.6274],[6.357,48.5941],[6.382,48.5677],[6.3946,48.5612],[6.4528,48.5607],[6.4681,48.5659],[6.4955,48.5876]]}},{"type":"Feature","properties":{"t":"fast","v":160},"geometry":{"type":"LineString","coordinates":[[4.4989,43.8208],[4.4914,43.8228]]}},{"type":"Feature","properties":{"t":"fast","v":160},"geometry":{"type":"LineString","coordinates":[[6.1563,49.1602],[6.1603,49.1809],[6.1564,49.2029],[6.1679,49.2809],[6.1582,49.2981]]}},{"type":"Feature","properties":{"t":"slow","v":130},"geometry":{"type":"LineString","coordinates":[[5.958,47.3093],[5.977,47.3129],[5.9816,47.3096],[5.9804,47.3034]]}},{"type":"Feature","properties":{"t":"fast","v":160},"geometry":{"type":"LineString","coordinates":[[3.116,45.7863],[3.1457,45.7928],[3.3115,45.7832],[3.3284,45.7886],[3.371,45.8162],[3.4005,45.8255],[3.433,45.8276],[3.4598,45.821]]}},{"type":"Feature","properties":{"t":"fast","v":160},"geometry":{"type":"LineString","coordinates":[[1.4461,48.4409],[1.4002,48.4366],[1.2782,48.4562],[1.2304,48.4518],[1.1429,48.4776]]}},{"type":"Feature","properties":{"t":"slow","v":120},"geometry":{"type":"LineString","coordinates":[[2.5451,48.535],[2.5713,48.5301],[2.5979,48.5152],[2.6558,48.5272]]}},{"type":"Feature","properties":{"t":"slow","v":45},"geometry":{"type":"LineString","coordinates":[[6.9329,46.0324],[6.9479,46.0514]]}},{"type":"Feature","properties":{"t":"slow","v":120},"geometry":{"type":"LineString","coordinates":[[4.7655,44.7066],[4.7726,44.6909],[4.7662,44.6568],[4.7504,44.6416],[4.7404,44.6226],[4.7012,44.5839]]}},{"type":"Feature","properties":{"t":"slow","v":110},"geometry":{"type":"LineString","coordinates":[[2.0956,49.0467],[2.078,49.0535]]}},{"type":"Feature","properties":{"t":"slow","v":80},"geometry":{"type":"LineString","coordinates":[[4.9581,43.4838],[4.9003,43.4729]]}},{"type":"Feature","properties":{"t":"slow","v":140},"geometry":{"type":"LineString","coordinates":[[1.8039,47.2886],[1.771,47.2949],[1.7286,47.2946],[1.6732,47.2799]]}},{"type":"Feature","properties":{"t":"fast","v":160},"geometry":{"type":"LineString","coordinates":[[3.5713,50.0956],[3.6148,50.0969],[3.7021,50.1348],[3.7313,50.1555],[3.8075,50.1781],[3.8743,50.2163],[3.8972,50.2425]]}},{"type":"Feature","properties":{"t":"slow","v":150},"geometry":{"type":"LineString","coordinates":[[1.9019,47.9368],[1.9064,47.9271]]}},{"type":"Feature","properties":{"t":"slow","v":50},"geometry":{"type":"LineString","coordinates":[[3.5184,47.4649],[3.5026,47.4491]]}},{"type":"Feature","properties":{"t":"slow","v":60},"geometry":{"type":"LineString","coordinates":[[2.2795,48.9796],[2.2752,48.9806]]}},{"type":"Feature","properties":{"t":"slow","v":120},"geometry":{"type":"LineString","coordinates":[[4.0112,49.2083],[3.9937,49.2146]]}},{"type":"Feature","properties":{"t":"slow","v":140},"geometry":{"type":"LineString","coordinates":[[-0.0438,48.756],[-0.0588,48.7542]]}},{"type":"Feature","properties":{"t":"slow","v":140},"geometry":{"type":"LineString","coordinates":[[1.7717,48.626],[1.7519,48.6247],[1.7107,48.6099],[1.6912,48.6117],[1.6816,48.605]]}},{"type":"Feature","properties":{"t":"fast","v":160},"geometry":{"type":"LineString","coordinates":[[3.6782,47.9749],[3.6939,47.9738]]}},{"type":"Feature","properties":{"t":"slow","v":80},"geometry":{"type":"LineString","coordinates":[[5.5231,44.5563],[5.5373,44.552],[5.5431,44.5656],[5.5566,44.5708],[5.5621,44.5833],[5.5628,44.5722],[5.5862,44.5598]]}},{"type":"Feature","properties":{"t":"slow","v":90},"geometry":{"type":"LineString","coordinates":[[4.8447,45.7441],[4.8525,45.7393]]}},{"type":"Feature","properties":{"t":"slow","v":100},"geometry":{"type":"LineString","coordinates":[[3.7777,46.5387],[3.7821,46.5372]]}},{"type":"Feature","properties":{"t":"slow","v":100},"geometry":{"type":"LineString","coordinates":[[4.3596,46.8336],[4.3961,46.8256],[4.4264,46.8115],[4.44,46.7987],[4.4364,46.7887],[4.4514,46.7697],[4.4813,46.7594]]}},{"type":"Feature","properties":{"t":"slow","v":90},"geometry":{"type":"LineString","coordinates":[[1.6645,44.9431],[1.6682,44.9392],[1.7024,44.9498],[1.7197,44.9497],[1.7916,44.9187],[1.8441,44.9275]]}},{"type":"Feature","properties":{"t":"slow","v":150},"geometry":{"type":"LineString","coordinates":[[4.8565,45.6781],[4.8465,45.6544],[4.8229,45.6341],[4.8109,45.6145]]}},{"type":"Feature","properties":{"t":"slow","v":30},"geometry":{"type":"LineString","coordinates":[[3.2928,49.8377],[3.2931,49.8336],[3.3155,49.8257],[3.3381,49.8106],[3.3444,49.7945]]}},{"type":"Feature","properties":{"t":"slow","v":30},"geometry":{"type":"LineString","coordinates":[[2.5933,46.3673],[2.6062,46.3581]]}},{"type":"Feature","properties":{"t":"slow","v":30},"geometry":{"type":"LineString","coordinates":[[3.966,49.4237],[3.9658,49.4201],[3.9499,49.4195],[3.9094,49.4002]]}},{"type":"Feature","properties":{"t":"slow","v":40},"geometry":{"type":"LineString","coordinates":[[3.0656,48.4085],[3.002,48.3966],[2.9723,48.3794],[2.9362,48.3801]]}},{"type":"Feature","properties":{"t":"slow","v":80},"geometry":{"type":"LineString","coordinates":[[3.1911,45.285],[3.1873,45.3151],[3.2037,45.3303]]}},{"type":"Feature","properties":{"t":"fast","v":160},"geometry":{"type":"LineString","coordinates":[[2.8043,48.3618],[2.7582,48.3377],[2.709,48.3365],[2.683,48.3276],[2.6751,48.3132],[2.6843,48.27]]}},{"type":"Feature","properties":{"t":"slow","v":70},"geometry":{"type":"LineString","coordinates":[[2.7745,45.5886],[2.7991,45.5857],[2.8066,45.5792]]}},{"type":"Feature","properties":{"t":"slow","v":75},"geometry":{"type":"LineString","coordinates":[[2.8938,46.2267],[2.896,46.2209],[2.9086,46.2182],[2.9413,46.2246],[2.9665,46.219],[2.9849,46.2241]]}},{"type":"Feature","properties":{"t":"slow","v":130},"geometry":{"type":"LineString","coordinates":[[2.2427,48.9548],[2.2206,48.951],[2.1578,48.9923],[2.1151,48.9997],[2.0646,48.9908],[2.0519,48.9764],[2.0348,48.97],[2.0133,48.973],[1.9811,48.9989],[1.9502,49.0101],[1.9025,49.0059],[1.8664,48.9942],[1.7907,48.9794],[1.741,48.985],[1.7211,48.9821],[1.7041,48.9893]]}},{"type":"Feature","properties":{"t":"slow","v":120},"geometry":{"type":"LineString","coordinates":[[5.6881,45.2163],[5.706,45.2081],[5.7143,45.1913]]}},{"type":"Feature","properties":{"t":"fast","v":230},"geometry":{"type":"LineString","coordinates":[[0.353,46.6492],[0.3547,46.6628]]}},{"type":"Feature","properties":{"t":"slow","v":40},"geometry":{"type":"LineString","coordinates":[[7.0941,49.1033],[7.1212,49.1176]]}},{"type":"Feature","properties":{"t":"slow","v":30},"geometry":{"type":"LineString","coordinates":[[0.3155,49.3473],[0.2973,49.3699],[0.3045,49.3867],[0.3009,49.402],[0.2921,49.4071],[0.2704,49.4059],[0.2568,49.4114],[0.2594,49.4208],[0.2737,49.4205]]}},{"type":"Feature","properties":{"t":"slow","v":100},"geometry":{"type":"LineString","coordinates":[[0.9083,44.847],[0.9306,44.8413],[0.9463,44.8279],[0.9661,44.821],[0.9897,44.8197]]}},{"type":"Feature","properties":{"t":"slow","v":30},"geometry":{"type":"LineString","coordinates":[[2.4652,48.9324],[2.4801,48.9325],[2.4725,48.9508],[2.4755,48.9639]]}},{"type":"Feature","properties":{"t":"slow","v":60},"geometry":{"type":"LineString","coordinates":[[3.0562,43.9137],[3.0548,43.9262],[3.0401,43.9397],[3.0259,43.9451],[3.0264,43.9585]]}},{"type":"Feature","properties":{"t":"slow","v":40},"geometry":{"type":"LineString","coordinates":[[2.9454,46.9485],[2.9603,46.9472],[2.9626,46.9727],[2.9817,46.9836],[2.9767,46.9955],[2.9819,47.0024],[2.9824,47.0163],[2.9735,47.0287],[2.9778,47.0412],[2.9858,47.046],[2.9838,47.0554],[3.0106,47.0729],[3.0023,47.0817]]}},{"type":"Feature","properties":{"t":"slow","v":90},"geometry":{"type":"LineString","coordinates":[[1.8576,50.9352],[1.8461,50.9431]]}},{"type":"Feature","properties":{"t":"fast","v":160},"geometry":{"type":"LineString","coordinates":[[-1.8787,48.1403],[-1.8992,48.1404],[-1.9175,48.1347],[-1.9477,48.1384]]}},{"type":"Feature","properties":{"t":"slow","v":125},"geometry":{"type":"LineString","coordinates":[[6.0395,45.4775],[6.0447,45.5002],[6.0408,45.5041]]}},{"type":"Feature","properties":{"t":"fast","v":220},"geometry":{"type":"LineString","coordinates":[[5.3072,47.213],[5.3522,47.2188]]}},{"type":"Feature","properties":{"t":"slow","v":140},"geometry":{"type":"LineString","coordinates":[[4.4808,43.8729],[4.4761,43.8674],[4.4743,43.8302],[4.4944,43.8231],[4.4988,43.8149],[4.4843,43.8027]]}},{"type":"Feature","properties":{"t":"slow","v":140},"geometry":{"type":"LineString","coordinates":[[4.8671,45.7919],[4.888,45.8024],[4.9297,45.8121]]}},{"type":"Feature","properties":{"t":"slow","v":30},"geometry":{"type":"LineString","coordinates":[[-0.2556,44.5555],[-0.2648,44.5509],[-0.2713,44.5341]]}},{"type":"Feature","properties":{"t":"slow","v":120},"geometry":{"type":"LineString","coordinates":[[5.3344,46.4527],[5.3312,46.4438],[5.3342,46.4333]]}},{"type":"Feature","properties":{"t":"slow","v":30},"geometry":{"type":"LineString","coordinates":[[2.3252,48.8766],[2.3228,48.8798]]}},{"type":"Feature","properties":{"t":"fast","v":160},"geometry":{"type":"LineString","coordinates":[[0.2063,47.9922],[0.1737,47.9977],[0.1644,47.985],[0.1437,47.9815],[0.1022,47.9512]]}},{"type":"Feature","properties":{"t":"slow","v":120},"geometry":{"type":"LineString","coordinates":[[5.0496,45.049],[5.073,45.0498],[5.1308,45.0706],[5.1696,45.0788],[5.1853,45.0874],[5.211,45.0853],[5.2431,45.0715],[5.2649,45.0843]]}},{"type":"Feature","properties":{"t":"slow","v":140},"geometry":{"type":"LineString","coordinates":[[-0.7389,47.2029],[-0.7694,47.1921],[-0.8113,47.1323],[-0.8502,47.1067],[-0.8593,47.0946],[-0.8809,47.0851],[-0.8829,47.0752],[-0.8697,47.0658]]}},{"type":"Feature","properties":{"t":"slow","v":110},"geometry":{"type":"LineString","coordinates":[[2.6659,48.5194],[2.6755,48.517],[2.679,48.5104]]}},{"type":"Feature","properties":{"t":"slow","v":30},"geometry":{"type":"LineString","coordinates":[[-1.6184,49.6263],[-1.6157,49.6317],[-1.5968,49.6364],[-1.5856,49.6531]]}},{"type":"Feature","properties":{"t":"slow","v":30},"geometry":{"type":"LineString","coordinates":[[3.8978,45.0481],[3.9062,45.0516]]}},{"type":"Feature","properties":{"t":"slow","v":120},"geometry":{"type":"LineString","coordinates":[[5.3341,46.4551],[5.3329,46.4493]]}},{"type":"Feature","properties":{"t":"fast","v":160},"geometry":{"type":"LineString","coordinates":[[0.8016,47.3979],[0.7892,47.3906],[0.7709,47.3914]]}},{"type":"Feature","properties":{"t":"slow","v":120},"geometry":{"type":"LineString","coordinates":[[3.0906,50.6221],[3.2636,50.6174]]}},{"type":"Feature","properties":{"t":"slow","v":70},"geometry":{"type":"LineString","coordinates":[[6.1735,49.0938],[6.141,49.0947],[6.135,49.0994],[6.1413,49.1161],[6.1598,49.1252],[6.1569,49.144]]}},{"type":"Feature","properties":{"t":"slow","v":90},"geometry":{"type":"LineString","coordinates":[[-1.3898,47.9133],[-1.4512,47.9239],[-1.4805,47.9397],[-1.4931,47.9532],[-1.5602,47.9747],[-1.5753,47.9852]]}},{"type":"Feature","properties":{"t":"slow","v":40},"geometry":{"type":"LineString","coordinates":[[3.5019,44.5224],[3.5129,44.5262],[3.5217,44.5224],[3.5302,44.5354],[3.5392,44.531],[3.5584,44.5331],[3.5707,44.54],[3.579,44.5339],[3.5957,44.533],[3.6096,44.5239],[3.6183,44.5272],[3.6239,44.5227],[3.6284,44.5286]]}},{"type":"Feature","properties":{"t":"slow","v":120},"geometry":{"type":"LineString","coordinates":[[-1.5495,47.1933],[-1.5865,47.1766],[-1.5933,47.1684]]}},{"type":"Feature","properties":{"t":"slow","v":30},"geometry":{"type":"LineString","coordinates":[[2.1776,49.3955],[2.2188,49.3931],[2.2278,49.4059],[2.2437,49.4151]]}},{"type":"Feature","properties":{"t":"slow","v":150},"geometry":{"type":"LineString","coordinates":[[4.866,45.0537],[4.8574,45.0144],[4.8649,44.9985],[4.8774,44.9889],[4.8961,44.937]]}},{"type":"Feature","properties":{"t":"slow","v":140},"geometry":{"type":"LineString","coordinates":[[2.4365,48.7192],[2.4252,48.7137]]}},{"type":"Feature","properties":{"t":"slow","v":140},"geometry":{"type":"LineString","coordinates":[[7.3834,48.7523],[7.4139,48.7635]]}},{"type":"Feature","properties":{"t":"slow","v":80},"geometry":{"type":"LineString","coordinates":[[6.4596,49.2624],[6.4778,49.2633],[6.503,49.2921],[6.5126,49.2944],[6.5456,49.284],[6.5524,49.2745],[6.5538,49.2593],[6.5658,49.2518],[6.5612,49.2364],[6.5696,49.2284],[6.6016,49.2233],[6.6194,49.2148],[6.6361,49.2195]]}},{"type":"Feature","properties":{"t":"slow","v":110},"geometry":{"type":"LineString","coordinates":[[-0.4249,45.0049],[-0.4322,44.9933],[-0.4458,44.9892],[-0.4575,44.9738]]}},{"type":"Feature","properties":{"t":"slow","v":50},"geometry":{"type":"LineString","coordinates":[[5.5222,48.9078],[5.4928,48.9254],[5.5019,48.9657],[5.4938,48.972]]}},{"type":"Feature","properties":{"t":"lgv","v":270},"geometry":{"type":"LineString","coordinates":[[4.2645,47.322],[4.2755,47.2801],[4.3458,47.1391]]}},{"type":"Feature","properties":{"t":"slow","v":120},"geometry":{"type":"LineString","coordinates":[[2.4435,48.7244],[2.3967,48.7031],[2.3816,48.6825],[2.4026,48.6643],[2.4383,48.6465],[2.474,48.618],[2.4738,48.6141]]}},{"type":"Feature","properties":{"t":"slow","v":40},"geometry":{"type":"LineString","coordinates":[[1.6999,48.0494],[1.7282,48.0202],[1.7705,48.0032],[1.8269,47.9392],[1.863,47.9185],[1.8935,47.9167]]}},{"type":"Feature","properties":{"t":"slow","v":120},"geometry":{"type":"LineString","coordinates":[[-0.2353,44.9185],[-0.232,44.9233],[-0.2254,44.9231],[-0.1998,44.8983],[-0.1726,44.8829],[-0.0432,44.8568],[-0.0056,44.8607],[0.0201,44.8539],[0.0736,44.8552],[0.2107,44.8371],[0.3389,44.834],[0.4173,44.852],[0.4543,44.8532],[0.4768,44.8605],[0.4893,44.8572]]}},{"type":"Feature","properties":{"t":"slow","v":100},"geometry":{"type":"LineString","coordinates":[[5.1101,43.333],[5.1665,43.3394],[5.1885,43.3316],[5.1976,43.3344]]}},{"type":"Feature","properties":{"t":"slow","v":90},"geometry":{"type":"LineString","coordinates":[[2.2185,48.8985],[2.2057,48.9018]]}},{"type":"Feature","properties":{"t":"slow","v":140},"geometry":{"type":"LineString","coordinates":[[5.3179,46.3555],[5.3107,46.3294],[5.2911,46.3107],[5.2911,46.2877],[5.2466,46.2258],[5.2137,46.2086],[5.2167,46.1937]]}},{"type":"Feature","properties":{"t":"slow","v":85},"geometry":{"type":"LineString","coordinates":[[3.2069,45.6649],[3.2019,45.651],[3.2105,45.6465],[3.214,45.6331],[3.2186,45.6311]]}},{"type":"Feature","properties":{"t":"slow","v":30},"geometry":{"type":"LineString","coordinates":[[3.0855,50.6241],[3.0834,50.6315]]}},{"type":"Feature","properties":{"t":"slow","v":140},"geometry":{"type":"LineString","coordinates":[[5.5167,48.8056],[5.5258,48.8051],[5.5666,48.7822]]}},{"type":"Feature","properties":{"t":"slow","v":30},"geometry":{"type":"LineString","coordinates":[[5.4989,47.0997],[5.5092,47.0952],[5.4972,47.0857],[5.4896,47.0692],[5.4887,47.0549],[5.4974,47.0378],[5.4964,47.0123],[5.5893,46.9891],[5.5972,46.9837]]}},{"type":"Feature","properties":{"t":"slow","v":30},"geometry":{"type":"LineString","coordinates":[[1.2238,49.2305],[1.2275,49.2452],[1.2119,49.2484],[1.1825,49.2319],[1.1773,49.2189]]}},{"type":"Feature","properties":{"t":"fast","v":160},"geometry":{"type":"LineString","coordinates":[[5.9983,46.8488],[6.0071,46.843],[6.0252,46.8563],[6.0727,46.8652],[6.1053,46.8604],[6.1375,46.8638],[6.1575,46.8577]]}},{"type":"Feature","properties":{"t":"slow","v":110},"geometry":{"type":"LineString","coordinates":[[3.988,46.4853],[4.0406,46.4847],[4.0867,46.4664],[4.1135,46.447]]}},{"type":"Feature","properties":{"t":"slow","v":60},"geometry":{"type":"LineString","coordinates":[[3.7952,45.1005],[3.795,45.0811],[3.7998,45.073],[3.8395,45.0684],[3.8487,45.0541],[3.8609,45.0465],[3.8768,45.0442],[3.8821,45.0353],[3.8942,45.0437]]}},{"type":"Feature","properties":{"t":"slow","v":60},"geometry":{"type":"LineString","coordinates":[[2.5444,48.8781],[2.5498,48.8775]]}},{"type":"Feature","properties":{"t":"slow","v":75},"geometry":{"type":"LineString","coordinates":[[2.9644,42.6007],[2.9605,42.5917],[2.9276,42.5865],[2.8763,42.5648],[2.8365,42.5316]]}},{"type":"Feature","properties":{"t":"slow","v":120},"geometry":{"type":"LineString","coordinates":[[4.0856,50.296],[4.1081,50.3023]]}},{"type":"Feature","properties":{"t":"fast","v":200},"geometry":{"type":"LineString","coordinates":[[1.8085,50.9062],[1.8031,50.9123]]}},{"type":"Feature","properties":{"t":"slow","v":100},"geometry":{"type":"LineString","coordinates":[[3.6825,49.3109],[3.7651,49.3087],[3.8681,49.2764],[3.9553,49.275],[4.012,49.2554],[4.0244,49.2595]]}},{"type":"Feature","properties":{"t":"slow","v":100},"geometry":{"type":"LineString","coordinates":[[-0.2258,45.1913],[-0.2489,45.1799],[-0.3839,45.1527],[-0.3923,45.1417]]}},{"type":"Feature","properties":{"t":"slow","v":30},"geometry":{"type":"LineString","coordinates":[[2.9918,48.3869],[2.9873,48.3869]]}},{"type":"Feature","properties":{"t":"slow","v":100},"geometry":{"type":"LineString","coordinates":[[0.9878,44.82],[0.991,44.8196]]}},{"type":"Feature","properties":{"t":"slow","v":30},"geometry":{"type":"LineString","coordinates":[[3.9691,43.6641],[3.9394,43.6392]]}},{"type":"Feature","properties":{"t":"slow","v":90},"geometry":{"type":"LineString","coordinates":[[6.1425,46.2117],[6.135,46.2059],[6.1129,46.2097]]}},{"type":"Feature","properties":{"t":"slow","v":140},"geometry":{"type":"LineString","coordinates":[[1.4911,48.4697],[1.4905,48.4695]]}},{"type":"Feature","properties":{"t":"slow","v":70},"geometry":{"type":"LineString","coordinates":[[-3.1181,48.7618],[-3.0714,48.7683],[-3.0441,48.778]]}},{"type":"Feature","properties":{"t":"slow","v":40},"geometry":{"type":"LineString","coordinates":[[7.043,48.9891],[7.0363,49.0008]]}},{"type":"Feature","properties":{"t":"fast","v":160},"geometry":{"type":"LineString","coordinates":[[-1.2968,48.1126],[-1.3404,48.105],[-1.3617,48.112],[-1.3833,48.1055],[-1.4437,48.1055],[-1.4981,48.1167],[-1.5685,48.1205],[-1.6793,48.1024]]}},{"type":"Feature","properties":{"t":"slow","v":100},"geometry":{"type":"LineString","coordinates":[[6.0386,43.1402],[6.0618,43.1459],[6.0722,43.1439],[6.0794,43.1252],[6.123,43.1093],[6.1306,43.1017]]}},{"type":"Feature","properties":{"t":"lgv","v":300},"geometry":{"type":"LineString","coordinates":[[2.7654,48.5594],[2.8149,48.5249],[2.8413,48.4943],[2.8837,48.4635],[2.9206,48.429],[2.9646,48.4068],[3.0007,48.3821],[3.0313,48.3735],[3.1418,48.3669],[3.2324,48.3211],[3.2635,48.2928],[3.2991,48.2396],[3.3218,48.2166],[3.3346,48.191],[3.3772,48.1698],[3.4108,48.1418]]}},{"type":"Feature","properties":{"t":"slow","v":30},"geometry":{"type":"LineString","coordinates":[[2.3718,48.8972],[2.3749,48.8968]]}},{"type":"Feature","properties":{"t":"slow","v":30},"geometry":{"type":"LineString","coordinates":[[1.3099,48.6728],[1.3148,48.6748]]}},{"type":"Feature","properties":{"t":"slow","v":100},"geometry":{"type":"LineString","coordinates":[[2.4362,49.2512],[2.366,49.2639],[2.3605,49.2704],[2.3619,49.2848],[2.3334,49.3045],[2.3232,49.3245],[2.2539,49.3468],[2.1492,49.4137],[2.1302,49.4195]]}},{"type":"Feature","properties":{"t":"fast","v":230},"geometry":{"type":"LineString","coordinates":[[4.7177,43.9358],[4.7383,43.9414]]}},{"type":"Feature","properties":{"t":"slow","v":70},"geometry":{"type":"LineString","coordinates":[[4.7799,43.9485],[4.7782,43.9441],[4.7857,43.9366],[4.7979,43.9414]]}},{"type":"Feature","properties":{"t":"slow","v":120},"geometry":{"type":"LineString","coordinates":[[7.8514,48.7656],[7.7868,48.8021],[7.7824,48.8133]]}},{"type":"Feature","properties":{"t":"slow","v":140},"geometry":{"type":"LineString","coordinates":[[5.0306,47.3065],[5.026,47.2884]]}},{"type":"Feature","properties":{"t":"slow","v":140},"geometry":{"type":"LineString","coordinates":[[-0.3259,45.6845],[-0.3155,45.6869],[-0.2581,45.6611],[-0.2249,45.6569]]}},{"type":"Feature","properties":{"t":"slow","v":60},"geometry":{"type":"LineString","coordinates":[[4.7839,43.4145],[4.793,43.4098],[4.8123,43.4193],[4.8437,43.4057]]}},{"type":"Feature","properties":{"t":"fast","v":160},"geometry":{"type":"LineString","coordinates":[[2.831,42.6833],[2.8151,42.6726],[2.8163,42.6596]]}},{"type":"Feature","properties":{"t":"fast","v":160},"geometry":{"type":"LineString","coordinates":[[4.9297,45.812],[4.9444,45.8193],[5.0605,45.8485],[5.1276,45.8499],[5.1946,45.9022],[5.3324,45.9545],[5.3424,45.9538]]}},{"type":"Feature","properties":{"t":"slow","v":120},"geometry":{"type":"LineString","coordinates":[[2.1231,49.0554],[2.1405,49.0688],[2.1674,49.0688],[2.1945,49.0774],[2.2118,49.1228],[2.2203,49.1283],[2.2924,49.1526],[2.3562,49.1593],[2.3665,49.1737],[2.368,49.1999],[2.4245,49.2172],[2.4679,49.2631]]}},{"type":"Feature","properties":{"t":"slow","v":100},"geometry":{"type":"LineString","coordinates":[[5.7183,44.4246],[5.719,44.4178],[5.7436,44.3874],[5.7424,44.3802],[5.7505,44.377],[5.7755,44.3432]]}},{"type":"Feature","properties":{"t":"fast","v":160},"geometry":{"type":"LineString","coordinates":[[0.2466,46.5147],[0.2254,46.4976]]}},{"type":"Feature","properties":{"t":"fast","v":160},"geometry":{"type":"LineString","coordinates":[[0.1715,46.0186],[0.1455,46.0014],[0.1403,45.9795],[0.1473,45.9632],[0.1388,45.9512]]}},{"type":"Feature","properties":{"t":"slow","v":100},"geometry":{"type":"LineString","coordinates":[[6.3517,46.0462],[6.3625,46.0476],[6.3186,46.0537],[6.3037,46.0675]]}},{"type":"Feature","properties":{"t":"slow","v":30},"geometry":{"type":"LineString","coordinates":[[2.4249,48.9294],[2.4308,48.9106]]}},{"type":"Feature","properties":{"t":"lgv","v":300},"geometry":{"type":"LineString","coordinates":[[2.6605,48.8787],[2.6722,48.888],[2.7152,48.9542],[2.7485,48.9803],[2.7854,48.99]]}},{"type":"Feature","properties":{"t":"slow","v":140},"geometry":{"type":"LineString","coordinates":[[2.5091,50.3561],[2.3854,50.367]]}},{"type":"Feature","properties":{"t":"slow","v":140},"geometry":{"type":"LineString","coordinates":[[-1.8179,47.1025],[-1.8179,47.1024]]}},{"type":"Feature","properties":{"t":"slow","v":40},"geometry":{"type":"LineString","coordinates":[[6.1732,49.094],[6.1764,49.0878],[6.1545,49.0839],[6.1403,49.0726]]}},{"type":"Feature","properties":{"t":"slow","v":100},"geometry":{"type":"LineString","coordinates":[[6.9445,47.5479],[6.9924,47.5335],[7.0113,47.5046]]}},{"type":"Feature","properties":{"t":"slow","v":90},"geometry":{"type":"LineString","coordinates":[[4.87,45.8159],[4.8841,45.8042],[4.8602,45.7889]]}},{"type":"Feature","properties":{"t":"slow","v":140},"geometry":{"type":"LineString","coordinates":[[3.5292,50.0808],[3.5486,50.0969],[3.5713,50.0956]]}},{"type":"Feature","properties":{"t":"slow","v":40},"geometry":{"type":"LineString","coordinates":[[5.3635,43.3186],[5.3697,43.3115],[5.383,43.3122],[5.3848,43.3052]]}},{"type":"Feature","properties":{"t":"slow","v":70},"geometry":{"type":"LineString","coordinates":[[4.3214,43.8086],[4.3193,43.8012]]}},{"type":"Feature","properties":{"t":"slow","v":30},"geometry":{"type":"LineString","coordinates":[[2.5071,48.7816],[2.5075,48.7706]]}},{"type":"Feature","properties":{"t":"slow","v":60},"geometry":{"type":"LineString","coordinates":[[6.1661,49.2673],[6.1528,49.2631]]}},{"type":"Feature","properties":{"t":"slow","v":150},"geometry":{"type":"LineString","coordinates":[[-0.5475,48.7265],[-0.581,48.7493],[-0.5893,48.7647],[-0.6077,48.7775],[-0.6466,48.7878],[-0.6704,48.8061],[-0.7035,48.8043],[-0.7481,48.8106],[-0.7989,48.8369],[-0.8061,48.8458]]}},{"type":"Feature","properties":{"t":"slow","v":140},"geometry":{"type":"LineString","coordinates":[[-1.7564,48.5332],[-1.7485,48.5491],[-1.7536,48.5552],[-1.8869,48.6123],[-1.9299,48.6177],[-2.0038,48.6465]]}},{"type":"Feature","properties":{"t":"slow","v":100},"geometry":{"type":"LineString","coordinates":[[2.229,43.598],[2.2226,43.5942],[2.2231,43.5771],[2.2603,43.5475],[2.2595,43.5376],[2.289,43.53],[2.3119,43.5167],[2.3645,43.5052],[2.377,43.4965]]}},{"type":"Feature","properties":{"t":"slow","v":140},"geometry":{"type":"LineString","coordinates":[[0.9772,43.184],[0.965,43.1669],[0.9632,43.1543],[0.947,43.1419],[0.9251,43.1354],[0.9069,43.1164],[0.8711,43.1067],[0.8337,43.1033],[0.8017,43.1059],[0.7867,43.1014],[0.7674,43.1092],[0.7488,43.1092],[0.7263,43.1039],[0.6955,43.0881]]}},{"type":"Feature","properties":{"t":"slow","v":100},"geometry":{"type":"LineString","coordinates":[[-1.3538,48.6402],[-1.3518,48.6341],[-1.3639,48.6206],[-1.4185,48.6049],[-1.4425,48.5789],[-1.4611,48.5669],[-1.4893,48.5553],[-1.537,48.5447],[-1.5711,48.5266],[-1.6005,48.5268],[-1.673,48.5163],[-1.7029,48.5281],[-1.7124,48.5435],[-1.7321,48.5502],[-1.7472,48.5499],[-1.7523,48.5377]]}},{"type":"Feature","properties":{"t":"slow","v":40},"geometry":{"type":"LineString","coordinates":[[0.1831,47.9716],[0.168,47.9865],[0.1745,47.998]]}},{"type":"Feature","properties":{"t":"slow","v":130},"geometry":{"type":"LineString","coordinates":[[2.3118,47.0861],[2.3265,47.0932],[2.3839,47.0952]]}},{"type":"Feature","properties":{"t":"slow","v":40},"geometry":{"type":"LineString","coordinates":[[1.0398,49.2673],[0.9969,49.2883],[0.9852,49.3142],[0.9711,49.3282],[0.9789,49.3408],[1.0117,49.355],[1.0382,49.4132]]}},{"type":"Feature","properties":{"t":"slow","v":150},"geometry":{"type":"LineString","coordinates":[[3.936,49.0582],[3.9481,49.0566],[3.9579,49.0474],[3.9865,49.0371]]}},{"type":"Feature","properties":{"t":"slow","v":90},"geometry":{"type":"LineString","coordinates":[[1.8295,45.6405],[1.878,45.6308],[1.9032,45.6206],[1.9246,45.6033],[1.9307,45.5915],[1.949,45.5839],[1.9822,45.5847]]}},{"type":"Feature","properties":{"t":"slow","v":100},"geometry":{"type":"LineString","coordinates":[[6.4259,46.3042],[6.4409,46.3149],[6.4373,46.3433],[6.4708,46.3612]]}},{"type":"Feature","properties":{"t":"lgv","v":300},"geometry":{"type":"LineString","coordinates":[[4.7992,46.2676],[4.8413,46.2518],[4.857,46.2295],[4.8561,46.1946],[4.8426,46.151],[4.8425,46.1132],[4.849,46.083],[4.8511,46.0306],[4.8815,45.8802],[4.8942,45.8669],[4.9144,45.8586],[4.9758,45.8594],[5.0011,45.8529],[5.0295,45.8272],[5.0663,45.8063],[5.0794,45.7874],[5.0829,45.7625],[5.0672,45.6735],[5.0877,45.6352],[5.091,45.6121],[5.1048,45.59],[5.107,45.5737],[5.0983,45.55],[5.0707,45.524],[5.0637,45.5017],[5.0484,45.4808],[5.044,45.4603],[5.0336,45.4451]]}},{"type":"Feature","properties":{"t":"slow","v":120},"geometry":{"type":"LineString","coordinates":[[4.085,44.128],[4.0922,44.1253],[4.1151,44.0756],[4.1167,44.0398],[4.1435,44.0354],[4.1606,44.0135],[4.2167,43.969],[4.2136,43.9382],[4.2049,43.9165],[4.2118,43.9008],[4.2791,43.8705],[4.3239,43.8685],[4.3452,43.8487],[4.3862,43.8469]]}},{"type":"Feature","properties":{"t":"slow","v":80},"geometry":{"type":"LineString","coordinates":[[7.4412,48.259],[7.447,48.2682],[7.4332,48.2811],[7.4292,48.3076],[7.4429,48.3358],[7.4414,48.358],[7.456,48.3684],[7.4475,48.3852],[7.4495,48.3949],[7.4595,48.4104],[7.4736,48.417],[7.4871,48.4593],[7.4995,48.4759],[7.4907,48.5078],[7.4948,48.5313],[7.5001,48.5375]]}},{"type":"Feature","properties":{"t":"slow","v":150},"geometry":{"type":"LineString","coordinates":[[0.3425,44.3144],[0.333,44.294],[0.3342,44.2819],[0.3401,44.2674],[0.3527,44.26],[0.3864,44.2508],[0.4094,44.2503],[0.4333,44.2397],[0.4967,44.2422],[0.5699,44.2255],[0.6405,44.2006],[0.6606,44.1749],[0.7752,44.144],[0.8006,44.144],[0.8256,44.1268]]}},{"type":"Feature","properties":{"t":"slow","v":40},"geometry":{"type":"LineString","coordinates":[[1.6013,49.3025],[1.5531,49.3026],[1.5089,49.3124],[1.4785,49.3283],[1.466,49.3436],[1.4236,49.3517],[1.4012,49.3679],[1.3836,49.3698]]}},{"type":"Feature","properties":{"t":"slow","v":80},"geometry":{"type":"LineString","coordinates":[[5.0318,47.2748],[5.0376,47.2791],[5.0455,47.2768]]}},{"type":"Feature","properties":{"t":"fast","v":200},"geometry":{"type":"LineString","coordinates":[[1.9119,47.9145],[1.9242,47.8897]]}},{"type":"Feature","properties":{"t":"lgv","v":320},"geometry":{"type":"LineString","coordinates":[[2.7854,48.99],[2.8297,48.9943],[2.8709,49.0075],[2.9149,49.0131],[3.0913,49.0556],[3.2403,49.0448],[3.303,49.0484],[3.3958,49.0763],[3.4575,49.1019],[3.5924,49.1322]]}},{"type":"Feature","properties":{"t":"fast","v":170},"geometry":{"type":"LineString","coordinates":[[0.2254,46.4976],[0.2209,46.4904]]}},{"type":"Feature","properties":{"t":"slow","v":30},"geometry":{"type":"LineString","coordinates":[[5.3806,43.3028],[5.3886,43.3069]]}},{"type":"Feature","properties":{"t":"slow","v":120},"geometry":{"type":"LineString","coordinates":[[4.0647,49.2675],[4.0509,49.2756],[4.0415,49.2746]]}},{"type":"Feature","properties":{"t":"slow","v":140},"geometry":{"type":"LineString","coordinates":[[1.5394,49.6306],[1.5425,49.636]]}},{"type":"Feature","properties":{"t":"slow","v":60},"geometry":{"type":"LineString","coordinates":[[2.3156,48.8631],[2.3274,48.8603]]}},{"type":"Feature","properties":{"t":"slow","v":30},"geometry":{"type":"LineString","coordinates":[[7.7123,48.5658],[7.7055,48.5679],[7.7087,48.5776]]}},{"type":"Feature","properties":{"t":"slow","v":70},"geometry":{"type":"LineString","coordinates":[[2.3017,48.8255],[2.3014,48.8253]]}},{"type":"Feature","properties":{"t":"slow","v":130},"geometry":{"type":"LineString","coordinates":[[-0.679,43.4482],[-0.6915,43.4574],[-0.7572,43.4817]]}},{"type":"Feature","properties":{"t":"fast","v":220},"geometry":{"type":"LineString","coordinates":[[7.7005,48.5579],[7.6564,48.4528],[7.6278,48.4064],[7.4604,48.2855],[7.4349,48.2511],[7.3939,48.2132],[7.364,48.1702],[7.3491,48.077],[7.3244,48.0436],[7.3073,47.9235],[7.295,47.8983],[7.2689,47.8676],[7.262,47.7868]]}},{"type":"Feature","properties":{"t":"slow","v":70},"geometry":{"type":"LineString","coordinates":[[3.5206,47.4667],[3.5184,47.4649]]}},{"type":"Feature","properties":{"t":"slow","v":90},"geometry":{"type":"LineString","coordinates":[[4.3926,45.4167],[4.3783,45.4385],[4.3827,45.4464],[4.3956,45.445]]}},{"type":"Feature","properties":{"t":"slow","v":140},"geometry":{"type":"LineString","coordinates":[[6.9703,48.6916],[7.0117,48.7025],[7.023,48.7239],[7.0553,48.74],[7.0751,48.7447],[7.0951,48.7428]]}},{"type":"Feature","properties":{"t":"slow","v":100},"geometry":{"type":"LineString","coordinates":[[3.1921,45.6939],[3.2098,45.6732],[3.2069,45.6649]]}},{"type":"Feature","properties":{"t":"slow","v":110},"geometry":{"type":"LineString","coordinates":[[-4.0857,48.1157],[-4.0602,48.1416],[-4.0582,48.1646],[-4.0987,48.1789],[-4.0964,48.1886],[-4.1016,48.1958],[-4.0944,48.2015]]}},{"type":"Feature","properties":{"t":"fast","v":220},"geometry":{"type":"LineString","coordinates":[[-2.2415,47.6871],[-2.2791,47.6763],[-2.3614,47.6728],[-2.502,47.6854]]}},{"type":"Feature","properties":{"t":"slow","v":30},"geometry":{"type":"LineString","coordinates":[[-3.0441,48.778],[-3.0498,48.7754]]}},{"type":"Feature","properties":{"t":"fast","v":220},"geometry":{"type":"LineString","coordinates":[[-0.6176,47.4172],[-0.6264,47.3994],[-0.6395,47.3883],[-0.6733,47.3743],[-0.7023,47.3703],[-0.778,47.3888],[-0.8235,47.4067],[-0.89,47.4116],[-0.9122,47.4096],[-0.9381,47.3971],[-1.0245,47.3735],[-1.1356,47.3757]]}},{"type":"Feature","properties":{"t":"slow","v":90},"geometry":{"type":"LineString","coordinates":[[0.3354,46.5441],[0.347,46.5398],[0.3613,46.5432],[0.3893,46.5339]]}},{"type":"Feature","properties":{"t":"slow","v":140},"geometry":{"type":"LineString","coordinates":[[1.2961,48.7584],[1.2601,48.7576],[1.2419,48.7669],[1.2119,48.7662],[1.1815,48.7786]]}},{"type":"Feature","properties":{"t":"slow","v":100},"geometry":{"type":"LineString","coordinates":[[5.0285,47.2867],[5.0321,47.2844]]}},{"type":"Feature","properties":{"t":"slow","v":30},"geometry":{"type":"LineString","coordinates":[[2.9979,50.3504],[3.0241,50.3406],[3.0381,50.3424]]}},{"type":"Feature","properties":{"t":"fast","v":160},"geometry":{"type":"LineString","coordinates":[[-0.4786,47.56],[-0.4821,47.5497]]}},{"type":"Feature","properties":{"t":"slow","v":150},"geometry":{"type":"LineString","coordinates":[[-0.4211,46.3237],[-0.431,46.3208],[-0.4477,46.3238],[-0.4542,46.3195]]}},{"type":"Feature","properties":{"t":"slow","v":30},"geometry":{"type":"LineString","coordinates":[[1.515,48.4258],[1.5336,48.4264]]}},{"type":"Feature","properties":{"t":"slow","v":110},"geometry":{"type":"LineString","coordinates":[[1.9301,43.6857],[1.9497,43.6676],[1.9837,43.6524],[2.0299,43.6584],[2.1094,43.614],[2.1191,43.5948],[2.1429,43.5914]]}},{"type":"Feature","properties":{"t":"slow","v":90},"geometry":{"type":"LineString","coordinates":[[5.6982,44.5219],[5.7023,44.5158],[5.7119,44.5133]]}},{"type":"Feature","properties":{"t":"slow","v":30},"geometry":{"type":"LineString","coordinates":[[7.0108,48.9773],[7.0376,48.9887],[7.0363,49.0008]]}},{"type":"Feature","properties":{"t":"slow","v":130},"geometry":{"type":"LineString","coordinates":[[4.8123,43.9418],[4.8564,43.932],[4.8992,43.9336],[4.9084,43.9415]]}},{"type":"Feature","properties":{"t":"slow","v":40},"geometry":{"type":"LineString","coordinates":[[4.2641,45.5113],[4.2641,45.5074]]}},{"type":"Feature","properties":{"t":"slow","v":100},"geometry":{"type":"LineString","coordinates":[[5.9318,47.2256],[5.9089,47.2034],[5.905,47.1959],[5.9076,47.185],[5.8964,47.166],[5.8832,47.162],[5.8817,47.1486],[5.8735,47.1427],[5.8716,47.1333],[5.8586,47.1286],[5.8521,47.1183]]}},{"type":"Feature","properties":{"t":"slow","v":100},"geometry":{"type":"LineString","coordinates":[[1.7969,42.5853],[1.8245,42.5409]]}},{"type":"Feature","properties":{"t":"fast","v":200},"geometry":{"type":"LineString","coordinates":[[1.9242,47.8897],[1.9486,47.8339],[1.9305,47.73],[1.9382,47.7017],[2.0173,47.6111],[2.0299,47.559],[2.051,47.4042],[2.0415,47.2754]]}},{"type":"Feature","properties":{"t":"slow","v":50},"geometry":{"type":"LineString","coordinates":[[-1.5472,47.2021],[-1.5495,47.1933]]}},{"type":"Feature","properties":{"t":"slow","v":80},"geometry":{"type":"LineString","coordinates":[[4.77,45.5945],[4.7795,45.5973],[4.7851,45.5928]]}},{"type":"Feature","properties":{"t":"slow","v":30},"geometry":{"type":"LineString","coordinates":[[5.0545,43.7995],[5.0534,43.7936]]}},{"type":"Feature","properties":{"t":"slow","v":130},"geometry":{"type":"LineString","coordinates":[[5.1793,46.7994],[5.1906,46.7483],[5.1914,46.7153],[5.2005,46.6954],[5.1945,46.6735],[5.1984,46.6533],[5.2072,46.6367],[5.2218,46.6261],[5.2239,46.6145],[5.2387,46.5976],[5.2417,46.5845],[5.2705,46.5656],[5.2894,46.543],[5.3094,46.4735],[5.3341,46.4551]]}},{"type":"Feature","properties":{"t":"lgv","v":270},"geometry":{"type":"LineString","coordinates":[[4.8157,46.2623],[4.8371,46.2591],[4.8628,46.2673]]}},{"type":"Feature","properties":{"t":"slow","v":130},"geometry":{"type":"LineString","coordinates":[[0.9732,44.0871],[0.9829,44.0843],[0.9941,44.0906],[1.0242,44.0942],[1.0437,44.0905],[1.0781,44.1026]]}},{"type":"Feature","properties":{"t":"slow","v":30},"geometry":{"type":"LineString","coordinates":[[3.4294,46.1304],[3.4313,46.138],[3.4694,46.1383]]}},{"type":"Feature","properties":{"t":"slow","v":120},"geometry":{"type":"LineString","coordinates":[[5.5058,47.9121],[5.5203,47.9513],[5.5368,47.9675]]}},{"type":"Feature","properties":{"t":"slow","v":90},"geometry":{"type":"LineString","coordinates":[[4.801,49.0794],[4.8395,49.0765],[4.8585,49.0805],[4.8757,49.076],[4.9041,49.0901],[4.9196,49.0878],[4.9386,49.0933],[4.9651,49.0931],[5.0131,49.11],[5.0429,49.099],[5.0644,49.1065]]}},{"type":"Feature","properties":{"t":"slow","v":140},"geometry":{"type":"LineString","coordinates":[[6.5827,46.0614],[6.584,46.0511],[6.6041,46.0455],[6.6084,46.0389],[6.6183,46.0359],[6.617,46.024],[6.6278,46.0067],[6.6312,45.9893],[6.6297,45.9617],[6.6365,45.9358]]}},{"type":"Feature","properties":{"t":"fast","v":230},"geometry":{"type":"LineString","coordinates":[[-0.9172,48.0568],[-0.9043,48.0721]]}},{"type":"Feature","properties":{"t":"slow","v":50},"geometry":{"type":"LineString","coordinates":[[3.9352,50.2718],[3.9443,50.2657]]}},{"type":"Feature","properties":{"t":"slow","v":80},"geometry":{"type":"LineString","coordinates":[[4.1911,43.5709],[4.1826,43.5576],[4.1408,43.5372]]}},{"type":"Feature","properties":{"t":"lgv","v":320},"geometry":{"type":"LineString","coordinates":[[6.684,47.5561],[6.8106,47.561],[6.9176,47.591]]}},{"type":"Feature","properties":{"t":"fast","v":220},"geometry":{"type":"LineString","coordinates":[[3.1173,50.5568],[3.1404,50.5709],[3.1404,50.5881],[3.1326,50.5965],[3.1055,50.6075],[3.0738,50.641]]}},{"type":"Feature","properties":{"t":"slow","v":60},"geometry":{"type":"LineString","coordinates":[[4.7799,45.6017],[4.7822,45.5964]]}},{"type":"Feature","properties":{"t":"slow","v":65},"geometry":{"type":"LineString","coordinates":[[3.0488,45.7947],[3.0562,45.783],[3.0517,45.7753],[3.0544,45.7714],[3.0756,45.7654],[3.0819,45.7583],[3.0979,45.7758]]}},{"type":"Feature","properties":{"t":"slow","v":110},"geometry":{"type":"LineString","coordinates":[[5.5377,47.968],[5.5511,47.9942],[5.5442,48.0082],[5.5895,48.0389],[5.5893,48.0442]]}},{"type":"Feature","properties":{"t":"fast","v":160},"geometry":{"type":"LineString","coordinates":[[6.8552,47.6304],[6.8687,47.6205],[6.9329,47.6216],[6.986,47.6092],[7.0143,47.6128],[7.0556,47.6312],[7.0836,47.631],[7.1015,47.6255],[7.1346,47.6282],[7.1537,47.6201],[7.199,47.6166],[7.2299,47.6279],[7.2506,47.6256],[7.2634,47.6363],[7.2689,47.6768],[7.2844,47.6911],[7.3051,47.6992],[7.3142,47.7193]]}},{"type":"Feature","properties":{"t":"fast","v":160},"geometry":{"type":"LineString","coordinates":[[5.0731,45.6598],[5.0881,45.6424],[5.0985,45.6385]]}},{"type":"Feature","properties":{"t":"slow","v":130},"geometry":{"type":"LineString","coordinates":[[2.5161,48.8245],[2.539,48.8226]]}},{"type":"Feature","properties":{"t":"slow","v":110},"geometry":{"type":"LineString","coordinates":[[6.8229,43.4187],[6.849,43.4185],[6.8551,43.4222],[6.8567,43.4319]]}},{"type":"Feature","properties":{"t":"fast","v":220},"geometry":{"type":"LineString","coordinates":[[-2.3761,48.3944],[-2.452,48.4297]]}},{"type":"Feature","properties":{"t":"fast","v":160},"geometry":{"type":"LineString","coordinates":[[7.1127,48.7398],[7.1188,48.7405],[7.126,48.7531],[7.1512,48.7672]]}},{"type":"Feature","properties":{"t":"slow","v":120},"geometry":{"type":"LineString","coordinates":[[4.8754,45.8198],[4.87,45.8159]]}},{"type":"Feature","properties":{"t":"slow","v":150},"geometry":{"type":"LineString","coordinates":[[-1.6714,49.5566],[-1.6702,49.5701],[-1.6802,49.5797],[-1.6795,49.5865],[-1.6616,49.5978],[-1.6537,49.6094],[-1.6183,49.6244]]}},{"type":"Feature","properties":{"t":"slow","v":95},"geometry":{"type":"LineString","coordinates":[[2.7477,46.2987],[2.7752,46.2941],[2.8146,46.2706],[2.8266,46.269],[2.843,46.2508],[2.8553,46.2476],[2.8868,46.2535],[2.8963,46.2487]]}},{"type":"Feature","properties":{"t":"slow","v":130},"geometry":{"type":"LineString","coordinates":[[6.2928,45.4628],[6.2866,45.4386],[6.2738,45.4236],[6.2769,45.3859],[6.2884,45.3692],[6.2891,45.3601],[6.3054,45.3509],[6.3225,45.3207],[6.3526,45.3013],[6.3551,45.2879]]}},{"type":"Feature","properties":{"t":"slow","v":30},"geometry":{"type":"LineString","coordinates":[[5.6965,45.7117],[5.6963,45.7561],[5.7131,45.7761],[5.6918,45.7766],[5.6831,45.7928],[5.6822,45.8059],[5.656,45.8138],[5.6574,45.8285],[5.6466,45.8406],[5.6541,45.8485]]}},{"type":"Feature","properties":{"t":"slow","v":30},"geometry":{"type":"LineString","coordinates":[[5.889,49.3666],[5.8603,49.3791],[5.884,49.3962],[5.868,49.4113],[5.8879,49.4177],[5.8851,49.4276],[5.8749,49.4376],[5.8798,49.4507],[5.8715,49.4651],[5.8789,49.4712],[5.8942,49.4714]]}},{"type":"Feature","properties":{"t":"slow","v":100},"geometry":{"type":"LineString","coordinates":[[2.3447,48.9384],[2.3424,48.9431]]}},{"type":"Feature","properties":{"t":"slow","v":110},"geometry":{"type":"LineString","coordinates":[[1.6007,45.0378],[1.6131,45.0161],[1.6549,44.9877],[1.6675,44.948]]}},{"type":"Feature","properties":{"t":"slow","v":30},"geometry":{"type":"LineString","coordinates":[[1.3576,47.6212],[1.3437,47.607],[1.3264,47.6021],[1.3247,47.5965]]}},{"type":"Feature","properties":{"t":"slow","v":30},"geometry":{"type":"LineString","coordinates":[[-0.7929,46.4618],[-0.793,46.4609]]}},{"type":"Feature","properties":{"t":"slow","v":90},"geometry":{"type":"LineString","coordinates":[[-1.5966,48.047],[-1.5991,48.0538],[-1.6204,48.0696],[-1.6351,48.1013],[-1.6495,48.1062]]}},{"type":"Feature","properties":{"t":"fast","v":160},"geometry":{"type":"LineString","coordinates":[[3.2959,49.6564],[3.2907,49.6763],[3.2615,49.6983],[3.2542,49.7132],[3.2518,49.7435],[3.274,49.8243],[3.2814,49.8321],[3.318,49.8486],[3.321,49.8787],[3.3261,49.8859],[3.3896,49.9076],[3.4035,49.9266],[3.4314,49.9486],[3.4459,50.001],[3.4387,50.0275],[3.4564,50.0536],[3.5161,50.0725],[3.5292,50.0808]]}},{"type":"Feature","properties":{"t":"fast","v":230},"geometry":{"type":"LineString","coordinates":[[0.6459,47.2426],[0.6581,47.2256],[0.6585,47.2141]]}},{"type":"Feature","properties":{"t":"slow","v":40},"geometry":{"type":"LineString","coordinates":[[4.1945,49.3617],[4.2639,49.3147],[4.3676,49.2901],[4.3977,49.252],[4.4268,49.2397]]}},{"type":"Feature","properties":{"t":"slow","v":40},"geometry":{"type":"LineString","coordinates":[[4.0533,49.0264],[4.0456,49.0248],[4.0378,48.991],[4.0218,48.9793],[4.0235,48.9604],[4.0405,48.9339],[4.0224,48.9112],[4.0108,48.906],[4.0029,48.8853],[3.9871,48.8713],[3.9664,48.865],[3.9841,48.8112],[3.9929,48.7666],[3.9193,48.7298],[3.7294,48.7149]]}},{"type":"Feature","properties":{"t":"slow","v":30},"geometry":{"type":"LineString","coordinates":[[2.2216,48.155],[2.2519,48.1832]]}},{"type":"Feature","properties":{"t":"fast","v":160},"geometry":{"type":"LineString","coordinates":[[4.8193,46.2965],[4.8225,46.288],[4.8558,46.2798]]}},{"type":"Feature","properties":{"t":"slow","v":30},"geometry":{"type":"LineString","coordinates":[[1.125,48.0781],[1.123,48.0859],[1.1145,48.0857]]}},{"type":"Feature","properties":{"t":"slow","v":100},"geometry":{"type":"LineString","coordinates":[[1.8126,50.9014],[1.8088,50.9126],[1.8498,50.936],[1.839,50.9485],[1.8467,50.9529]]}},{"type":"Feature","properties":{"t":"fast","v":160},"geometry":{"type":"LineString","coordinates":[[5.5813,48.8019],[5.7051,48.8282],[5.7554,48.848],[5.7664,48.856],[5.8014,48.9008],[5.8262,48.9201]]}},{"type":"Feature","properties":{"t":"slow","v":125},"geometry":{"type":"LineString","coordinates":[[6.0502,49.0222],[6.0625,49.057],[6.0782,49.0744],[6.1377,49.0942],[6.1629,49.0972],[6.1806,49.1106]]}},{"type":"Feature","properties":{"t":"slow","v":90},"geometry":{"type":"LineString","coordinates":[[1.5455,46.0937],[1.5306,46.0916],[1.5195,46.0824],[1.4939,46.08],[1.4958,46.0716],[1.4895,46.0521],[1.4793,46.0458]]}},{"type":"Feature","properties":{"t":"slow","v":120},"geometry":{"type":"LineString","coordinates":[[2.679,48.5104],[2.6872,48.4912],[2.6933,48.4876],[2.746,48.4881],[2.7659,48.4811],[2.7729,48.4711],[2.7721,48.4601],[2.7534,48.4313],[2.7523,48.4175],[2.764,48.4123],[2.7894,48.4149],[2.7994,48.4066]]}},{"type":"Feature","properties":{"t":"slow","v":110},"geometry":{"type":"LineString","coordinates":[[-0.6917,47.3714],[-0.7171,47.3681],[-0.721,47.3564],[-0.7472,47.3394]]}},{"type":"Feature","properties":{"t":"slow","v":90},"geometry":{"type":"LineString","coordinates":[[1.4816,45.8322],[1.5001,45.8154],[1.554,45.7866]]}},{"type":"Feature","properties":{"t":"fast","v":220},"geometry":{"type":"LineString","coordinates":[[0.4714,48.052],[0.4526,48.0549],[0.432,48.048]]}},{"type":"Feature","properties":{"t":"lgv","v":300},"geometry":{"type":"LineString","coordinates":[[-1.5179,48.0814],[-1.5506,48.095]]}},{"type":"Feature","properties":{"t":"slow","v":40},"geometry":{"type":"LineString","coordinates":[[1.6222,48.2753],[1.6201,48.2742]]}},{"type":"Feature","properties":{"t":"slow","v":70},"geometry":{"type":"LineString","coordinates":[[-1.4691,43.4857],[-1.4666,43.4629],[-1.4743,43.4574],[-1.4716,43.4431],[-1.4568,43.4336],[-1.4443,43.3902],[-1.4239,43.3743],[-1.4087,43.3733],[-1.389,43.3623],[-1.3809,43.352],[-1.3887,43.3436],[-1.3898,43.3265],[-1.403,43.3167],[-1.3855,43.3088],[-1.3697,43.3107],[-1.3514,43.3036],[-1.3544,43.2817],[-1.3458,43.2689],[-1.3207,43.2596],[-1.3184,43.2474],[-1.3025,43.2324],[-1.2938,43.2146],[-1.2595,43.2036],[-1.2503,43.1895],[-1.2577,43.1794],[-1.2376,43.1678]]}},{"type":"Feature","properties":{"t":"slow","v":40},"geometry":{"type":"LineString","coordinates":[[0.4118,46.5261],[0.4445,46.5275],[0.4934,46.5503],[0.5029,46.5601],[0.5681,46.5648]]}},{"type":"Feature","properties":{"t":"slow","v":40},"geometry":{"type":"LineString","coordinates":[[3.2528,50.3287],[3.2619,50.3346],[3.2572,50.3525],[3.2816,50.3555]]}},{"type":"Feature","properties":{"t":"slow","v":140},"geometry":{"type":"LineString","coordinates":[[2.4255,50.9532],[2.43,50.964],[2.3831,51.0017],[2.3663,51.0317]]}},{"type":"Feature","properties":{"t":"fast","v":160},"geometry":{"type":"LineString","coordinates":[[3.0609,48.9587],[3.1268,48.9511],[3.1619,48.9783],[3.1763,48.9824],[3.2366,48.9725],[3.2596,48.9516],[3.2716,48.9491],[3.2819,48.9531],[3.2924,48.9668],[3.3311,48.9694],[3.3441,48.9754]]}},{"type":"Feature","properties":{"t":"slow","v":70},"geometry":{"type":"LineString","coordinates":[[4.2929,46.955],[4.3057,46.967],[4.3193,46.9983],[4.3436,47.0083]]}},{"type":"Feature","properties":{"t":"slow","v":40},"geometry":{"type":"LineString","coordinates":[[3.5528,48.9321],[3.5527,48.932]]}},{"type":"Feature","properties":{"t":"slow","v":75},"geometry":{"type":"LineString","coordinates":[[3.5298,45.0719],[3.5783,45.0562],[3.5825,45.0467],[3.5904,45.0442],[3.5849,45.0381],[3.5912,45.0274],[3.624,45.015],[3.6293,45.0083],[3.6233,45.0011],[3.6264,44.9891],[3.6428,44.9705],[3.6499,44.9696]]}},{"type":"Feature","properties":{"t":"slow","v":70},"geometry":{"type":"LineString","coordinates":[[3.694,44.5641],[3.7497,44.5624],[3.7704,44.5486]]}},{"type":"Feature","properties":{"t":"slow","v":140},"geometry":{"type":"LineString","coordinates":[[2.6435,50.5202],[2.6406,50.5212]]}},{"type":"Feature","properties":{"t":"slow","v":120},"geometry":{"type":"LineString","coordinates":[[7.2168,43.6708],[7.2621,43.7049]]}},{"type":"Feature","properties":{"t":"slow","v":140},"geometry":{"type":"LineString","coordinates":[[5.5858,45.3199],[5.586,45.3197]]}},{"type":"Feature","properties":{"t":"slow","v":110},"geometry":{"type":"LineString","coordinates":[[1.5339,45.1497],[1.5357,45.1434],[1.5181,45.1305],[1.5215,45.1052],[1.5182,45.0928],[1.4778,45.0809],[1.4595,45.0329],[1.4631,45.0221],[1.4792,45.0194],[1.5016,44.9989],[1.4879,44.9901],[1.4871,44.9813],[1.4759,44.9718],[1.4796,44.9632],[1.472,44.9347],[1.455,44.9296],[1.4786,44.9049],[1.449,44.9016],[1.4404,44.8934],[1.4366,44.8809],[1.4167,44.8773],[1.4018,44.8604],[1.4014,44.8493],[1.41,44.8396],[1.4133,44.8204],[1.3944,44.7826],[1.4002,44.7655],[1.3858,44.7522],[1.3897,44.7364],[1.379,44.7267],[1.3754,44.7004],[1.352,44.6954],[1.3559,44.6862],[1.3395,44.6681],[1.3406,44.6528]]}},{"type":"Feature","properties":{"t":"slow","v":110},"geometry":{"type":"LineString","coordinates":[[1.3416,44.6066],[1.3454,44.5972],[1.3764,44.5928],[1.3852,44.5837],[1.3819,44.5518],[1.385,44.5352],[1.3929,44.524],[1.3843,44.5081],[1.3932,44.496],[1.4068,44.4916],[1.4125,44.4795],[1.4281,44.4748],[1.427,44.4636],[1.4424,44.4336],[1.4353,44.4103],[1.4522,44.4005],[1.459,44.3715],[1.4938,44.3698],[1.4907,44.3542],[1.512,44.3365],[1.5119,44.3247],[1.4985,44.2991],[1.5051,44.2876],[1.5011,44.2798],[1.5064,44.2561],[1.5575,44.2231],[1.5567,44.2119],[1.5458,44.1987],[1.5349,44.1665]]}},{"type":"Feature","properties":{"t":"slow","v":100},"geometry":{"type":"LineString","coordinates":[[2.8106,48.9031],[2.805,48.8977],[2.852,48.8848],[2.8594,48.8754],[2.8842,48.8629],[2.9068,48.8594]]}},{"type":"Feature","properties":{"t":"slow","v":70},"geometry":{"type":"LineString","coordinates":[[5.3477,43.3536],[5.354,43.3446],[5.3484,43.3429],[5.343,43.3476]]}},{"type":"Feature","properties":{"t":"slow","v":140},"geometry":{"type":"LineString","coordinates":[[0.9539,49.5491],[0.9497,49.5671],[0.9366,49.5792],[0.8983,49.5973]]}},{"type":"Feature","properties":{"t":"fast","v":160},"geometry":{"type":"LineString","coordinates":[[2.0939,47.198],[2.0661,47.1842],[2.0453,47.1352],[2.051,47.1153],[2.0462,47.0965],[2.0484,47.0753],[2.0333,47.0462],[2.042,47.0248],[2.0291,47.0012],[1.9802,46.9408],[1.8427,46.8711],[1.6587,46.7926],[1.6085,46.7648],[1.5982,46.7557],[1.5844,46.7258],[1.559,46.689],[1.5387,46.6668]]}},{"type":"Feature","properties":{"t":"slow","v":30},"geometry":{"type":"LineString","coordinates":[[1.1257,48.0748],[1.1312,48.0673],[1.1281,48.0631],[1.0442,48.0378]]}},{"type":"Feature","properties":{"t":"slow","v":90},"geometry":{"type":"LineString","coordinates":[[2.4737,48.8923],[2.4783,48.8858]]}},{"type":"Feature","properties":{"t":"slow","v":40},"geometry":{"type":"LineString","coordinates":[[3.1639,42.4418],[3.1572,42.4275]]}},{"type":"Feature","properties":{"t":"lgv","v":320},"geometry":{"type":"LineString","coordinates":[[0.4429,48.0589],[0.3225,48.0934],[0.2453,48.1011],[0.215,48.0992],[0.1688,48.0833],[0.0914,48.0686],[0.0666,48.0596],[0.0472,48.0442],[0.0299,48.0082],[0.0167,47.9949],[-0.1263,47.924],[-0.177,47.9108],[-0.3072,47.91],[-0.3676,47.9205],[-0.4126,47.9416],[-0.4854,47.9648],[-0.5089,47.9787],[-0.5428,48.0181],[-0.5888,48.0518],[-0.7176,48.1008],[-0.7754,48.1156],[-0.8071,48.1159],[-0.8512,48.1057],[-0.8872,48.0854],[-0.9424,48.0375],[-0.9898,48.0198],[-1.0267,48.0139],[-1.1044,48.0174],[-1.1851,48.0478],[-1.3026,48.0612],[-1.3778,48.0574],[-1.4645,48.0632],[-1.4911,48.0677],[-1.5179,48.0814]]}},{"type":"Feature","properties":{"t":"slow","v":100},"geometry":{"type":"LineString","coordinates":[[7.3684,43.8487],[7.4297,43.879]]}},{"type":"Feature","properties":{"t":"slow","v":90},"geometry":{"type":"LineString","coordinates":[[3.7525,46.5307],[3.767,46.5398],[3.7777,46.5387]]}},{"type":"Feature","properties":{"t":"slow","v":140},"geometry":{"type":"LineString","coordinates":[[0.1449,48.2302],[0.0907,48.2503],[0.0833,48.258],[0.0804,48.273],[0.0845,48.2831],[0.1031,48.2983],[0.1191,48.3373],[0.1283,48.3485],[0.1294,48.3769],[0.1064,48.4123],[0.0983,48.4368],[0.105,48.4681],[0.1326,48.5106],[0.1589,48.5292],[0.1762,48.5538],[0.1647,48.6063],[0.15,48.6206],[0.1554,48.6516],[0.1386,48.6628]]}},{"type":"Feature","properties":{"t":"slow","v":80},"geometry":{"type":"LineString","coordinates":[[2.0802,44.5775],[2.0904,44.5787],[2.1061,44.5703],[2.1254,44.5773],[2.1327,44.5687],[2.1558,44.5691],[2.1803,44.5736],[2.1822,44.5805],[2.1896,44.5825],[2.203,44.5789],[2.2183,44.5559]]}},{"type":"Feature","properties":{"t":"slow","v":115},"geometry":{"type":"LineString","coordinates":[[6.6155,44.6746],[6.6073,44.6896],[6.6095,44.6999],[6.5859,44.7275],[6.5728,44.7584],[6.5566,44.7749],[6.5563,44.791]]}},{"type":"Feature","properties":{"t":"slow","v":40},"geometry":{"type":"LineString","coordinates":[[2.2359,48.2419],[2.2538,48.1865],[2.2272,48.1602]]}},{"type":"Feature","properties":{"t":"slow","v":40},"geometry":{"type":"LineString","coordinates":[[3.4611,46.0618],[3.4869,46.0086],[3.4863,45.9864],[3.4776,45.9606],[3.4657,45.9488]]}},{"type":"Feature","properties":{"t":"slow","v":85},"geometry":{"type":"LineString","coordinates":[[3.9005,47.5313],[3.9068,47.5313],[3.916,47.5207],[3.9071,47.5099],[3.9127,47.4958]]}},{"type":"Feature","properties":{"t":"fast","v":160},"geometry":{"type":"LineString","coordinates":[[-1.8511,47.7298],[-1.8464,47.7183],[-1.8542,47.7058],[-1.8835,47.6908],[-1.9004,47.6757],[-1.9228,47.6746],[-1.9552,47.6648],[-1.9807,47.6677],[-2.0154,47.6642],[-2.0666,47.6472],[-2.0769,47.648]]}},{"type":"Feature","properties":{"t":"slow","v":140},"geometry":{"type":"LineString","coordinates":[[2.7095,48.2191],[2.718,48.1933]]}},{"type":"Feature","properties":{"t":"slow","v":90},"geometry":{"type":"LineString","coordinates":[[7.783,48.81],[7.7796,48.8209],[7.7414,48.8292]]}},{"type":"Feature","properties":{"t":"fast","v":200},"geometry":{"type":"LineString","coordinates":[[7.262,47.7868],[7.261,47.7722],[7.2655,47.7642],[7.3081,47.7469]]}},{"type":"Feature","properties":{"t":"slow","v":40},"geometry":{"type":"LineString","coordinates":[[4.0444,48.3156],[3.988,48.2928],[3.9659,48.2886],[3.9612,48.2807],[3.9395,48.2717],[3.8671,48.2772],[3.8417,48.2703],[3.8053,48.2752],[3.7845,48.2646],[3.753,48.2624],[3.7081,48.2441],[3.6514,48.2296],[3.5363,48.2366]]}},{"type":"Feature","properties":{"t":"slow","v":60},"geometry":{"type":"LineString","coordinates":[[0.2214,47.9944],[0.2019,47.9883]]}},{"type":"Feature","properties":{"t":"slow","v":85},"geometry":{"type":"LineString","coordinates":[[4.2553,45.5216],[4.2818,45.5102]]}},{"type":"Feature","properties":{"t":"fast","v":160},"geometry":{"type":"LineString","coordinates":[[2.3444,48.942],[2.5221,49.0658],[2.5258,49.1125],[2.4924,49.1362],[2.4713,49.1577],[2.46,49.1844],[2.4562,49.2085],[2.4447,49.2285]]}},{"type":"Feature","properties":{"t":"fast","v":200},"geometry":{"type":"LineString","coordinates":[[4.703,43.827],[4.679,43.8197],[4.6698,43.8122],[4.6271,43.7131],[4.6326,43.6836],[4.6473,43.6601],[4.9758,43.5813]]}},{"type":"Feature","properties":{"t":"slow","v":110},"geometry":{"type":"LineString","coordinates":[[7.0949,48.7428],[7.0806,48.7494],[7.0655,48.7701],[7.0384,48.7897],[7.0115,48.7925],[7.01,48.8082],[6.9983,48.8118]]}},{"type":"Feature","properties":{"t":"slow","v":70},"geometry":{"type":"LineString","coordinates":[[2.073,48.9051],[2.0712,48.912],[2.0481,48.9202],[2.0516,48.9272]]}},{"type":"Feature","properties":{"t":"fast","v":160},"geometry":{"type":"LineString","coordinates":[[0.9293,48.7427],[0.8272,48.7587],[0.7753,48.7745],[0.6679,48.7805],[0.6498,48.7721],[0.6145,48.7658],[0.595,48.754],[0.562,48.7447],[0.4956,48.7356],[0.4298,48.7175],[0.3629,48.7065],[0.3396,48.7084],[0.3139,48.6995],[0.218,48.7035],[0.2071,48.6971],[0.2086,48.6819],[0.1999,48.6728],[0.1767,48.6649],[0.1475,48.6614],[0.1358,48.6644]]}},{"type":"Feature","properties":{"t":"slow","v":120},"geometry":{"type":"LineString","coordinates":[[3.2967,49.6599],[3.2965,49.6531],[3.3018,49.6508],[3.4219,49.6623],[3.4609,49.6402],[3.5175,49.6231],[3.6065,49.5727],[3.6233,49.5707]]}},{"type":"Feature","properties":{"t":"slow","v":60},"geometry":{"type":"LineString","coordinates":[[3.2527,44.5096],[3.2482,44.4988],[3.2565,44.4923],[3.2782,44.4832],[3.3108,44.4842],[3.3391,44.4705],[3.3648,44.4859],[3.3879,44.4884],[3.404,44.5012],[3.4101,44.5001],[3.428,44.4803],[3.4564,44.482],[3.4657,44.4912],[3.4609,44.509],[3.4726,44.5176],[3.5019,44.5224]]}},{"type":"Feature","properties":{"t":"fast","v":160},"geometry":{"type":"LineString","coordinates":[[0.6955,43.0881],[0.5927,43.0748]]}},{"type":"Feature","properties":{"t":"slow","v":80},"geometry":{"type":"LineString","coordinates":[[-0.5997,44.8166],[-0.6205,44.813],[-0.6274,44.8426]]}},{"type":"Feature","properties":{"t":"slow","v":120},"geometry":{"type":"LineString","coordinates":[[2.7594,48.7393],[2.8041,48.7293],[2.8642,48.7322],[2.8738,48.7389],[2.9069,48.7838],[2.9081,48.7987],[2.9318,48.8132],[2.9529,48.811],[2.9669,48.8042],[2.9859,48.8103],[3.001,48.8076],[3.0312,48.8164],[3.0886,48.8066]]}},{"type":"Feature","properties":{"t":"slow","v":30},"geometry":{"type":"LineString","coordinates":[[2.4174,47.1241],[2.4148,47.1164],[2.3838,47.0994],[2.3862,47.0952]]}},{"type":"Feature","properties":{"t":"slow","v":100},"geometry":{"type":"LineString","coordinates":[[-1.5445,47.2584],[-1.5408,47.2767],[-1.5484,47.2958],[-1.5369,47.3163],[-1.5386,47.3345],[-1.5269,47.3477],[-1.5269,47.3944],[-1.5033,47.4305],[-1.5043,47.5188],[-1.5257,47.5484],[-1.519,47.576],[-1.4693,47.6162],[-1.4086,47.648],[-1.3851,47.6745],[-1.3835,47.6897],[-1.3712,47.7176]]}},{"type":"Feature","properties":{"t":"slow","v":120},"geometry":{"type":"LineString","coordinates":[[2.17,48.9293],[2.1672,48.9312]]}},{"type":"Feature","properties":{"t":"slow","v":150},"geometry":{"type":"LineString","coordinates":[[4.3353,48.9629],[4.3503,48.9538],[4.3587,48.9285],[4.409,48.897],[4.4207,48.8799]]}},{"type":"Feature","properties":{"t":"slow","v":60},"geometry":{"type":"LineString","coordinates":[[3.0217,50.6532],[3.0247,50.6564],[3.0202,50.6608]]}},{"type":"Feature","properties":{"t":"slow","v":110},"geometry":{"type":"LineString","coordinates":[[2.3014,48.8253],[2.295,48.8195]]}},{"type":"Feature","properties":{"t":"slow","v":130},"geometry":{"type":"LineString","coordinates":[[6.0021,48.9706],[6.0261,48.9683],[6.0303,48.9733],[6.0271,48.9806]]}},{"type":"Feature","properties":{"t":"slow","v":50},"geometry":{"type":"LineString","coordinates":[[1.7081,46.8129],[1.7165,46.8133],[1.7351,46.8001]]}},{"type":"Feature","properties":{"t":"slow","v":105},"geometry":{"type":"LineString","coordinates":[[4.7781,44.7999],[4.7497,44.7575],[4.7467,44.724],[4.7655,44.7066]]}},{"type":"Feature","properties":{"t":"slow","v":90},"geometry":{"type":"LineString","coordinates":[[5.5247,45.5439],[5.5313,45.5395],[5.5483,45.5465],[5.5978,45.5414],[5.61,45.532],[5.6331,45.5249],[5.6603,45.5298],[5.7038,45.5232],[5.7141,45.5204],[5.7312,45.5039],[5.739,45.5104],[5.7555,45.5422],[5.8605,45.5314],[5.8903,45.5488],[5.8977,45.5879],[5.9063,45.5879],[5.9175,45.5746]]}},{"type":"Feature","properties":{"t":"slow","v":110},"geometry":{"type":"LineString","coordinates":[[2.3854,50.367],[2.3475,50.3773]]}},{"type":"Feature","properties":{"t":"slow","v":90},"geometry":{"type":"LineString","coordinates":[[5.7727,46.1618],[5.8033,46.1466],[5.8272,46.1105]]}},{"type":"Feature","properties":{"t":"slow","v":90},"geometry":{"type":"LineString","coordinates":[[5.8814,46.1093],[5.892,46.1197],[5.9144,46.1298]]}},{"type":"Feature","properties":{"t":"fast","v":220},"geometry":{"type":"LineString","coordinates":[[3.1415,50.5842],[3.1476,50.5715],[3.1684,50.5717]]}},{"type":"Feature","properties":{"t":"slow","v":60},"geometry":{"type":"LineString","coordinates":[[5.3545,45.9531],[5.3565,45.9515]]}},{"type":"Feature","properties":{"t":"slow","v":105},"geometry":{"type":"LineString","coordinates":[[2.6445,46.3347],[2.6908,46.3147],[2.7146,46.3121],[2.7402,46.2953]]}},{"type":"Feature","properties":{"t":"fast","v":170},"geometry":{"type":"LineString","coordinates":[[5.343,43.3619],[5.3436,43.3611]]}},{"type":"Feature","properties":{"t":"slow","v":30},"geometry":{"type":"LineString","coordinates":[[2.3718,48.8972],[2.3702,48.8974]]}},{"type":"Feature","properties":{"t":"fast","v":160},"geometry":{"type":"LineString","coordinates":[[-0.3964,45.2817],[-0.3856,45.2691],[-0.3705,45.2352],[-0.3679,45.2142],[-0.3679,45.1709],[-0.3889,45.1492]]}},{"type":"Feature","properties":{"t":"slow","v":100},"geometry":{"type":"LineString","coordinates":[[2.8324,42.6834],[2.7531,42.6745],[2.6864,42.6892],[2.6378,42.6757],[2.6017,42.655],[2.4901,42.6438],[2.4366,42.6205]]}},{"type":"Feature","properties":{"t":"slow","v":110},"geometry":{"type":"LineString","coordinates":[[2.6982,50.3224],[2.6811,50.3397],[2.6256,50.3465],[2.6098,50.3532],[2.5091,50.3561]]}},{"type":"Feature","properties":{"t":"fast","v":160},"geometry":{"type":"LineString","coordinates":[[0.8256,44.1268],[0.8411,44.1183],[0.9502,44.1],[0.9733,44.0871]]}},{"type":"Feature","properties":{"t":"slow","v":70},"geometry":{"type":"LineString","coordinates":[[5.9979,49.2182],[6.0274,49.2282],[6.0314,49.2458],[6.0441,49.2467]]}},{"type":"Feature","properties":{"t":"slow","v":95},"geometry":{"type":"LineString","coordinates":[[6.1935,44.565],[6.2379,44.559],[6.2478,44.5513],[6.2722,44.5455],[6.2815,44.5337],[6.2935,44.5295],[6.3266,44.5319],[6.3439,44.5238],[6.3792,44.5359],[6.4503,44.546]]}},{"type":"Feature","properties":{"t":"slow","v":30},"geometry":{"type":"LineString","coordinates":[[2.4123,48.9427],[2.4054,48.9308],[2.4126,48.9285]]}},{"type":"Feature","properties":{"t":"slow","v":140},"geometry":{"type":"LineString","coordinates":[[5.2649,45.0843],[5.274,45.1193],[5.3113,45.1461],[5.3752,45.1678],[5.3857,45.1879],[5.4053,45.2057],[5.4409,45.2163]]}},{"type":"Feature","properties":{"t":"slow","v":40},"geometry":{"type":"LineString","coordinates":[[-0.116,47.3898],[-0.0949,47.3772],[-0.0624,47.3362]]}},{"type":"Feature","properties":{"t":"slow","v":100},"geometry":{"type":"LineString","coordinates":[[4.8045,45.766],[4.7894,45.7691],[4.7675,45.7616],[4.7535,45.7627],[4.7149,45.8015],[4.6643,45.8239],[4.6572,45.8469],[4.6454,45.8462],[4.6191,45.8333]]}},{"type":"Feature","properties":{"t":"slow","v":150},"geometry":{"type":"LineString","coordinates":[[2.6972,49.3396],[2.7096,49.3415]]}},{"type":"Feature","properties":{"t":"slow","v":140},"geometry":{"type":"LineString","coordinates":[[6.7071,43.4391],[6.7334,43.4317]]}},{"type":"Feature","properties":{"t":"slow","v":80},"geometry":{"type":"LineString","coordinates":[[2.4002,44.466],[2.406,44.4662],[2.4209,44.447],[2.4339,44.4617],[2.4596,44.4681],[2.4589,44.4605],[2.4665,44.4511],[2.452,44.4516],[2.4416,44.4409]]}},{"type":"Feature","properties":{"t":"slow","v":150},"geometry":{"type":"LineString","coordinates":[[5.0025,43.5808],[5.0231,43.5749],[5.0579,43.53],[5.0916,43.5284],[5.1227,43.5352],[5.1344,43.5308]]}},{"type":"Feature","properties":{"t":"fast","v":160},"geometry":{"type":"LineString","coordinates":[[4.6596,43.7892],[4.6619,43.7964],[4.6576,43.8006]]}},{"type":"Feature","properties":{"t":"slow","v":140},"geometry":{"type":"LineString","coordinates":[[5.543,48.7949],[5.5595,48.7906],[5.5813,48.8019]]}},{"type":"Feature","properties":{"t":"slow","v":120},"geometry":{"type":"LineString","coordinates":[[3.8456,50.1983],[3.8334,50.1895],[3.865,50.1488],[3.937,50.1244]]}},{"type":"Feature","properties":{"t":"slow","v":90},"geometry":{"type":"LineString","coordinates":[[0.957,44.9773],[0.9627,44.9668],[1.0032,44.9561],[1.003,44.946],[1.0103,44.9365],[1.0051,44.9298],[0.983,44.9272],[0.9649,44.9175],[0.9555,44.9035],[0.9362,44.9077],[0.9259,44.9031],[0.8992,44.8727],[0.8997,44.8511],[0.9083,44.847]]}},{"type":"Feature","properties":{"t":"slow","v":70},"geometry":{"type":"LineString","coordinates":[[4.0213,47.5029],[4.0428,47.4982],[4.0667,47.4619],[4.0993,47.4556],[4.1177,47.4351],[4.128,47.4304],[4.1335,47.4164],[4.1527,47.406],[4.1553,47.395],[4.1976,47.3637]]}},{"type":"Feature","properties":{"t":"slow","v":60},"geometry":{"type":"LineString","coordinates":[[7.3723,47.7578],[7.3577,47.7502]]}},{"type":"Feature","properties":{"t":"slow","v":60},"geometry":{"type":"LineString","coordinates":[[4.7933,45.2942],[4.7931,45.2891]]}},{"type":"Feature","properties":{"t":"slow","v":30},"geometry":{"type":"LineString","coordinates":[[1.3836,49.3698],[1.3768,49.3645]]}},{"type":"Feature","properties":{"t":"fast","v":160},"geometry":{"type":"LineString","coordinates":[[4.0597,49.2811],[4.1258,49.2993],[4.165,49.3322],[4.1684,49.3545],[4.1754,49.3621],[4.1908,49.373],[4.2501,49.3924],[4.2751,49.409],[4.2802,49.419]]}},{"type":"Feature","properties":{"t":"slow","v":50},"geometry":{"type":"LineString","coordinates":[[2.3705,42.5934],[2.3413,42.573],[2.3112,42.5615]]}},{"type":"Feature","properties":{"t":"slow","v":70},"geometry":{"type":"LineString","coordinates":[[2.1378,43.9223],[2.141,43.9386]]}},{"type":"Feature","properties":{"t":"slow","v":110},"geometry":{"type":"LineString","coordinates":[[-0.7572,43.4817],[-0.7884,43.4897],[-0.8163,43.4828],[-0.8387,43.5093],[-0.8554,43.5084]]}},{"type":"Feature","properties":{"t":"fast","v":160},"geometry":{"type":"LineString","coordinates":[[5.3026,47.2136],[5.3072,47.213]]}},{"type":"Feature","properties":{"t":"slow","v":130},"geometry":{"type":"LineString","coordinates":[[4.336,49.4611],[4.3633,49.5006],[4.372,49.5056],[4.4996,49.5303],[4.5078,49.5466],[4.5268,49.5667],[4.5273,49.5934],[4.5107,49.6127],[4.5218,49.6374],[4.5369,49.647]]}},{"type":"Feature","properties":{"t":"slow","v":90},"geometry":{"type":"LineString","coordinates":[[4.254,45.4019],[4.2683,45.3887],[4.286,45.3917]]}},{"type":"Feature","properties":{"t":"slow","v":40},"geometry":{"type":"LineString","coordinates":[[4.9906,46.9054],[4.9589,46.899],[4.947,46.8917],[4.936,46.8692],[4.8721,46.8201]]}},{"type":"Feature","properties":{"t":"slow","v":60},"geometry":{"type":"LineString","coordinates":[[2.5725,48.9927],[2.5709,49.004]]}},{"type":"Feature","properties":{"t":"fast","v":160},"geometry":{"type":"LineString","coordinates":[[-2.504,48.4662],[-2.5105,48.466]]}},{"type":"Feature","properties":{"t":"lgv","v":270},"geometry":{"type":"LineString","coordinates":[[2.2505,48.7037],[2.2505,48.7036]]}},{"type":"Feature","properties":{"t":"slow","v":120},"geometry":{"type":"LineString","coordinates":[[1.5349,44.1665],[1.5327,44.1607]]}},{"type":"Feature","properties":{"t":"slow","v":80},"geometry":{"type":"LineString","coordinates":[[1.2772,46.1382],[1.29,46.1343]]}},{"type":"Feature","properties":{"t":"fast","v":220},"geometry":{"type":"LineString","coordinates":[[-0.2777,47.911],[-0.2925,47.9081],[-0.3043,47.8994],[-0.3096,47.8659]]}},{"type":"Feature","properties":{"t":"fast","v":160},"geometry":{"type":"LineString","coordinates":[[-1.6153,48.1103],[-1.6171,48.1101]]}},{"type":"Feature","properties":{"t":"slow","v":90},"geometry":{"type":"LineString","coordinates":[[6.5311,48.1189],[6.5602,48.1119],[6.5849,48.1229],[6.6165,48.1494],[6.6719,48.1724],[6.711,48.2067],[6.7281,48.2004],[6.7267,48.1923],[6.7334,48.1873],[6.7611,48.1854],[6.816,48.208],[6.8341,48.2072],[6.8622,48.1959],[6.882,48.1995],[6.8854,48.2117],[6.9069,48.2212],[6.9237,48.2149],[6.9392,48.215],[6.9654,48.2626],[6.9629,48.2741],[6.9505,48.2814]]}},{"type":"Feature","properties":{"t":"slow","v":40},"geometry":{"type":"LineString","coordinates":[[-0.3574,47.8372],[-0.3677,47.838],[-0.4253,47.8657],[-0.504,47.8697],[-0.5379,47.8839],[-0.617,47.8744],[-0.6465,47.8547],[-0.6895,47.8422]]}},{"type":"Feature","properties":{"t":"slow","v":40},"geometry":{"type":"LineString","coordinates":[[5.4482,47.8067],[5.4436,47.7918]]}},{"type":"Feature","properties":{"t":"slow","v":120},"geometry":{"type":"LineString","coordinates":[[2.025,49.0758],[1.9752,49.0929],[1.9646,49.1111],[1.9512,49.1199],[1.9395,49.1375],[1.9359,49.1681],[1.9203,49.1876],[1.9207,49.2065],[1.9074,49.2165],[1.9001,49.2412],[1.8857,49.2591],[1.8532,49.2629],[1.8457,49.2729],[1.8289,49.2757],[1.8145,49.2843],[1.7937,49.2809],[1.7854,49.2849]]}},{"type":"Feature","properties":{"t":"slow","v":100},"geometry":{"type":"LineString","coordinates":[[-1.9574,48.5014],[-1.976,48.4902],[-1.9916,48.4959],[-2.0212,48.4945],[-2.0315,48.4857],[-2.0416,48.4651],[-2.0521,48.4574],[-2.0653,48.456],[-2.0757,48.4622],[-2.1043,48.4673],[-2.1264,48.4899],[-2.1427,48.4967],[-2.1695,48.5193],[-2.1974,48.5278],[-2.2226,48.5284],[-2.2306,48.5193],[-2.2474,48.5174],[-2.2677,48.5045],[-2.3317,48.5072],[-2.4667,48.4888],[-2.4964,48.4669],[-2.5038,48.4662]]}},{"type":"Feature","properties":{"t":"slow","v":100},"geometry":{"type":"LineString","coordinates":[[5.3815,46.187],[5.4094,46.202],[5.4212,46.2203],[5.4526,46.2147]]}},{"type":"Feature","properties":{"t":"slow","v":30},"geometry":{"type":"LineString","coordinates":[[0.1628,49.4906],[0.1681,49.4902]]}},{"type":"Feature","properties":{"t":"slow","v":80},"geometry":{"type":"LineString","coordinates":[[5.569,46.1781],[5.5585,46.1758]]}},{"type":"Feature","properties":{"t":"slow","v":90},"geometry":{"type":"LineString","coordinates":[[2.2578,48.9017],[2.2383,48.8935],[2.2214,48.8722],[2.2174,48.8455],[2.2036,48.8373],[2.2008,48.8274]]}},{"type":"Feature","properties":{"t":"slow","v":60},"geometry":{"type":"LineString","coordinates":[[2.2753,50.9932],[2.2657,51.0005],[2.2698,51.0271],[2.2954,51.0391]]}},{"type":"Feature","properties":{"t":"slow","v":30},"geometry":{"type":"LineString","coordinates":[[2.3263,48.8769],[2.3221,48.8811]]}},{"type":"Feature","properties":{"t":"slow","v":130},"geometry":{"type":"LineString","coordinates":[[2.1892,48.8049],[2.1247,48.7921],[2.0727,48.7986]]}},{"type":"Feature","properties":{"t":"slow","v":140},"geometry":{"type":"LineString","coordinates":[[-3.2708,47.7967],[-3.2834,47.7993],[-3.3028,47.7947],[-3.3491,47.758],[-3.3757,47.754],[-3.4037,47.7623]]}},{"type":"Feature","properties":{"t":"fast","v":160},"geometry":{"type":"LineString","coordinates":[[2.5268,48.8833],[2.5557,48.8768]]}},{"type":"Feature","properties":{"t":"slow","v":150},"geometry":{"type":"LineString","coordinates":[[-1.9477,48.1384],[-1.9814,48.1536],[-2.0029,48.1723],[-2.0318,48.1773],[-2.0513,48.1898]]}},{"type":"Feature","properties":{"t":"slow","v":60},"geometry":{"type":"LineString","coordinates":[[3.2608,50.1665],[3.2481,50.1724]]}},{"type":"Feature","properties":{"t":"slow","v":75},"geometry":{"type":"LineString","coordinates":[[7.6338,48.9523],[7.6195,48.9646],[7.5857,48.9653],[7.5524,48.993],[7.5069,48.9978],[7.4843,49.0249],[7.498,49.0368],[7.4961,49.0422],[7.4822,49.0434],[7.4676,49.0551],[7.4394,49.0537],[7.4326,49.0486]]}},{"type":"Feature","properties":{"t":"slow","v":30},"geometry":{"type":"LineString","coordinates":[[5.9912,47.3142],[6.0161,47.3292]]}},{"type":"Feature","properties":{"t":"slow","v":125},"geometry":{"type":"LineString","coordinates":[[5.3931,43.3087],[5.402,43.3065],[5.4057,43.2975],[5.4134,43.2942]]}},{"type":"Feature","properties":{"t":"slow","v":80},"geometry":{"type":"LineString","coordinates":[[5.455,44.5966],[5.4717,44.5948],[5.4851,44.5795],[5.5231,44.5563]]}},{"type":"Feature","properties":{"t":"slow","v":60},"geometry":{"type":"LineString","coordinates":[[-3.0399,47.7022],[-3.0407,47.735],[-3.0096,47.7855],[-3.0118,47.8028],[-3.0251,47.8148],[-3.0292,47.8292],[-3.0592,47.8675],[-3.0737,47.872]]}},{"type":"Feature","properties":{"t":"slow","v":150},"geometry":{"type":"LineString","coordinates":[[-2.764,48.5071],[-2.793,48.509],[-2.8246,48.4941],[-2.8428,48.499]]}},{"type":"Feature","properties":{"t":"slow","v":60},"geometry":{"type":"LineString","coordinates":[[2.8554,50.4212],[2.8565,50.4169],[2.8652,50.4156]]}},{"type":"Feature","properties":{"t":"fast","v":160},"geometry":{"type":"LineString","coordinates":[[4.3715,49.0668],[4.3771,49.0618]]}},{"type":"Feature","properties":{"t":"slow","v":90},"geometry":{"type":"LineString","coordinates":[[4.4553,46.1445],[4.4708,46.1266],[4.4675,46.1135],[4.4743,46.0957],[4.4891,46.0799],[4.4956,46.0807],[4.4979,46.091]]}},{"type":"Feature","properties":{"t":"slow","v":140},"geometry":{"type":"LineString","coordinates":[[4.8956,44.9381],[4.9016,44.9477],[4.9211,44.9523],[4.9609,44.976],[5.0078,45.0206],[5.0254,45.0267],[5.0325,45.0426]]}},{"type":"Feature","properties":{"t":"slow","v":30},"geometry":{"type":"LineString","coordinates":[[2.882,50.6798],[2.8758,50.6807]]}},{"type":"Feature","properties":{"t":"slow","v":50},"geometry":{"type":"LineString","coordinates":[[3.1858,44.4395],[3.1973,44.4438],[3.1926,44.4545],[3.205,44.472],[3.2297,44.4798],[3.2488,44.4946],[3.2536,44.5146],[3.2648,44.52],[3.2657,44.5328],[3.2759,44.5401]]}},{"type":"Feature","properties":{"t":"slow","v":80},"geometry":{"type":"LineString","coordinates":[[2.5963,46.3376],[2.6071,46.3328],[2.6082,46.3267],[2.5936,46.2991]]}},{"type":"Feature","properties":{"t":"slow","v":80},"geometry":{"type":"LineString","coordinates":[[5.4526,46.2147],[5.4662,46.2061],[5.4699,46.1963],[5.4837,46.1979],[5.4865,46.1905],[5.4921,46.189]]}},{"type":"Feature","properties":{"t":"fast","v":160},"geometry":{"type":"LineString","coordinates":[[0.2147,46.499],[0.2226,46.5046]]}},{"type":"Feature","properties":{"t":"slow","v":80},"geometry":{"type":"LineString","coordinates":[[6.2426,46.1606],[6.2421,46.1695],[6.2286,46.1819],[6.2282,46.1927],[6.2331,46.1976]]}},{"type":"Feature","properties":{"t":"slow","v":140},"geometry":{"type":"LineString","coordinates":[[3.2782,49.6423],[3.2959,49.6565]]}},{"type":"Feature","properties":{"t":"slow","v":90},"geometry":{"type":"LineString","coordinates":[[6.1576,45.9681],[6.1595,45.9997],[6.1774,46.0133],[6.1996,46.0188],[6.208,46.0269],[6.2285,46.0272],[6.2448,46.0436],[6.2662,46.0498],[6.3517,46.0462]]}},{"type":"Feature","properties":{"t":"slow","v":60},"geometry":{"type":"LineString","coordinates":[[4.8511,45.7107],[4.8589,45.7146]]}},{"type":"Feature","properties":{"t":"slow","v":90},"geometry":{"type":"LineString","coordinates":[[1.829,48.9611],[1.831,48.9669]]}},{"type":"Feature","properties":{"t":"fast","v":160},"geometry":{"type":"LineString","coordinates":[[2.4269,49.0007],[2.4603,49.0147]]}},{"type":"Feature","properties":{"t":"slow","v":120},"geometry":{"type":"LineString","coordinates":[[3.9694,49.043],[4.0399,49.0591],[4.0517,49.0881],[4.0383,49.116],[4.0226,49.1287],[4.0424,49.1706],[4.0378,49.2181],[4.0128,49.2453],[4.0237,49.2587]]}},{"type":"Feature","properties":{"t":"slow","v":140},"geometry":{"type":"LineString","coordinates":[[5.72,46.1694],[5.7393,46.1768],[5.7727,46.1618]]}},{"type":"Feature","properties":{"t":"fast","v":220},"geometry":{"type":"LineString","coordinates":[[2.7304,48.5825],[2.7536,48.5691]]}},{"type":"Feature","properties":{"t":"slow","v":40},"geometry":{"type":"LineString","coordinates":[[2.8348,45.9313],[2.85,45.9231],[2.8957,45.9207],[2.9125,45.9091],[2.9422,45.9025],[2.9509,45.8903],[2.9987,45.8678]]}},{"type":"Feature","properties":{"t":"slow","v":120},"geometry":{"type":"LineString","coordinates":[[-0.6181,45.7447],[-0.636,45.727],[-0.6606,45.7134],[-0.7183,45.7092],[-0.7651,45.6959],[-0.8047,45.6945],[-0.848,45.6844],[-0.9122,45.6587],[-0.9304,45.667]]}},{"type":"Feature","properties":{"t":"slow","v":140},"geometry":{"type":"LineString","coordinates":[[5.2277,45.6018],[5.2393,45.5898],[5.2943,45.5828],[5.3085,45.5694],[5.3235,45.5651],[5.3626,45.5634],[5.3958,45.5557],[5.4371,45.5612]]}},{"type":"Feature","properties":{"t":"slow","v":30},"geometry":{"type":"LineString","coordinates":[[2.3535,48.9098],[2.3508,48.9111]]}},{"type":"Feature","properties":{"t":"slow","v":30},"geometry":{"type":"LineString","coordinates":[[0.2938,46.1518],[0.2264,46.1547],[0.2179,46.1472]]}},{"type":"Feature","properties":{"t":"slow","v":100},"geometry":{"type":"LineString","coordinates":[[5.8873,44.5602],[5.9478,44.5616],[5.9648,44.5518],[5.9999,44.544]]}},{"type":"Feature","properties":{"t":"slow","v":40},"geometry":{"type":"LineString","coordinates":[[-0.6642,45.5731],[-0.7418,45.592],[-0.7583,45.6005],[-0.7849,45.5945],[-0.8193,45.5941],[-0.8283,45.5865],[-0.8535,45.5904],[-0.9032,45.6337],[-0.9122,45.6512],[-0.9329,45.6689]]}},{"type":"Feature","properties":{"t":"slow","v":130},"geometry":{"type":"LineString","coordinates":[[2.241,48.586],[2.1956,48.579],[2.1591,48.5593],[2.0654,48.5344],[2.0098,48.5336]]}},{"type":"Feature","properties":{"t":"fast","v":170},"geometry":{"type":"LineString","coordinates":[[0.2226,46.5045],[0.2235,46.505]]}},{"type":"Feature","properties":{"t":"slow","v":80},"geometry":{"type":"LineString","coordinates":[[2.6045,46.3339],[2.618,46.3373],[2.6445,46.3347]]}},{"type":"Feature","properties":{"t":"slow","v":120},"geometry":{"type":"LineString","coordinates":[[7.7849,48.569],[7.8011,48.5756]]}},{"type":"Feature","properties":{"t":"slow","v":70},"geometry":{"type":"LineString","coordinates":[[7.4891,43.8881],[7.5186,43.9236],[7.5183,43.9296],[7.5112,43.9344],[7.5129,43.939]]}},{"type":"Feature","properties":{"t":"slow","v":150},"geometry":{"type":"LineString","coordinates":[[2.0727,48.7986],[2.0691,48.7981]]}},{"type":"Feature","properties":{"t":"slow","v":80},"geometry":{"type":"LineString","coordinates":[[3.0313,45.0984],[3.0212,45.1257],[2.999,45.121]]}},{"type":"Feature","properties":{"t":"slow","v":60},"geometry":{"type":"LineString","coordinates":[[2.2801,48.9806],[2.2582,48.9847]]}},{"type":"Feature","properties":{"t":"lgv","v":320},"geometry":{"type":"LineString","coordinates":[[3.9194,49.2409],[4.0329,49.2012],[4.1479,49.1806],[4.1943,49.1575],[4.2306,49.1253],[4.2788,49.0997],[4.3803,49.0642],[4.4888,49.038],[4.863,49.0116],[4.9958,49.0108],[5.1028,48.9917],[5.3582,48.9706],[5.4414,48.9725],[5.6001,48.9505],[5.6699,48.9558],[5.7539,48.9728],[5.8433,48.9685],[5.8973,48.9608],[5.9887,48.9723],[6.0249,48.966],[6.0776,48.9456],[6.1226,48.9406],[6.2305,48.9582],[6.3776,48.9643],[6.4583,48.9486],[6.5467,48.9425],[6.6266,48.9099],[6.7227,48.895],[6.9058,48.8142],[6.9448,48.786],[6.9826,48.7696],[7.0854,48.7638],[7.2378,48.7793],[7.3068,48.7732],[7.3697,48.7802],[7.419,48.7794],[7.4498,48.775],[7.4749,48.7653],[7.5308,48.7211],[7.6038,48.7089],[7.6291,48.6982]]}},{"type":"Feature","properties":{"t":"fast","v":160},"geometry":{"type":"LineString","coordinates":[[1.4239,43.5681],[1.3841,43.5221],[1.3372,43.4928],[1.3266,43.4685],[1.222,43.3063],[1.2003,43.289],[1.1632,43.276],[1.0873,43.2143],[0.9772,43.184]]}},{"type":"Feature","properties":{"t":"slow","v":105},"geometry":{"type":"LineString","coordinates":[[4.4787,45.4511],[4.4917,45.46],[4.5084,45.4639],[4.5146,45.4715]]}},{"type":"Feature","properties":{"t":"slow","v":120},"geometry":{"type":"LineString","coordinates":[[5.0311,47.3204],[5.0353,47.2991],[5.0472,47.2939]]}},{"type":"Feature","properties":{"t":"slow","v":70},"geometry":{"type":"LineString","coordinates":[[2.2369,48.9523],[2.2292,48.9495]]}},{"type":"Feature","properties":{"t":"slow","v":90},"geometry":{"type":"LineString","coordinates":[[-0.2455,46.9622],[-0.2327,46.9703],[-0.2298,46.9812]]}},{"type":"Feature","properties":{"t":"fast","v":160},"geometry":{"type":"LineString","coordinates":[[2.3934,49.8845],[2.4429,49.8884],[2.4643,49.9021],[2.5048,49.9139],[2.523,49.9353],[2.548,49.9488],[2.6322,49.9777],[2.6384,50.0004],[2.6538,50.0136],[2.6641,50.0617],[2.671,50.0706],[2.7261,50.0865],[2.7443,50.1073],[2.7774,50.123],[2.7901,50.1852],[2.7846,50.1984],[2.7685,50.2156],[2.7639,50.2689]]}},{"type":"Feature","properties":{"t":"fast","v":200},"geometry":{"type":"LineString","coordinates":[[-1.2336,49.3007],[-1.2644,49.3084],[-1.2835,49.3198],[-1.3345,49.3658],[-1.3542,49.407],[-1.4021,49.4567],[-1.4511,49.4743],[-1.4726,49.4995]]}},{"type":"Feature","properties":{"t":"slow","v":80},"geometry":{"type":"LineString","coordinates":[[3.0628,44.2379],[3.0663,44.2549],[3.0628,44.2652],[3.0749,44.2876]]}},{"type":"Feature","properties":{"t":"slow","v":110},"geometry":{"type":"LineString","coordinates":[[3.5855,47.7976],[3.587,47.7925],[3.6137,47.7771],[3.6014,47.7426],[3.6314,47.6999],[3.6809,47.6795]]}},{"type":"Feature","properties":{"t":"slow","v":60},"geometry":{"type":"LineString","coordinates":[[5.3906,43.3083],[5.3861,43.3058]]}},{"type":"Feature","properties":{"t":"slow","v":85},"geometry":{"type":"LineString","coordinates":[[2.2183,44.556],[2.2197,44.5469],[2.2392,44.5273],[2.2781,44.5221]]}},{"type":"Feature","properties":{"t":"slow","v":30},"geometry":{"type":"LineString","coordinates":[[5.3861,43.3058],[5.3804,43.303]]}},{"type":"Feature","properties":{"t":"slow","v":120},"geometry":{"type":"LineString","coordinates":[[4.286,45.3917],[4.3477,45.3985],[4.3881,45.4109]]}},{"type":"Feature","properties":{"t":"slow","v":115},"geometry":{"type":"LineString","coordinates":[[5.8237,45.9149],[5.819,45.9302],[5.8312,45.9457],[5.8318,45.9716],[5.8079,45.9888],[5.8032,46.0159]]}},{"type":"Feature","properties":{"t":"slow","v":115},"geometry":{"type":"LineString","coordinates":[[6.2653,46.2097],[6.295,46.2176],[6.3033,46.2273]]}},{"type":"Feature","properties":{"t":"slow","v":90},"geometry":{"type":"LineString","coordinates":[[2.4529,48.7579],[2.467,48.7594],[2.4711,48.7508]]}},{"type":"Feature","properties":{"t":"slow","v":140},"geometry":{"type":"LineString","coordinates":[[0.4138,47.6831],[0.3321,47.6664],[0.2507,47.6941],[0.2774,47.8111],[0.2689,47.8246],[0.2377,47.8397],[0.2272,47.8617],[0.1987,47.8977],[0.1884,47.9367],[0.2019,47.9899]]}},{"type":"Feature","properties":{"t":"slow","v":120},"geometry":{"type":"LineString","coordinates":[[0.2383,43.1841],[0.2171,43.2057],[0.1851,43.2109],[0.1646,43.2255],[0.1435,43.2235],[0.1297,43.2272],[0.1049,43.2184],[0.0973,43.2218],[0.086,43.2387],[0.0683,43.2403]]}},{"type":"Feature","properties":{"t":"slow","v":150},"geometry":{"type":"LineString","coordinates":[[1.3967,48.9652],[1.3377,48.9773],[1.3042,48.9942],[1.2693,48.9886],[1.2461,48.9948],[1.2216,48.9916],[1.184,49.0203],[1.1732,49.0234]]}},{"type":"Feature","properties":{"t":"slow","v":105},"geometry":{"type":"LineString","coordinates":[[4.2791,45.5105],[4.3108,45.5021],[4.3311,45.4836],[4.377,45.4656]]}},{"type":"Feature","properties":{"t":"slow","v":30},"geometry":{"type":"LineString","coordinates":[[2.685,48.3291],[2.6775,48.3291]]}},{"type":"Feature","properties":{"t":"slow","v":100},"geometry":{"type":"LineString","coordinates":[[2.332,48.6769],[2.3184,48.6847],[2.3122,48.6989],[2.2798,48.7088],[2.2711,48.7304],[2.2511,48.7234],[2.2336,48.7337],[2.231,48.7399]]}},{"type":"Feature","properties":{"t":"slow","v":90},"geometry":{"type":"LineString","coordinates":[[2.1581,48.7978],[2.1572,48.7973]]}},{"type":"Feature","properties":{"t":"slow","v":100},"geometry":{"type":"LineString","coordinates":[[-0.5074,43.1539],[-0.5245,43.1595],[-0.5412,43.1745],[-0.6021,43.1997],[-0.6122,43.1947]]}},{"type":"Feature","properties":{"t":"slow","v":70},"geometry":{"type":"LineString","coordinates":[[2.3152,48.8872],[2.2837,48.9055],[2.2658,48.9062],[2.2602,48.913]]}},{"type":"Feature","properties":{"t":"slow","v":110},"geometry":{"type":"LineString","coordinates":[[-1.1108,46.1373],[-1.1295,46.1389],[-1.1399,46.1349],[-1.1465,46.1394]]}},{"type":"Feature","properties":{"t":"slow","v":140},"geometry":{"type":"LineString","coordinates":[[5.9552,45.8086],[5.9536,45.8499],[5.9482,45.8629]]}},{"type":"Feature","properties":{"t":"fast","v":220},"geometry":{"type":"LineString","coordinates":[[0.6702,47.34],[0.6236,47.164],[0.5778,47.126],[0.5847,47.0388],[0.5986,47.0146],[0.5972,46.9974],[0.6088,46.9679],[0.6089,46.9383],[0.6033,46.9227],[0.5564,46.8555],[0.5467,46.8288],[0.5521,46.8082],[0.5414,46.7979]]}},{"type":"Feature","properties":{"t":"slow","v":30},"geometry":{"type":"LineString","coordinates":[[4.699,44.0971],[4.7076,44.0955]]}},{"type":"Feature","properties":{"t":"slow","v":70},"geometry":{"type":"LineString","coordinates":[[4.8516,45.7391],[4.8483,45.7207]]}},{"type":"Feature","properties":{"t":"lgv","v":270},"geometry":{"type":"LineString","coordinates":[[6.6579,47.5543],[6.6838,47.5561]]}},{"type":"Feature","properties":{"t":"slow","v":40},"geometry":{"type":"LineString","coordinates":[[2.8263,46.157],[2.8017,46.1221],[2.7869,46.0912],[2.7873,46.0814],[2.8059,46.0623],[2.8116,46.0345],[2.792,46.0119],[2.7968,46.0],[2.7948,45.9872],[2.8058,45.9779],[2.8032,45.9696]]}},{"type":"Feature","properties":{"t":"slow","v":60},"geometry":{"type":"LineString","coordinates":[[5.3886,43.3069],[5.3931,43.3087]]}},{"type":"Feature","properties":{"t":"slow","v":130},"geometry":{"type":"LineString","coordinates":[[2.3064,48.6386],[2.3088,48.6205],[2.3047,48.6115]]}},{"type":"Feature","properties":{"t":"fast","v":160},"geometry":{"type":"LineString","coordinates":[[5.9933,47.3161],[6.0009,47.3313]]}},{"type":"Feature","properties":{"t":"slow","v":100},"geometry":{"type":"LineString","coordinates":[[2.2057,48.9018],[2.1972,48.9056],[2.1939,48.9161]]}},{"type":"Feature","properties":{"t":"fast","v":160},"geometry":{"type":"LineString","coordinates":[[-3.1422,48.5557],[-3.1661,48.5534],[-3.1872,48.5699],[-3.2548,48.5739],[-3.2991,48.5939],[-3.3571,48.5951],[-3.3804,48.6042],[-3.4389,48.6093],[-3.4715,48.6066]]}},{"type":"Feature","properties":{"t":"slow","v":30},"geometry":{"type":"LineString","coordinates":[[2.3523,48.9113],[2.3559,48.9143]]}},{"type":"Feature","properties":{"t":"slow","v":40},"geometry":{"type":"LineString","coordinates":[[7.1247,49.0347],[7.1015,49.0284],[7.0763,49.0107],[7.0399,49.0047],[7.0374,48.9995]]}},{"type":"Feature","properties":{"t":"slow","v":30},"geometry":{"type":"LineString","coordinates":[[-0.5235,45.6986],[-0.5225,45.6986]]}},{"type":"Feature","properties":{"t":"fast","v":160},"geometry":{"type":"LineString","coordinates":[[2.0975,47.2121],[2.186,47.161],[2.2056,47.142],[2.213,47.1279],[2.2538,47.1062],[2.3086,47.0905],[2.3943,47.0946]]}},{"type":"Feature","properties":{"t":"slow","v":80},"geometry":{"type":"LineString","coordinates":[[3.2186,45.6311],[3.2227,45.6275],[3.2133,45.6163],[3.2263,45.6099],[3.22,45.6003],[3.2474,45.5897],[3.2418,45.578],[3.2511,45.5725],[3.2522,45.5636]]}},{"type":"Feature","properties":{"t":"slow","v":120},"geometry":{"type":"LineString","coordinates":[[3.9215,50.2613],[3.9951,50.2761]]}},{"type":"Feature","properties":{"t":"slow","v":30},"geometry":{"type":"LineString","coordinates":[[4.0927,44.2967],[4.0938,44.2922],[4.1226,44.2761]]}},{"type":"Feature","properties":{"t":"slow","v":60},"geometry":{"type":"LineString","coordinates":[[6.1492,49.321],[6.1523,49.3323],[6.1431,49.3369]]}},{"type":"Feature","properties":{"t":"slow","v":120},"geometry":{"type":"LineString","coordinates":[[2.3627,48.9181],[2.4367,48.9325],[2.494,48.9322]]}},{"type":"Feature","properties":{"t":"slow","v":130},"geometry":{"type":"LineString","coordinates":[[6.3915,48.5618],[6.3859,48.5352],[6.3993,48.5093],[6.3715,48.4757],[6.3188,48.4655],[6.3096,48.4395],[6.3089,48.4218]]}},{"type":"Feature","properties":{"t":"fast","v":160},"geometry":{"type":"LineString","coordinates":[[-0.0875,49.0719],[-0.0888,49.0722]]}},{"type":"Feature","properties":{"t":"slow","v":70},"geometry":{"type":"LineString","coordinates":[[4.7357,49.7451],[4.7474,49.7481]]}},{"type":"Feature","properties":{"t":"slow","v":80},"geometry":{"type":"LineString","coordinates":[[6.1707,49.3543],[6.2047,49.3652],[6.2175,49.353],[6.2603,49.3452],[6.2607,49.3328],[6.275,49.3199],[6.3005,49.3134],[6.3172,49.3199],[6.3368,49.3006],[6.3549,49.2929],[6.3496,49.2801],[6.3529,49.2758],[6.3954,49.2705],[6.4133,49.2746],[6.4439,49.2703],[6.4596,49.2624]]}},{"type":"Feature","properties":{"t":"slow","v":140},"geometry":{"type":"LineString","coordinates":[[4.3261,48.9843],[4.3239,48.9951],[4.2996,49.0089],[4.2988,49.0151],[4.3293,49.0231],[4.3458,49.0361],[4.3736,49.0423],[4.3797,49.0516],[4.375,49.0659],[4.3573,49.0793],[4.3531,49.0912],[4.3205,49.1133],[4.3166,49.1347],[4.276,49.1376],[4.2258,49.176],[4.1876,49.1974],[4.153,49.2013],[4.1185,49.2116],[4.0735,49.2401],[4.0647,49.2675]]}},{"type":"Feature","properties":{"t":"slow","v":60},"geometry":{"type":"LineString","coordinates":[[1.5058,45.1508],[1.5122,45.1507]]}},{"type":"Feature","properties":{"t":"slow","v":110},"geometry":{"type":"LineString","coordinates":[[5.9088,45.6897],[5.9003,45.6567],[5.9036,45.6493],[5.8919,45.6266]]}},{"type":"Feature","properties":{"t":"slow","v":140},"geometry":{"type":"LineString","coordinates":[[6.1575,46.8577],[6.1695,46.8581],[6.2169,46.8261],[6.2474,46.8115]]}},{"type":"Feature","properties":{"t":"lgv","v":300},"geometry":{"type":"LineString","coordinates":[[6.6838,47.5561],[6.684,47.5561]]}},{"type":"Feature","properties":{"t":"slow","v":80},"geometry":{"type":"LineString","coordinates":[[4.9048,43.4745],[4.8801,43.4839],[4.8459,43.4722],[4.8393,43.4622]]}},{"type":"Feature","properties":{"t":"slow","v":140},"geometry":{"type":"LineString","coordinates":[[0.2204,47.9942],[0.2193,47.9938]]}},{"type":"Feature","properties":{"t":"slow","v":100},"geometry":{"type":"LineString","coordinates":[[2.2924,48.9009],[2.272,48.914]]}},{"type":"Feature","properties":{"t":"slow","v":150},"geometry":{"type":"LineString","coordinates":[[4.9859,48.824],[5.0367,48.8188],[5.0618,48.8046],[5.1036,48.8054],[5.1623,48.7778],[5.1895,48.7568],[5.2261,48.7379],[5.2801,48.726],[5.2929,48.7169]]}},{"type":"Feature","properties":{"t":"slow","v":90},"geometry":{"type":"LineString","coordinates":[[2.2635,48.9896],[2.2456,49.0133],[2.2188,49.0267],[2.1985,49.0426],[2.1905,49.0548],[2.2073,49.0804],[2.201,49.0893]]}},{"type":"Feature","properties":{"t":"slow","v":80},"geometry":{"type":"LineString","coordinates":[[1.6863,42.7864],[1.7072,42.7746],[1.7339,42.7748],[1.7687,42.7589],[1.7861,42.7402],[1.8335,42.7248]]}},{"type":"Feature","properties":{"t":"slow","v":130},"geometry":{"type":"LineString","coordinates":[[1.3705,48.7311],[1.3572,48.7292],[1.3196,48.742],[1.3037,48.7569],[1.2961,48.7584]]}},{"type":"Feature","properties":{"t":"slow","v":130},"geometry":{"type":"LineString","coordinates":[[5.4098,47.8419],[5.4361,47.8135],[5.4518,47.8073],[5.5183,47.8369],[5.548,47.8344],[5.601,47.8177],[5.6393,47.8297],[5.7302,47.816],[5.766,47.8237],[5.8209,47.8498],[5.8511,47.8568],[5.8728,47.8532],[5.8916,47.8393],[5.9048,47.837]]}},{"type":"Feature","properties":{"t":"slow","v":105},"geometry":{"type":"LineString","coordinates":[[4.2153,45.9876],[4.236,45.9979],[4.2561,45.9941],[4.2717,46.0031],[4.2839,46.0012],[4.304,45.9787],[4.3149,45.9788],[4.331,45.968],[4.3423,45.9486],[4.4014,45.905],[4.4036,45.8943],[4.4231,45.8958],[4.4566,45.8871],[4.4807,45.8733],[4.534,45.8689],[4.5685,45.8421],[4.6172,45.8327],[4.655,45.8558],[4.6828,45.8542]]}},{"type":"Feature","properties":{"t":"slow","v":110},"geometry":{"type":"LineString","coordinates":[[2.3432,44.1469],[2.3461,44.1608],[2.3652,44.1883],[2.4023,44.2011]]}},{"type":"Feature","properties":{"t":"slow","v":90},"geometry":{"type":"LineString","coordinates":[[2.8459,50.4165],[2.9467,50.4153],[3.0211,50.4472],[3.03,50.4467]]}},{"type":"Feature","properties":{"t":"lgv","v":300},"geometry":{"type":"LineString","coordinates":[[7.6291,48.6982],[7.6889,48.6907]]}},{"type":"Feature","properties":{"t":"fast","v":180},"geometry":{"type":"LineString","coordinates":[[-0.4617,44.9329],[-0.4753,44.9345],[-0.5035,44.9268]]}},{"type":"Feature","properties":{"t":"slow","v":80},"geometry":{"type":"LineString","coordinates":[[2.8476,50.4163],[2.8533,50.4176]]}},{"type":"Feature","properties":{"t":"slow","v":80},"geometry":{"type":"LineString","coordinates":[[2.3473,48.8605],[2.3738,48.8441]]}},{"type":"Feature","properties":{"t":"slow","v":95},"geometry":{"type":"LineString","coordinates":[[2.592,46.3405],[2.5784,46.3497],[2.5071,46.3562],[2.5022,46.3642]]}},{"type":"Feature","properties":{"t":"slow","v":60},"geometry":{"type":"LineString","coordinates":[[-1.0649,45.5492],[-1.0682,45.5615],[-1.0651,45.5674]]}},{"type":"Feature","properties":{"t":"slow","v":80},"geometry":{"type":"LineString","coordinates":[[2.3439,43.2177],[2.3203,43.2035],[2.3027,43.1728],[2.31,43.1578],[2.3202,43.1521],[2.3204,43.1255],[2.2306,43.0942]]}},{"type":"Feature","properties":{"t":"slow","v":50},"geometry":{"type":"LineString","coordinates":[[-0.4877,43.881],[-0.4301,43.7797],[-0.4154,43.7748],[-0.3651,43.7785],[-0.2757,43.7505],[-0.2674,43.7422],[-0.2612,43.7109],[-0.2538,43.7058],[-0.137,43.679],[-0.0219,43.6204],[-0.0134,43.5246],[0.0462,43.4451],[0.0664,43.3784],[0.0684,43.3121],[0.0531,43.2465],[0.0627,43.2404]]}},{"type":"Feature","properties":{"t":"slow","v":120},"geometry":{"type":"LineString","coordinates":[[2.8469,49.2819],[2.8018,49.2946],[2.7428,49.3213],[2.7271,49.3352]]}},{"type":"Feature","properties":{"t":"slow","v":130},"geometry":{"type":"LineString","coordinates":[[0.1909,48.1513],[0.1898,48.1901],[0.1449,48.2302]]}},{"type":"Feature","properties":{"t":"slow","v":110},"geometry":{"type":"LineString","coordinates":[[1.2853,45.7563],[1.3087,45.7493],[1.3149,45.735],[1.3294,45.7235],[1.3308,45.7106],[1.3471,45.6995]]}},{"type":"Feature","properties":{"t":"slow","v":150},"geometry":{"type":"LineString","coordinates":[[5.7791,45.8432],[5.7965,45.8515],[5.8237,45.9149]]}},{"type":"Feature","properties":{"t":"slow","v":60},"geometry":{"type":"LineString","coordinates":[[0.6937,47.3894],[0.7031,47.3802],[0.6968,47.3759]]}},{"type":"Feature","properties":{"t":"fast","v":160},"geometry":{"type":"LineString","coordinates":[[6.4649,48.9667],[6.4766,48.9626],[6.4829,48.947],[6.4983,48.9457]]}},{"type":"Feature","properties":{"t":"slow","v":115},"geometry":{"type":"LineString","coordinates":[[4.4364,45.4358],[4.4635,45.4404],[4.4779,45.4507]]}},{"type":"Feature","properties":{"t":"slow","v":60},"geometry":{"type":"LineString","coordinates":[[5.4578,47.0947],[5.4663,47.0979]]}},{"type":"Feature","properties":{"t":"slow","v":85},"geometry":{"type":"LineString","coordinates":[[-0.372,43.292],[-0.3876,43.2792],[-0.3862,43.2426],[-0.3914,43.2367],[-0.3913,43.2248],[-0.402,43.2133],[-0.4021,43.2046],[-0.4221,43.1957],[-0.4327,43.1678],[-0.4593,43.1444],[-0.4898,43.1472],[-0.5075,43.1539]]}},{"type":"Feature","properties":{"t":"slow","v":150},"geometry":{"type":"LineString","coordinates":[[1.5387,46.6668],[1.5205,46.6568],[1.5098,46.629],[1.4961,46.615],[1.5001,46.6024],[1.5233,46.5874],[1.5271,46.5611],[1.5418,46.5454],[1.5321,46.5303],[1.5034,46.5173],[1.499,46.5099],[1.5039,46.5029],[1.5368,46.4901],[1.5398,46.4823],[1.5326,46.4683],[1.5493,46.4543],[1.5583,46.4268],[1.5475,46.4146],[1.5445,46.4009],[1.549,46.3902],[1.5373,46.3705],[1.5411,46.36],[1.5352,46.3482],[1.5378,46.3347],[1.5217,46.3147],[1.5076,46.3087],[1.5019,46.299],[1.4877,46.2927],[1.4735,46.279],[1.4751,46.2585],[1.4918,46.2404]]}},{"type":"Feature","properties":{"t":"slow","v":40},"geometry":{"type":"LineString","coordinates":[[3.724,47.0509],[3.7283,47.0598],[3.7519,47.0635],[3.7581,47.0731],[3.7563,47.0882],[3.7816,47.1063],[3.8224,47.092],[3.83,47.0845],[3.8611,47.0874],[3.8844,47.0955],[3.903,47.0948],[3.9097,47.0878],[3.9271,47.0842],[3.9278,47.069]]}},{"type":"Feature","properties":{"t":"slow","v":30},"geometry":{"type":"LineString","coordinates":[[4.1773,49.3635],[4.1848,49.3675],[4.1945,49.3617]]}},{"type":"Feature","properties":{"t":"slow","v":30},"geometry":{"type":"LineString","coordinates":[[4.8721,46.8201],[4.835,46.7914],[4.8378,46.7844]]}},{"type":"Feature","properties":{"t":"slow","v":60},"geometry":{"type":"LineString","coordinates":[[5.3595,43.3262],[5.3635,43.3186]]}},{"type":"Feature","properties":{"t":"slow","v":30},"geometry":{"type":"LineString","coordinates":[[5.4325,47.3346],[5.4073,47.3133]]}},{"type":"Feature","properties":{"t":"slow","v":100},"geometry":{"type":"LineString","coordinates":[[2.4341,49.4924],[2.4291,49.5028],[2.4345,49.5103]]}},{"type":"Feature","properties":{"t":"slow","v":40},"geometry":{"type":"LineString","coordinates":[[4.2172,47.7364],[4.2592,47.7465],[4.2929,47.782],[4.2965,47.8055],[4.3691,47.8535],[4.5297,47.8788],[4.5516,47.8704]]}},{"type":"Feature","properties":{"t":"fast","v":160},"geometry":{"type":"LineString","coordinates":[[4.0085,49.2092],[4.0332,49.2074],[4.0377,49.2109],[4.0371,49.2193]]}},{"type":"Feature","properties":{"t":"slow","v":140},"geometry":{"type":"LineString","coordinates":[[3.1188,50.59],[3.2033,50.5048],[3.2481,50.4777],[3.4115,50.4463],[3.4809,50.3969],[3.5105,50.3891]]}},{"type":"Feature","properties":{"t":"slow","v":70},"geometry":{"type":"LineString","coordinates":[[2.6558,48.5272],[2.6659,48.5194]]}},{"type":"Feature","properties":{"t":"slow","v":30},"geometry":{"type":"LineString","coordinates":[[3.4347,46.1999],[3.4418,46.2003]]}},{"type":"Feature","properties":{"t":"slow","v":110},"geometry":{"type":"LineString","coordinates":[[6.087,46.2222],[6.0476,46.2195],[6.039,46.215]]}},{"type":"Feature","properties":{"t":"slow","v":110},"geometry":{"type":"LineString","coordinates":[[-0.4043,45.669],[-0.3502,45.6734],[-0.3259,45.6845]]}},{"type":"Feature","properties":{"t":"slow","v":40},"geometry":{"type":"LineString","coordinates":[[2.3112,42.5615],[2.272,42.5547]]}},{"type":"Feature","properties":{"t":"slow","v":30},"geometry":{"type":"LineString","coordinates":[[4.8268,45.7479],[4.8324,45.746]]}},{"type":"Feature","properties":{"t":"slow","v":140},"geometry":{"type":"LineString","coordinates":[[5.444,47.1116],[5.4643,47.0983],[5.4883,47.0965]]}},{"type":"Feature","properties":{"t":"slow","v":120},"geometry":{"type":"LineString","coordinates":[[4.1837,46.868],[4.2458,46.8629],[4.278,46.8669],[4.3063,46.8589],[4.3596,46.8335]]}},{"type":"Feature","properties":{"t":"slow","v":40},"geometry":{"type":"LineString","coordinates":[[0.0074,46.9697],[0.038,46.9968],[0.0596,47.0017],[0.0758,47.0152],[0.0849,47.0162]]}},{"type":"Feature","properties":{"t":"slow","v":40},"geometry":{"type":"LineString","coordinates":[[6.4131,45.748],[6.4202,45.7445],[6.4228,45.7366],[6.4061,45.7158],[6.3998,45.6893],[6.3862,45.6744]]}},{"type":"Feature","properties":{"t":"fast","v":220},"geometry":{"type":"LineString","coordinates":[[2.7539,48.71],[2.727,48.6944],[2.7248,48.6841],[2.7293,48.6712]]}},{"type":"Feature","properties":{"t":"slow","v":70},"geometry":{"type":"LineString","coordinates":[[6.0398,47.2509],[6.0411,47.2471],[6.0338,47.2414],[6.0388,47.2269],[6.0657,47.2266],[6.1016,47.2097]]}},{"type":"Feature","properties":{"t":"slow","v":120},"geometry":{"type":"LineString","coordinates":[[2.1825,48.8073],[2.1581,48.7978]]}},{"type":"Feature","properties":{"t":"slow","v":100},"geometry":{"type":"LineString","coordinates":[[0.1423,48.0781],[0.1331,48.0782],[0.1216,48.0862]]}},{"type":"Feature","properties":{"t":"slow","v":100},"geometry":{"type":"LineString","coordinates":[[2.3271,48.9591],[2.3245,48.9654],[2.368,48.9943],[2.3646,49.0204],[2.3263,49.0366],[2.3205,49.063],[2.3321,49.0755],[2.3144,49.0956],[2.2886,49.1068],[2.2855,49.1298],[2.2677,49.1415],[2.2845,49.1537],[2.2376,49.1647],[2.2049,49.1969],[2.182,49.211],[2.1506,49.2123],[2.1372,49.2191],[2.1305,49.2377],[2.1311,49.2589],[2.139,49.2655],[2.1423,49.2766],[2.1285,49.2985],[2.1348,49.3266],[2.1187,49.3405],[2.114,49.3542],[2.1178,49.366],[2.129,49.3733],[2.1353,49.417],[2.0626,49.4314],[2.0525,49.4447],[2.0488,49.464],[2.0119,49.4875],[1.991,49.4952],[1.9877,49.5016],[1.9982,49.5341],[1.9849,49.5458],[1.983,49.553],[1.9519,49.5739],[1.9596,49.6023],[1.9766,49.6175],[1.9636,49.6273],[1.9644,49.6352],[1.9473,49.6577],[1.8319,49.6543],[1.7725,49.6747],[1.7698,49.6789],[1.7736,49.6845]]}},{"type":"Feature","properties":{"t":"slow","v":60},"geometry":{"type":"LineString","coordinates":[[2.4608,45.6451],[2.4894,45.645],[2.4936,45.64],[2.5136,45.6388],[2.5342,45.6273],[2.5782,45.626],[2.5977,45.6316]]}},{"type":"Feature","properties":{"t":"slow","v":40},"geometry":{"type":"LineString","coordinates":[[3.2873,48.4726],[3.2009,48.4557],[3.1325,48.426],[3.0656,48.4085]]}},{"type":"Feature","properties":{"t":"slow","v":30},"geometry":{"type":"LineString","coordinates":[[3.1433,43.32],[3.1459,43.3212]]}},{"type":"Feature","properties":{"t":"slow","v":150},"geometry":{"type":"LineString","coordinates":[[1.3236,47.5854],[1.2713,47.5375]]}},{"type":"Feature","properties":{"t":"slow","v":90},"geometry":{"type":"LineString","coordinates":[[7.7343,48.5851],[7.7417,48.5942],[7.7353,48.6019],[7.7418,48.6119]]}},{"type":"Feature","properties":{"t":"slow","v":30},"geometry":{"type":"LineString","coordinates":[[2.0827,48.9566],[2.0819,48.9583]]}},{"type":"Feature","properties":{"t":"slow","v":30},"geometry":{"type":"LineString","coordinates":[[-0.0596,49.0712],[-0.0613,49.0667]]}},{"type":"Feature","properties":{"t":"slow","v":110},"geometry":{"type":"LineString","coordinates":[[3.1509,45.2396],[3.1932,45.2471],[3.1973,45.2626],[3.1911,45.285]]}},{"type":"Feature","properties":{"t":"slow","v":60},"geometry":{"type":"LineString","coordinates":[[5.0277,47.2947],[5.0433,47.294]]}},{"type":"Feature","properties":{"t":"slow","v":90},"geometry":{"type":"LineString","coordinates":[[1.3384,48.0732],[1.3323,48.0494],[1.2956,48.0235],[1.2702,48.0176]]}},{"type":"Feature","properties":{"t":"slow","v":150},"geometry":{"type":"LineString","coordinates":[[2.6843,48.27],[2.7095,48.219]]}},{"type":"Feature","properties":{"t":"slow","v":110},"geometry":{"type":"LineString","coordinates":[[0.7933,47.4988],[0.773,47.4843],[0.7423,47.4783],[0.7254,47.464],[0.707,47.4596]]}},{"type":"Feature","properties":{"t":"slow","v":40},"geometry":{"type":"LineString","coordinates":[[3.6499,44.9696],[3.6774,44.9704],[3.6831,44.9656],[3.6889,44.9543],[3.6737,44.9485],[3.6739,44.9403],[3.6823,44.9338],[3.6827,44.9274],[3.6731,44.9182],[3.6746,44.8975],[3.688,44.8984],[3.6942,44.8926],[3.6937,44.8844],[3.7071,44.8715],[3.7157,44.8707],[3.7206,44.8619],[3.7374,44.8586],[3.739,44.8455],[3.735,44.8393],[3.742,44.8378]]}},{"type":"Feature","properties":{"t":"slow","v":110},"geometry":{"type":"LineString","coordinates":[[4.2481,45.6463],[4.29,45.5939],[4.2935,45.5367],[4.2728,45.5205],[4.2757,45.5115]]}},{"type":"Feature","properties":{"t":"slow","v":100},"geometry":{"type":"LineString","coordinates":[[2.3047,48.9566],[2.3813,48.9589],[2.4022,48.9513],[2.4188,48.9333]]}},{"type":"Feature","properties":{"t":"fast","v":160},"geometry":{"type":"LineString","coordinates":[[-0.556,44.8259],[-0.5596,44.8133],[-0.5499,44.7738],[-0.5258,44.7324],[-0.4937,44.7091],[-0.466,44.7062],[-0.4199,44.6911],[-0.3494,44.6422],[-0.2949,44.568],[-0.2847,44.5607],[-0.2631,44.5533],[-0.2423,44.5649],[-0.2079,44.5728],[-0.1068,44.5857],[-0.0756,44.5782],[-0.0252,44.5792],[0.045,44.5628],[0.0815,44.5444],[0.0972,44.53],[0.1655,44.5048],[0.2544,44.4404],[0.2893,44.424],[0.3198,44.3868],[0.3312,44.3593],[0.3231,44.3341],[0.3411,44.321],[0.3425,44.3144]]}},{"type":"Feature","properties":{"t":"slow","v":120},"geometry":{"type":"LineString","coordinates":[[4.8025,45.1326],[4.8012,45.1214],[4.8206,45.0955],[4.8137,45.0762],[4.8347,45.062],[4.8261,45.0364],[4.8339,45.0213],[4.8345,45.0069],[4.8471,44.9917],[4.8533,44.9713],[4.8484,44.952],[4.8575,44.9398],[4.8586,44.9177],[4.8484,44.8762],[4.8043,44.8266]]}},{"type":"Feature","properties":{"t":"slow","v":110},"geometry":{"type":"LineString","coordinates":[[-1.4221,48.8358],[-1.4301,48.8318]]}},{"type":"Feature","properties":{"t":"fast","v":200},"geometry":{"type":"LineString","coordinates":[[0.2171,46.0581],[0.2072,46.0387],[0.1715,46.0185]]}},{"type":"Feature","properties":{"t":"slow","v":30},"geometry":{"type":"LineString","coordinates":[[2.3028,48.9435],[2.2708,48.9367],[2.267,48.9434]]}},{"type":"Feature","properties":{"t":"slow","v":140},"geometry":{"type":"LineString","coordinates":[[3.098,45.7763],[3.1029,45.7724],[3.125,45.7718],[3.1508,45.7578],[3.1612,45.7426],[3.2,45.7192],[3.1995,45.7053],[3.1921,45.6939]]}},{"type":"Feature","properties":{"t":"slow","v":155},"geometry":{"type":"LineString","coordinates":[[2.8779,43.2113],[2.9018,43.2098],[2.9186,43.2154],[2.9308,43.2122],[2.9393,43.1875],[2.9486,43.1816],[2.9879,43.1811],[3.0062,43.191]]}},{"type":"Feature","properties":{"t":"slow","v":100},"geometry":{"type":"LineString","coordinates":[[0.2505,47.1619],[0.2571,47.1689],[0.2517,47.18],[0.2635,47.1924],[0.2663,47.206],[0.3153,47.2319],[0.3429,47.2344],[0.3527,47.2423],[0.355,47.2621],[0.3594,47.2668],[0.3715,47.2705],[0.4109,47.268],[0.4414,47.2604],[0.4705,47.294],[0.4993,47.2947],[0.5565,47.3111],[0.6168,47.3364]]}},{"type":"Feature","properties":{"t":"slow","v":90},"geometry":{"type":"LineString","coordinates":[[1.1506,43.6366],[1.0873,43.6166],[1.0698,43.6191],[1.0505,43.6043],[1.0139,43.6159],[0.9825,43.6141],[0.9595,43.6188],[0.9248,43.647],[0.9166,43.6465],[0.9005,43.6343],[0.8789,43.6394],[0.8625,43.6303],[0.8523,43.6306],[0.8121,43.6372],[0.7908,43.6476],[0.7848,43.6556],[0.7432,43.6663],[0.7123,43.6622],[0.6804,43.6693],[0.657,43.6596],[0.6306,43.6574],[0.6194,43.6476],[0.6012,43.6538],[0.5963,43.6423]]}},{"type":"Feature","properties":{"t":"slow","v":30},"geometry":{"type":"LineString","coordinates":[[2.1446,48.429],[2.1458,48.4239]]}},{"type":"Feature","properties":{"t":"slow","v":90},"geometry":{"type":"LineString","coordinates":[[2.4179,48.7461],[2.4089,48.7394]]}},{"type":"Feature","properties":{"t":"slow","v":40},"geometry":{"type":"LineString","coordinates":[[4.5716,47.8702],[4.5794,47.8817],[4.5873,47.8841],[4.6543,47.8697],[4.6697,47.865],[4.6758,47.8499],[4.6921,47.8417],[4.7221,47.8361],[4.7381,47.8231],[4.7606,47.8151],[4.8092,47.8082],[4.8589,47.7783],[4.9018,47.7674],[4.978,47.7651],[4.9779,47.7533],[4.9903,47.7451],[4.9857,47.7215],[4.9902,47.703],[4.9689,47.6864]]}},{"type":"Feature","properties":{"t":"slow","v":130},"geometry":{"type":"LineString","coordinates":[[-1.5944,47.197],[-1.6205,47.1961]]}},{"type":"Feature","properties":{"t":"slow","v":80},"geometry":{"type":"LineString","coordinates":[[7.9633,49.026],[7.9792,49.0271]]}},{"type":"Feature","properties":{"t":"slow","v":120},"geometry":{"type":"LineString","coordinates":[[2.2755,50.9932],[2.2378,50.9902],[2.2239,50.9814],[2.2119,50.958],[2.1904,50.9515],[2.1257,50.9786]]}},{"type":"Feature","properties":{"t":"slow","v":100},"geometry":{"type":"LineString","coordinates":[[4.123,46.4433],[4.1477,46.4418],[4.1546,46.4603],[4.1691,46.4773]]}},{"type":"Feature","properties":{"t":"fast","v":180},"geometry":{"type":"LineString","coordinates":[[-0.2283,44.9471],[-0.2376,44.9097],[-0.2512,44.9035]]}},{"type":"Feature","properties":{"t":"slow","v":100},"geometry":{"type":"LineString","coordinates":[[6.0258,47.2496],[6.0519,47.2507]]}},{"type":"Feature","properties":{"t":"slow","v":30},"geometry":{"type":"LineString","coordinates":[[1.6201,48.2742],[1.6179,48.2729]]}},{"type":"Feature","properties":{"t":"slow","v":30},"geometry":{"type":"LineString","coordinates":[[3.0985,50.6089],[3.1006,50.6095]]}},{"type":"Feature","properties":{"t":"slow","v":30},"geometry":{"type":"LineString","coordinates":[[-0.5424,44.854],[-0.5401,44.8565]]}},{"type":"Feature","properties":{"t":"slow","v":60},"geometry":{"type":"LineString","coordinates":[[6.212,46.1942],[6.2368,46.1996]]}},{"type":"Feature","properties":{"t":"slow","v":75},"geometry":{"type":"LineString","coordinates":[[3.0572,44.3237],[3.0537,44.3293],[3.0254,44.3344],[2.9982,44.3492],[2.9594,44.3484],[2.943,44.358],[2.9141,44.3556],[2.9023,44.3642],[2.8313,44.3681],[2.8174,44.3805],[2.8003,44.3842],[2.7923,44.3915],[2.7692,44.3972],[2.7556,44.3957],[2.7394,44.4043],[2.7167,44.3995],[2.7062,44.3887],[2.6774,44.3913],[2.6568,44.3807],[2.6431,44.366],[2.5803,44.3627]]}},{"type":"Feature","properties":{"t":"slow","v":80},"geometry":{"type":"LineString","coordinates":[[3.0264,43.9585],[3.0106,43.9753],[2.9718,43.9925],[2.9652,44.0083],[2.9686,44.0186],[2.9641,44.036],[2.9797,44.0514],[2.9847,44.0796],[2.9914,44.0865],[3.0011,44.0911],[3.0161,44.0843],[3.0337,44.0941],[3.0571,44.0883],[3.0631,44.0922]]}},{"type":"Feature","properties":{"t":"slow","v":90},"geometry":{"type":"LineString","coordinates":[[6.0301,46.124],[6.0449,46.135],[6.056,46.1334],[6.0856,46.142],[6.13,46.1387],[6.1524,46.1514],[6.1816,46.1598]]}},{"type":"Feature","properties":{"t":"fast","v":160},"geometry":{"type":"LineString","coordinates":[[2.0691,48.7981],[1.9675,48.7613]]}},{"type":"Feature","properties":{"t":"slow","v":30},"geometry":{"type":"LineString","coordinates":[[2.8687,50.4676],[2.8792,50.479],[2.8667,50.4881],[2.7883,50.52],[2.7575,50.5217]]}},{"type":"Feature","properties":{"t":"slow","v":110},"geometry":{"type":"LineString","coordinates":[[7.6487,48.7548],[7.6362,48.7574],[7.6024,48.7932],[7.5883,48.7984],[7.585,48.8097],[7.5719,48.8239],[7.5797,48.8345],[7.5771,48.8398],[7.5329,48.8434],[7.5027,48.8521],[7.4777,48.8662],[7.4741,48.882],[7.433,48.9095],[7.3815,48.9201]]}},{"type":"Feature","properties":{"t":"slow","v":40},"geometry":{"type":"LineString","coordinates":[[6.1012,48.613],[6.104,48.6085]]}},{"type":"Feature","properties":{"t":"slow","v":55},"geometry":{"type":"LineString","coordinates":[[5.597,44.8331],[5.6287,44.8158],[5.6278,44.8066],[5.6349,44.7999],[5.6305,44.7895],[5.6214,44.7853],[5.6365,44.779],[5.6356,44.7718],[5.6436,44.77]]}},{"type":"Feature","properties":{"t":"slow","v":100},"geometry":{"type":"LineString","coordinates":[[5.904,49.3657],[5.8889,49.3666]]}},{"type":"Feature","properties":{"t":"slow","v":130},"geometry":{"type":"LineString","coordinates":[[3.5188,50.3662],[3.5163,50.3524],[3.5036,50.3358],[3.5018,50.3127],[3.5234,50.2936],[3.7392,50.2176],[3.8308,50.1912]]}},{"type":"Feature","properties":{"t":"slow","v":140},"geometry":{"type":"LineString","coordinates":[[2.5426,48.8231],[2.5695,48.828],[2.6069,48.8099],[2.6797,48.786],[2.6956,48.7642],[2.7237,48.7492],[2.7328,48.7373]]}},{"type":"Feature","properties":{"t":"slow","v":90},"geometry":{"type":"LineString","coordinates":[[2.2864,49.8922],[2.2835,49.8931]]}},{"type":"Feature","properties":{"t":"slow","v":120},"geometry":{"type":"LineString","coordinates":[[5.5893,48.0442],[5.5897,48.0499],[5.6144,48.0658],[5.5964,48.1024]]}},{"type":"Feature","properties":{"t":"slow","v":110},"geometry":{"type":"LineString","coordinates":[[0.6355,46.4391],[0.6507,46.44],[0.6741,46.4306],[0.6777,46.4204],[0.6956,46.4063],[0.7186,46.4052]]}},{"type":"Feature","properties":{"t":"slow","v":100},"geometry":{"type":"LineString","coordinates":[[0.7205,47.3844],[0.6953,47.3751]]}},{"type":"Feature","properties":{"t":"slow","v":90},"geometry":{"type":"LineString","coordinates":[[7.2621,43.7049],[7.2798,43.7103],[7.294,43.7045],[7.3164,43.707],[7.3269,43.7016],[7.3349,43.7113],[7.3579,43.7225],[7.4015,43.7214],[7.4312,43.7495],[7.4593,43.7611],[7.4759,43.7568],[7.4952,43.7758]]}},{"type":"Feature","properties":{"t":"slow","v":110},"geometry":{"type":"LineString","coordinates":[[1.5516,45.5109],[1.5552,45.5027],[1.5708,45.4939],[1.5674,45.4865],[1.5726,45.4594],[1.5692,45.4369],[1.5303,45.4172],[1.5227,45.3909],[1.5033,45.3634],[1.4951,45.341],[1.4664,45.3133],[1.4701,45.2966],[1.4647,45.2798]]}},{"type":"Feature","properties":{"t":"slow","v":150},"geometry":{"type":"LineString","coordinates":[[1.0781,44.1026],[1.0944,44.1065],[1.1048,44.1019],[1.1024,44.0779],[1.1099,44.0458],[1.1187,44.0374],[1.1295,44.036]]}},{"type":"Feature","properties":{"t":"slow","v":115},"geometry":{"type":"LineString","coordinates":[[-4.0944,48.2015],[-4.0875,48.2113],[-4.0987,48.243],[-4.0906,48.2524],[-4.0587,48.2676],[-4.068,48.2845],[-4.0959,48.2824]]}},{"type":"Feature","properties":{"t":"slow","v":30},"geometry":{"type":"LineString","coordinates":[[2.0849,42.4983],[2.0385,42.4912]]}},{"type":"Feature","properties":{"t":"lgv","v":300},"geometry":{"type":"LineString","coordinates":[[7.6889,48.6907],[7.6958,48.6901]]}},{"type":"Feature","properties":{"t":"slow","v":140},"geometry":{"type":"LineString","coordinates":[[0.0683,43.2403],[0.0583,43.2396],[0.04,43.2267],[0.0145,43.1996],[-0.0155,43.1887]]}},{"type":"Feature","properties":{"t":"slow","v":100},"geometry":{"type":"LineString","coordinates":[[5.6304,46.1387],[5.6542,46.1572],[5.6812,46.1673],[5.6974,46.1632],[5.72,46.1694]]}},{"type":"Feature","properties":{"t":"slow","v":140},"geometry":{"type":"LineString","coordinates":[[5.1159,48.1113],[5.1555,48.1071],[5.159,48.0994],[5.1503,48.0911],[5.1504,48.0854],[5.1769,48.0689],[5.1835,48.0493],[5.2402,48.0353],[5.2506,48.0065],[5.2647,47.9967],[5.2717,47.9647],[5.2961,47.9328],[5.2933,47.9112],[5.3198,47.9008],[5.3246,47.8896],[5.3673,47.8628],[5.3775,47.851],[5.4098,47.8419]]}},{"type":"Feature","properties":{"t":"slow","v":100},"geometry":{"type":"LineString","coordinates":[[2.8533,50.4176],[2.8643,50.4626],[2.8851,50.4763],[2.8943,50.4993],[2.905,50.5088],[2.9108,50.529],[2.9058,50.5468],[2.9139,50.5517]]}},{"type":"Feature","properties":{"t":"slow","v":90},"geometry":{"type":"LineString","coordinates":[[6.4531,48.1462],[6.4786,48.14],[6.5001,48.1452],[6.5114,48.1392],[6.5163,48.1242],[6.5769,48.1064],[6.5977,48.0916],[6.6026,48.0704],[6.5774,48.04],[6.5829,48.0273],[6.5983,48.0169]]}},{"type":"Feature","properties":{"t":"slow","v":30},"geometry":{"type":"LineString","coordinates":[[1.112,44.0431],[1.1198,44.0368],[1.1392,44.0342],[1.1448,44.0273],[1.1291,43.9972],[1.1248,43.9768],[1.1057,43.9632],[1.0964,43.9446],[1.0783,43.9295],[1.0232,43.8961],[0.9804,43.8765]]}},{"type":"Feature","properties":{"t":"slow","v":30},"geometry":{"type":"LineString","coordinates":[[-0.0621,47.3376],[-0.0621,47.3375]]}},{"type":"Feature","properties":{"t":"slow","v":80},"geometry":{"type":"LineString","coordinates":[[5.6852,45.0476],[5.6687,45.0469],[5.6665,45.0374],[5.6824,45.0454],[5.6896,45.0438],[5.6897,45.0378],[5.6707,45.0355],[5.6378,44.969],[5.6413,44.9294],[5.6339,44.9118]]}},{"type":"Feature","properties":{"t":"fast","v":200},"geometry":{"type":"LineString","coordinates":[[4.8252,44.1361],[4.8582,44.1282],[4.8831,44.1114],[4.8946,44.048],[4.8615,43.9707],[4.851,43.9607],[4.8367,43.9566]]}},{"type":"Feature","properties":{"t":"slow","v":100},"geometry":{"type":"LineString","coordinates":[[1.9061,47.9273],[1.9068,47.9251]]}},{"type":"Feature","properties":{"t":"slow","v":155},"geometry":{"type":"LineString","coordinates":[[2.5055,48.7005],[2.5482,48.6672]]}},{"type":"Feature","properties":{"t":"slow","v":120},"geometry":{"type":"LineString","coordinates":[[4.528,46.7693],[4.5399,46.774],[4.5628,46.7991],[4.6296,46.8496]]}},{"type":"Feature","properties":{"t":"slow","v":100},"geometry":{"type":"LineString","coordinates":[[3.0954,45.2045],[3.1091,45.222],[3.1242,45.2245],[3.151,45.2396]]}},{"type":"Feature","properties":{"t":"slow","v":30},"geometry":{"type":"LineString","coordinates":[[5.0411,44.0538],[5.0436,44.0503]]}},{"type":"Feature","properties":{"t":"slow","v":120},"geometry":{"type":"LineString","coordinates":[[2.4714,49.2662],[2.4702,49.2761]]}},{"type":"Feature","properties":{"t":"slow","v":110},"geometry":{"type":"LineString","coordinates":[[1.1525,49.4446],[1.144,49.4348],[1.126,49.4362]]}},{"type":"Feature","properties":{"t":"slow","v":100},"geometry":{"type":"LineString","coordinates":[[5.0333,47.2833],[5.0361,47.279],[5.0308,47.2741]]}},{"type":"Feature","properties":{"t":"slow","v":60},"geometry":{"type":"LineString","coordinates":[[2.3274,48.8603],[2.3286,48.8599]]}},{"type":"Feature","properties":{"t":"fast","v":160},"geometry":{"type":"LineString","coordinates":[[-0.9089,44.0374],[-0.9048,44.0268],[-0.893,44.0188],[-0.8382,44.0063],[-0.8053,44.0061],[-0.7923,43.9919],[-0.7696,43.98],[-0.7151,43.9753],[-0.6273,43.9134],[-0.5294,43.8855],[-0.4967,43.885],[-0.4877,43.881]]}},{"type":"Feature","properties":{"t":"slow","v":50},"geometry":{"type":"LineString","coordinates":[[7.4431,48.2613],[7.4471,48.2668],[7.4444,48.271],[7.4196,48.2757]]}},{"type":"Feature","properties":{"t":"slow","v":140},"geometry":{"type":"LineString","coordinates":[[0.9926,49.3183],[0.9978,49.3109],[1.0181,49.3004],[1.098,49.3243],[1.1029,49.3312]]}},{"type":"Feature","properties":{"t":"slow","v":35},"geometry":{"type":"LineString","coordinates":[[2.0385,42.4912],[2.0359,42.4874],[2.0509,42.4841],[2.0521,42.4711]]}},{"type":"Feature","properties":{"t":"slow","v":100},"geometry":{"type":"LineString","coordinates":[[1.0681,46.2144],[1.0834,46.2072]]}},{"type":"Feature","properties":{"t":"slow","v":80},"geometry":{"type":"LineString","coordinates":[[2.4243,45.6305],[2.4406,45.6331],[2.4608,45.6451]]}},{"type":"Feature","properties":{"t":"slow","v":100},"geometry":{"type":"LineString","coordinates":[[6.8665,47.6208],[6.8676,47.5954],[6.8986,47.5868]]}},{"type":"Feature","properties":{"t":"slow","v":20},"geometry":{"type":"LineString","coordinates":[[5.2548,47.0836],[5.2561,47.0775],[5.3229,47.0296],[5.335,47.0064]]}},{"type":"Feature","properties":{"t":"slow","v":30},"geometry":{"type":"LineString","coordinates":[[0.6848,49.268],[0.6815,49.2771]]}},{"type":"Feature","properties":{"t":"slow","v":60},"geometry":{"type":"LineString","coordinates":[[7.0506,48.738],[7.0674,48.7512],[7.0687,48.7624]]}},{"type":"Feature","properties":{"t":"slow","v":150},"geometry":{"type":"LineString","coordinates":[[-3.4037,47.7622],[-3.4076,47.7762],[-3.4378,47.7931],[-3.4464,47.8097],[-3.4535,47.8132]]}},{"type":"Feature","properties":{"t":"slow","v":120},"geometry":{"type":"LineString","coordinates":[[3.4338,46.1202],[3.4433,46.0984],[3.4245,46.0593]]}},{"type":"Feature","properties":{"t":"fast","v":160},"geometry":{"type":"LineString","coordinates":[[3.6907,49.0842],[3.7304,49.09],[3.9024,49.057],[3.9361,49.0582]]}},{"type":"Feature","properties":{"t":"fast","v":160},"geometry":{"type":"LineString","coordinates":[[0.0985,45.5988],[0.0683,45.5787],[0.0635,45.5597]]}},{"type":"Feature","properties":{"t":"slow","v":100},"geometry":{"type":"LineString","coordinates":[[5.967,46.1094],[5.9858,46.1121],[6.0013,46.1205],[6.0301,46.124]]}},{"type":"Feature","properties":{"t":"slow","v":50},"geometry":{"type":"LineString","coordinates":[[6.0177,46.5393],[6.0198,46.5336],[6.0395,46.5386],[6.0296,46.5382],[6.0234,46.5264]]}},{"type":"Feature","properties":{"t":"slow","v":40},"geometry":{"type":"LineString","coordinates":[[2.3045,45.5686],[2.3088,45.5582]]}},{"type":"Feature","properties":{"t":"slow","v":150},"geometry":{"type":"LineString","coordinates":[[6.3898,49.0165],[6.4483,48.9957],[6.5977,49.0445],[6.6839,49.0526],[6.704,49.0644],[6.7118,49.0786]]}},{"type":"Feature","properties":{"t":"slow","v":140},"geometry":{"type":"LineString","coordinates":[[1.6805,43.7751],[1.6921,43.7808],[1.7116,43.7758],[1.7653,43.7203],[1.7887,43.7051],[1.8192,43.7045],[1.8456,43.6952],[1.8689,43.6997],[1.8826,43.6929],[1.9206,43.6918],[1.9301,43.6857]]}},{"type":"Feature","properties":{"t":"slow","v":40},"geometry":{"type":"LineString","coordinates":[[5.2899,48.7191],[5.297,48.7138],[5.2972,48.7033],[5.3182,48.6902],[5.3403,48.6563],[5.3634,48.6384],[5.3891,48.6353],[5.3894,48.6273],[5.4003,48.6211],[5.3955,48.6146],[5.4045,48.6082],[5.4016,48.6],[5.4056,48.5955],[5.423,48.5991],[5.4372,48.58],[5.4431,48.581],[5.4481,48.5897],[5.463,48.585],[5.491,48.5179],[5.506,48.5099],[5.5086,48.5023]]}},{"type":"Feature","properties":{"t":"fast","v":160},"geometry":{"type":"LineString","coordinates":[[0.7037,47.3751],[0.7018,47.3665],[0.6827,47.3583],[0.6702,47.34]]}},{"type":"Feature","properties":{"t":"slow","v":30},"geometry":{"type":"LineString","coordinates":[[0.6152,43.9309],[0.628,43.9147],[0.6555,43.8608],[0.6568,43.8285],[0.6543,43.8155],[0.6182,43.7815],[0.6235,43.7186],[0.6045,43.6908],[0.5971,43.6491]]}},{"type":"Feature","properties":{"t":"slow","v":60},"geometry":{"type":"LineString","coordinates":[[7.0687,49.1068],[7.0569,49.1124]]}},{"type":"Feature","properties":{"t":"lgv","v":270},"geometry":{"type":"LineString","coordinates":[[2.5552,48.7193],[2.5819,48.7061],[2.6695,48.7033],[2.7005,48.6989],[2.7171,48.6912],[2.7279,48.676],[2.7348,48.6443],[2.7191,48.6136],[2.7188,48.6009],[2.7276,48.587],[2.7536,48.5691]]}},{"type":"Feature","properties":{"t":"slow","v":40},"geometry":{"type":"LineString","coordinates":[[7.7281,48.5996],[7.7334,48.6008]]}},{"type":"Feature","properties":{"t":"slow","v":30},"geometry":{"type":"LineString","coordinates":[[4.0918,48.2696],[4.0988,48.2613],[4.0937,48.2398],[4.0606,48.1986]]}},{"type":"Feature","properties":{"t":"slow","v":110},"geometry":{"type":"LineString","coordinates":[[4.1075,46.8467],[4.1597,46.8686],[4.1837,46.868]]}},{"type":"Feature","properties":{"t":"slow","v":125},"geometry":{"type":"LineString","coordinates":[[6.0299,48.9745],[6.0261,48.9877],[6.0502,49.0221]]}},{"type":"Feature","properties":{"t":"lgv","v":320},"geometry":{"type":"LineString","coordinates":[[3.8772,49.2402],[3.9194,49.2409]]}},{"type":"Feature","properties":{"t":"slow","v":40},"geometry":{"type":"LineString","coordinates":[[4.8393,43.4622],[4.8401,43.446],[4.85,43.4295],[4.87,43.4105]]}},{"type":"Feature","properties":{"t":"slow","v":90},"geometry":{"type":"LineString","coordinates":[[2.7271,49.3352],[2.7263,49.3391],[2.7355,49.3458]]}},{"type":"Feature","properties":{"t":"slow","v":130},"geometry":{"type":"LineString","coordinates":[[5.8252,43.8473],[5.8188,43.8376],[5.8048,43.8333],[5.7911,43.8208],[5.7857,43.8],[5.73,43.7227]]}},{"type":"Feature","properties":{"t":"slow","v":120},"geometry":{"type":"LineString","coordinates":[[2.3257,48.8751],[2.2898,48.8758],[2.2656,48.8833],[2.2534,48.8925]]}},{"type":"Feature","properties":{"t":"slow","v":150},"geometry":{"type":"LineString","coordinates":[[5.7766,47.0304],[5.7904,47.011],[5.7929,46.9826],[5.7995,46.977]]}},{"type":"Feature","properties":{"t":"slow","v":140},"geometry":{"type":"LineString","coordinates":[[3.3257,45.4101],[3.327,45.398],[3.3105,45.3653]]}},{"type":"Feature","properties":{"t":"slow","v":100},"geometry":{"type":"LineString","coordinates":[[5.1281,46.1001],[5.1513,46.1131],[5.1704,46.1335]]}},{"type":"Feature","properties":{"t":"slow","v":75},"geometry":{"type":"LineString","coordinates":[[3.2912,44.7062],[3.2813,44.7223],[3.2936,44.7335],[3.2957,44.7432],[3.2813,44.7627],[3.2683,44.767],[3.2726,44.7884]]}},{"type":"Feature","properties":{"t":"slow","v":120},"geometry":{"type":"LineString","coordinates":[[2.8426,48.3864],[2.8724,48.3765],[2.9203,48.3847],[2.9349,48.3801]]}},{"type":"Feature","properties":{"t":"slow","v":90},"geometry":{"type":"LineString","coordinates":[[2.3102,49.8899],[2.2972,49.8883],[2.2846,49.8929]]}},{"type":"Feature","properties":{"t":"slow","v":60},"geometry":{"type":"LineString","coordinates":[[4.0434,49.2754],[4.0362,49.2751],[4.0333,49.2821]]}},{"type":"Feature","properties":{"t":"slow","v":30},"geometry":{"type":"LineString","coordinates":[[2.5075,48.7701],[2.5011,48.7651]]}},{"type":"Feature","properties":{"t":"slow","v":150},"geometry":{"type":"LineString","coordinates":[[-1.2299,47.3548],[-1.2513,47.3476],[-1.3038,47.3414],[-1.3823,47.2948]]}},{"type":"Feature","properties":{"t":"slow","v":100},"geometry":{"type":"LineString","coordinates":[[7.7316,48.5829],[7.6949,48.5633]]}},{"type":"Feature","properties":{"t":"slow","v":40},"geometry":{"type":"LineString","coordinates":[[4.3916,45.456],[4.403,45.4564],[4.4204,45.4439]]}},{"type":"Feature","properties":{"t":"slow","v":30},"geometry":{"type":"LineString","coordinates":[[2.1565,48.4356],[2.1463,48.4317]]}},{"type":"Feature","properties":{"t":"slow","v":60},"geometry":{"type":"LineString","coordinates":[[5.8601,46.3899],[5.8473,46.3799],[5.8351,46.385],[5.8142,46.3795],[5.7948,46.3825],[5.7923,46.3773],[5.8005,46.3645],[5.777,46.3565],[5.7642,46.3569],[5.7522,46.3498],[5.7374,46.3542],[5.7268,46.3668],[5.7079,46.3625],[5.6939,46.3536],[5.6904,46.3335],[5.6774,46.3193]]}},{"type":"Feature","properties":{"t":"fast","v":160},"geometry":{"type":"LineString","coordinates":[[2.8802,50.2992],[2.8884,50.3037]]}},{"type":"Feature","properties":{"t":"slow","v":60},"geometry":{"type":"LineString","coordinates":[[-3.3114,48.4701],[-3.3721,48.4576],[-3.3675,48.4526],[-3.3722,48.4491],[-3.3719,48.4359],[-3.3933,48.4157],[-3.3944,48.4075],[-3.4076,48.4049],[-3.4143,48.4095],[-3.4261,48.397],[-3.443,48.3893],[-3.4453,48.382],[-3.4772,48.3727],[-3.4779,48.3512],[-3.5001,48.336],[-3.5107,48.3195],[-3.5257,48.3161],[-3.5389,48.2989],[-3.5505,48.2974],[-3.564,48.2743]]}},{"type":"Feature","properties":{"t":"fast","v":160},"geometry":{"type":"LineString","coordinates":[[0.1386,48.6628],[0.0854,48.6915],[-0.0156,48.728],[-0.0258,48.7386]]}},{"type":"Feature","properties":{"t":"slow","v":30},"geometry":{"type":"LineString","coordinates":[[5.9068,48.3061],[5.9233,48.3109]]}},{"type":"Feature","properties":{"t":"slow","v":80},"geometry":{"type":"LineString","coordinates":[[3.1396,46.1484],[3.1611,46.1278],[3.1743,46.1318],[3.1923,46.1246],[3.1942,46.1111],[3.2058,46.1067],[3.2046,46.101]]}},{"type":"Feature","properties":{"t":"slow","v":150},"geometry":{"type":"LineString","coordinates":[[5.8919,45.6266],[5.8923,45.6064],[5.9189,45.5733]]}},{"type":"Feature","properties":{"t":"slow","v":70},"geometry":{"type":"LineString","coordinates":[[-3.1571,48.553],[-3.1632,48.5529],[-3.1774,48.5949],[-3.1734,48.6001],[-3.1776,48.6069],[-3.1728,48.6337],[-3.1979,48.6717],[-3.1891,48.6843],[-3.1908,48.6893]]}},{"type":"Feature","properties":{"t":"slow","v":30},"geometry":{"type":"LineString","coordinates":[[1.5997,50.7219],[1.598,50.7256]]}},{"type":"Feature","properties":{"t":"slow","v":90},"geometry":{"type":"LineString","coordinates":[[2.2534,48.8925],[2.2437,48.8921]]}},{"type":"Feature","properties":{"t":"fast","v":200},"geometry":{"type":"LineString","coordinates":[[-0.4616,44.9329],[-0.4617,44.933]]}},{"type":"Feature","properties":{"t":"slow","v":50},"geometry":{"type":"LineString","coordinates":[[2.7815,49.6984],[2.7961,49.717],[2.7979,49.7372],[2.7833,49.7643],[2.7862,49.8045]]}},{"type":"Feature","properties":{"t":"slow","v":40},"geometry":{"type":"LineString","coordinates":[[5.8782,46.4543],[5.861,46.4391],[5.8596,46.4237],[5.8676,46.414],[5.8601,46.3899]]}},{"type":"Feature","properties":{"t":"slow","v":110},"geometry":{"type":"LineString","coordinates":[[3.7741,46.1977],[3.7842,46.1971],[3.7974,46.2131],[3.8058,46.2155],[3.8416,46.2069],[3.8449,46.1949],[3.8543,46.185],[3.8527,46.1735],[3.8658,46.1688],[3.8887,46.1347]]}},{"type":"Feature","properties":{"t":"slow","v":90},"geometry":{"type":"LineString","coordinates":[[4.8324,45.746],[4.8462,45.7434],[4.85,45.7348]]}},{"type":"Feature","properties":{"t":"slow","v":30},"geometry":{"type":"LineString","coordinates":[[1.0995,49.4279],[1.1071,49.4252]]}},{"type":"Feature","properties":{"t":"slow","v":80},"geometry":{"type":"LineString","coordinates":[[4.8143,45.7154],[4.8161,45.7387],[4.8232,45.7482]]}},{"type":"Feature","properties":{"t":"slow","v":30},"geometry":{"type":"LineString","coordinates":[[2.3543,48.9065],[2.354,48.902]]}},{"type":"Feature","properties":{"t":"slow","v":110},"geometry":{"type":"LineString","coordinates":[[3.4302,46.1949],[3.4162,46.184],[3.4146,46.1756],[3.4197,46.1659],[3.4122,46.1544],[3.4176,46.1394],[3.4307,46.1268]]}},{"type":"Feature","properties":{"t":"fast","v":160},"geometry":{"type":"LineString","coordinates":[[7.3844,47.7556],[7.405,47.7494],[7.4159,47.7404]]}},{"type":"Feature","properties":{"t":"slow","v":60},"geometry":{"type":"LineString","coordinates":[[-0.5225,44.9001],[-0.5198,44.9188],[-0.5106,44.9251]]}},{"type":"Feature","properties":{"t":"slow","v":30},"geometry":{"type":"LineString","coordinates":[[3.4232,43.3158],[3.4277,43.3192]]}},{"type":"Feature","properties":{"t":"slow","v":140},"geometry":{"type":"LineString","coordinates":[[4.9103,45.876],[4.9104,45.8869],[4.9319,45.9137],[4.9887,45.9597],[5.0259,46.0022],[5.0533,46.0246],[5.077,46.0683],[5.1078,46.0914],[5.1281,46.1001]]}},{"type":"Feature","properties":{"t":"slow","v":140},"geometry":{"type":"LineString","coordinates":[[-0.0941,46.3936],[-0.1063,46.3833],[-0.1208,46.3791],[-0.1598,46.3916],[-0.1811,46.4134],[-0.1962,46.4128]]}},{"type":"Feature","properties":{"t":"fast","v":220},"geometry":{"type":"LineString","coordinates":[[4.9769,45.0097],[4.977,44.9947]]}},{"type":"Feature","properties":{"t":"slow","v":140},"geometry":{"type":"LineString","coordinates":[[2.0731,48.7989],[2.0592,48.7979],[1.9832,48.8299],[1.895,48.8387],[1.8818,48.8347],[1.8792,48.8174],[1.869,48.8071],[1.8225,48.8023],[1.749,48.8128],[1.7111,48.825],[1.6742,48.8305],[1.6521,48.8229],[1.6176,48.7966],[1.5902,48.7956],[1.5039,48.7651],[1.4536,48.7533],[1.4307,48.7556],[1.4027,48.7488],[1.3705,48.7311]]}},{"type":"Feature","properties":{"t":"slow","v":80},"geometry":{"type":"LineString","coordinates":[[0.8023,47.7763],[0.8287,47.7765],[0.8664,47.7579],[0.8944,47.7599],[0.9266,47.7714],[0.9526,47.768],[0.9607,47.7718],[0.9694,47.7847],[1.0077,47.7732],[1.022,47.7773]]}},{"type":"Feature","properties":{"t":"slow","v":130},"geometry":{"type":"LineString","coordinates":[[2.2908,48.5837],[2.2906,48.5827]]}},{"type":"Feature","properties":{"t":"slow","v":60},"geometry":{"type":"LineString","coordinates":[[5.7021,44.6451],[5.6943,44.6394],[5.6995,44.622],[5.7076,44.6166],[5.7097,44.5963],[5.7384,44.5675],[5.7608,44.564],[5.778,44.5481],[5.7753,44.5347],[5.7549,44.5199],[5.7608,44.5087],[5.7748,44.5093],[5.8159,44.5319],[5.7751,44.5095]]}},{"type":"Feature","properties":{"t":"slow","v":90},"geometry":{"type":"LineString","coordinates":[[4.7597,46.9261],[4.7391,46.9178]]}},{"type":"Feature","properties":{"t":"slow","v":140},"geometry":{"type":"LineString","coordinates":[[1.1063,49.5991],[1.1128,49.6053],[1.1177,49.6264],[1.1332,49.6465],[1.0942,49.6972],[1.0984,49.7107],[1.0961,49.7247],[1.1222,49.7569],[1.1228,49.7693],[1.069,49.8587],[1.0646,49.8818],[1.0539,49.8985],[1.0602,49.9066],[1.0813,49.9164]]}},{"type":"Feature","properties":{"t":"slow","v":30},"geometry":{"type":"LineString","coordinates":[[7.0492,48.7372],[7.0506,48.738]]}},{"type":"Feature","properties":{"t":"slow","v":80},"geometry":{"type":"LineString","coordinates":[[1.3445,45.8847],[1.3551,45.8884],[1.3746,45.883],[1.3931,45.888],[1.4164,45.885],[1.429,45.8705],[1.4605,45.8538],[1.4698,45.8398],[1.4816,45.8321]]}},{"type":"Feature","properties":{"t":"fast","v":160},"geometry":{"type":"LineString","coordinates":[[4.8367,43.9566],[4.8243,43.9527],[4.8155,43.9427],[4.7942,43.939],[4.7966,43.9205],[4.7708,43.8713],[4.7516,43.8483],[4.703,43.827]]}},{"type":"Feature","properties":{"t":"slow","v":80},"geometry":{"type":"LineString","coordinates":[[5.6083,46.2117],[5.6,46.2],[5.5775,46.1908],[5.5658,46.1752],[5.5551,46.1773]]}},{"type":"Feature","properties":{"t":"slow","v":100},"geometry":{"type":"LineString","coordinates":[[5.4456,47.8011],[5.4548,47.8077]]}},{"type":"Feature","properties":{"t":"slow","v":130},"geometry":{"type":"LineString","coordinates":[[3.2594,46.9323],[3.2631,46.9154],[3.2839,46.9035],[3.2988,46.8753],[3.3306,46.8588],[3.35,46.842],[3.3713,46.8417],[3.3817,46.8345],[3.3906,46.8344]]}},{"type":"Feature","properties":{"t":"fast","v":220},"geometry":{"type":"LineString","coordinates":[[-0.459,44.9465],[-0.4723,44.9359],[-0.5027,44.9271]]}},{"type":"Feature","properties":{"t":"slow","v":140},"geometry":{"type":"LineString","coordinates":[[0.3351,46.5463],[0.3213,46.5323],[0.2914,46.5188],[0.2482,46.5154]]}},{"type":"Feature","properties":{"t":"slow","v":140},"geometry":{"type":"LineString","coordinates":[[4.8109,45.6145],[4.7936,45.5967],[4.7945,45.5834],[4.8143,45.5735],[4.8383,45.5464],[4.8658,45.542],[4.8768,45.5241],[4.8542,45.5018],[4.8,45.4772],[4.7842,45.4564],[4.769,45.4493]]}},{"type":"Feature","properties":{"t":"slow","v":30},"geometry":{"type":"LineString","coordinates":[[1.3642,48.7283],[1.3705,48.731]]}},{"type":"Feature","properties":{"t":"slow","v":140},"geometry":{"type":"LineString","coordinates":[[5.1703,46.1335],[5.2142,46.1821],[5.2161,46.1957]]}},{"type":"Feature","properties":{"t":"fast","v":160},"geometry":{"type":"LineString","coordinates":[[-3.2473,47.7907],[-3.2708,47.7967]]}},{"type":"Feature","properties":{"t":"fast","v":220},"geometry":{"type":"LineString","coordinates":[[0.4497,48.0532],[0.2965,48.0084],[0.2671,48.0068],[0.2204,47.9942]]}},{"type":"Feature","properties":{"t":"slow","v":140},"geometry":{"type":"LineString","coordinates":[[1.4174,47.2798],[1.402,47.2788],[1.3207,47.3196],[1.2569,47.3415],[1.1812,47.3458],[1.136,47.3351],[1.0498,47.3304],[0.9901,47.3374],[0.8511,47.3669]]}},{"type":"Feature","properties":{"t":"slow","v":60},"geometry":{"type":"LineString","coordinates":[[5.0321,47.2844],[5.0333,47.2833]]}},{"type":"Feature","properties":{"t":"slow","v":80},"geometry":{"type":"LineString","coordinates":[[2.4688,49.2638],[2.4362,49.2512]]}},{"type":"Feature","properties":{"t":"slow","v":90},"geometry":{"type":"LineString","coordinates":[[0.6168,47.3364],[0.6447,47.3435],[0.6549,47.3534],[0.6678,47.3543]]}},{"type":"Feature","properties":{"t":"fast","v":170},"geometry":{"type":"LineString","coordinates":[[4.7026,44.2941],[4.7053,44.279]]}},{"type":"Feature","properties":{"t":"slow","v":120},"geometry":{"type":"LineString","coordinates":[[4.5123,49.7977],[4.5736,49.8028],[4.6279,49.7932]]}},{"type":"Feature","properties":{"t":"slow","v":140},"geometry":{"type":"LineString","coordinates":[[6.941,43.5215],[6.9448,43.5319],[6.9644,43.544],[7.0192,43.554]]}},{"type":"Feature","properties":{"t":"slow","v":130},"geometry":{"type":"LineString","coordinates":[[5.5185,46.6575],[5.4932,46.633],[5.4741,46.6024]]}},{"type":"Feature","properties":{"t":"slow","v":120},"geometry":{"type":"LineString","coordinates":[[5.4921,46.189],[5.5554,46.1772]]}},{"type":"Feature","properties":{"t":"slow","v":120},"geometry":{"type":"LineString","coordinates":[[4.7339,49.7523],[4.7474,49.7481]]}},{"type":"Feature","properties":{"t":"slow","v":105},"geometry":{"type":"LineString","coordinates":[[5.73,43.7227],[5.7158,43.7121],[5.7105,43.6961],[5.6886,43.702],[5.6747,43.7007],[5.6432,43.6761],[5.6058,43.6622],[5.5928,43.6626]]}},{"type":"Feature","properties":{"t":"slow","v":50},"geometry":{"type":"LineString","coordinates":[[2.8205,50.2973],[2.8322,50.2944]]}},{"type":"Feature","properties":{"t":"slow","v":70},"geometry":{"type":"LineString","coordinates":[[5.6339,44.9119],[5.6157,44.8983],[5.6167,44.8861],[5.6273,44.8768],[5.6239,44.8686],[5.596,44.866],[5.6152,44.8484],[5.614,44.8431],[5.597,44.8331]]}},{"type":"Feature","properties":{"t":"slow","v":150},"geometry":{"type":"LineString","coordinates":[[-1.6813,48.3249],[-1.6854,48.3498],[-1.6922,48.3593],[-1.6905,48.3766],[-1.7135,48.4061],[-1.7429,48.4274],[-1.7446,48.4473],[-1.7576,48.4572],[-1.7603,48.471],[-1.7809,48.4944],[-1.7673,48.5245],[-1.7564,48.5332]]}},{"type":"Feature","properties":{"t":"slow","v":70},"geometry":{"type":"LineString","coordinates":[[7.2637,43.7057],[7.2895,43.7171],[7.2876,43.7307],[7.308,43.7366],[7.3162,43.7469],[7.3196,43.7627],[7.3504,43.7638],[7.3753,43.7715],[7.3728,43.7783],[7.3846,43.7985],[7.3819,43.8152],[7.3518,43.841],[7.3684,43.8487]]}},{"type":"Feature","properties":{"t":"slow","v":120},"geometry":{"type":"LineString","coordinates":[[5.5368,47.9675],[5.5377,47.968]]}},{"type":"Feature","properties":{"t":"slow","v":110},"geometry":{"type":"LineString","coordinates":[[-1.4911,43.5238],[-1.4847,43.5046],[-1.4715,43.4967]]}},{"type":"Feature","properties":{"t":"slow","v":60},"geometry":{"type":"LineString","coordinates":[[2.5265,48.87],[2.5305,48.8738]]}},{"type":"Feature","properties":{"t":"slow","v":140},"geometry":{"type":"LineString","coordinates":[[0.6956,47.3751],[0.6852,47.374],[0.6518,47.3848],[0.6448,47.402],[0.6352,47.4107],[0.6348,47.4242],[0.6414,47.4317]]}},{"type":"Feature","properties":{"t":"slow","v":30},"geometry":{"type":"LineString","coordinates":[[2.4436,48.7519],[2.4463,48.7322]]}},{"type":"Feature","properties":{"t":"slow","v":120},"geometry":{"type":"LineString","coordinates":[[4.7326,49.7531],[4.7257,49.7684]]}},{"type":"Feature","properties":{"t":"slow","v":30},"geometry":{"type":"LineString","coordinates":[[-1.1758,46.162],[-1.2209,46.1595],[-1.224,46.1655],[-1.2384,46.1641]]}},{"type":"Feature","properties":{"t":"slow","v":110},"geometry":{"type":"LineString","coordinates":[[4.7252,49.7676],[4.7174,49.7664],[4.6923,49.7773],[4.6768,49.7767],[4.6318,49.7918]]}},{"type":"Feature","properties":{"t":"slow","v":110},"geometry":{"type":"LineString","coordinates":[[4.6318,49.7918],[4.6316,49.7919]]}},{"type":"Feature","properties":{"t":"slow","v":90},"geometry":{"type":"LineString","coordinates":[[3.103,46.1829],[3.1276,46.1739],[3.1396,46.1484]]}},{"type":"Feature","properties":{"t":"lgv","v":300},"geometry":{"type":"LineString","coordinates":[[2.6567,48.8774],[2.6605,48.8787]]}},{"type":"Feature","properties":{"t":"slow","v":60},"geometry":{"type":"LineString","coordinates":[[2.2231,43.0565],[2.2242,43.049],[2.2376,43.0497],[2.2533,43.0373],[2.2526,43.0242],[2.2577,43.0145],[2.2502,43.0101],[2.2483,43.0024],[2.2634,42.9807],[2.25,42.9532],[2.2511,42.944],[2.2356,42.9422],[2.2283,42.9349],[2.2127,42.9344],[2.2176,42.9248],[2.1877,42.9067],[2.1856,42.8985],[2.1909,42.8873],[2.1818,42.8733]]}},{"type":"Feature","properties":{"t":"slow","v":130},"geometry":{"type":"LineString","coordinates":[[2.411,48.7665],[2.4112,48.7644]]}},{"type":"Feature","properties":{"t":"fast","v":170},"geometry":{"type":"LineString","coordinates":[[2.8884,50.3037],[2.8912,50.3077]]}},{"type":"Feature","properties":{"t":"slow","v":100},"geometry":{"type":"LineString","coordinates":[[4.7256,49.7684],[4.7521,49.7723],[4.7611,49.7953],[4.7417,49.8155],[4.7557,49.8353],[4.7797,49.8329],[4.7813,49.8449],[4.7608,49.8601],[4.7349,49.8695],[4.7138,49.8684],[4.702,49.888],[4.7024,49.9102],[4.6782,49.9104],[4.6794,49.9239],[4.6733,49.9302],[4.6467,49.9237],[4.643,49.9402],[4.6542,49.9489],[4.6637,49.9661],[4.6647,49.9775],[4.6907,49.9811],[4.6957,49.9947],[4.6944,50.0075],[4.728,50.0168],[4.7223,50.0273],[4.7268,50.0351],[4.7201,50.0517],[4.7257,50.0887],[4.7428,50.1021],[4.7595,50.1031],[4.7707,50.1154],[4.7899,50.1195],[4.7996,50.1296],[4.8161,50.1358],[4.8178,50.1409]]}},{"type":"Feature","properties":{"t":"slow","v":30},"geometry":{"type":"LineString","coordinates":[[3.0813,50.6327],[3.0704,50.6364]]}},{"type":"Feature","properties":{"t":"slow","v":100},"geometry":{"type":"LineString","coordinates":[[1.0834,46.2072],[1.0821,46.1957],[1.0542,46.167],[1.0583,46.1535],[1.0353,46.1459]]}},{"type":"Feature","properties":{"t":"fast","v":160},"geometry":{"type":"LineString","coordinates":[[2.9839,48.3657],[3.003,48.3642],[3.1989,48.2999],[3.203,48.2844],[3.2282,48.2673],[3.2611,48.2263],[3.2677,48.1958],[3.2588,48.1759],[3.2902,48.144],[3.2885,48.1326],[3.2673,48.1097],[3.2862,48.0873],[3.2806,48.0615],[3.3095,48.0431],[3.2972,48.0109],[3.3572,47.9738],[3.403,47.9736],[3.4628,47.9568],[3.5253,47.9626],[3.6004,47.9887],[3.6828,47.9729],[3.746,47.9807],[3.9244,47.9181],[3.9673,47.8618],[3.9892,47.8553],[4.0481,47.8537]]}},{"type":"Feature","properties":{"t":"slow","v":110},"geometry":{"type":"LineString","coordinates":[[5.5197,43.6318],[5.5224,43.6159],[5.5159,43.6032],[5.5174,43.5964],[5.5026,43.5862]]}},{"type":"Feature","properties":{"t":"fast","v":160},"geometry":{"type":"LineString","coordinates":[[6.4602,48.9682],[6.47,48.9656]]}},{"type":"Feature","properties":{"t":"slow","v":90},"geometry":{"type":"LineString","coordinates":[[2.2781,44.5221],[2.325,44.5067],[2.3502,44.4787],[2.3766,44.4669],[2.4002,44.466]]}},{"type":"Feature","properties":{"t":"slow","v":130},"geometry":{"type":"LineString","coordinates":[[5.4408,45.2163],[5.4708,45.2299],[5.4692,45.25],[5.4729,45.2547]]}},{"type":"Feature","properties":{"t":"slow","v":120},"geometry":{"type":"LineString","coordinates":[[2.38,49.8814],[2.4185,49.8776],[2.449,49.8675],[2.4975,49.8717],[2.5147,49.8638],[2.6371,49.8446],[2.715,49.8218],[2.8109,49.8057],[2.9021,49.7657],[2.9457,49.7618],[3.0282,49.7422],[3.0822,49.7387],[3.2145,49.7143],[3.2471,49.7059],[3.2697,49.6926]]}},{"type":"Feature","properties":{"t":"slow","v":140},"geometry":{"type":"LineString","coordinates":[[3.9951,50.2761],[4.0623,50.2843],[4.0856,50.296]]}},{"type":"Feature","properties":{"t":"slow","v":120},"geometry":{"type":"LineString","coordinates":[[4.5724,45.5088],[4.5726,45.509]]}},{"type":"Feature","properties":{"t":"slow","v":30},"geometry":{"type":"LineString","coordinates":[[2.272,42.5547],[2.2563,42.5384],[2.2563,42.5321],[2.2228,42.5229]]}},{"type":"Feature","properties":{"t":"slow","v":10},"geometry":{"type":"LineString","coordinates":[[2.2437,49.4151],[2.2563,49.4147]]}},{"type":"Feature","properties":{"t":"slow","v":30},"geometry":{"type":"LineString","coordinates":[[0.1705,49.4965],[0.1636,49.4928],[0.1619,49.4835],[0.1427,49.478],[0.1061,49.482]]}},{"type":"Feature","properties":{"t":"fast","v":220},"geometry":{"type":"LineString","coordinates":[[0.2321,46.5075],[0.2304,46.5058]]}},{"type":"Feature","properties":{"t":"fast","v":200},"geometry":{"type":"LineString","coordinates":[[2.7799,50.2303],[2.7685,50.2365],[2.7644,50.2444]]}},{"type":"Feature","properties":{"t":"slow","v":90},"geometry":{"type":"LineString","coordinates":[[4.8478,45.8268],[4.8466,45.8162],[4.8623,45.7931],[4.8605,45.7517],[4.8576,45.7419],[4.8491,45.7378],[4.848,45.7278]]}},{"type":"Feature","properties":{"t":"slow","v":40},"geometry":{"type":"LineString","coordinates":[[1.3618,46.1276],[1.3722,46.1249],[1.4075,46.1294],[1.4288,46.1172]]}},{"type":"Feature","properties":{"t":"slow","v":80},"geometry":{"type":"LineString","coordinates":[[0.4181,49.6037],[0.4306,49.6062],[0.434,49.6129],[0.416,49.6362],[0.3933,49.6881],[0.3897,49.7001],[0.3955,49.7112],[0.3795,49.7288],[0.3742,49.7517],[0.3815,49.758],[0.3735,49.7594]]}},{"type":"Feature","properties":{"t":"slow","v":90},"geometry":{"type":"LineString","coordinates":[[2.4362,44.9213],[2.4425,44.9226],[2.4449,44.9148],[2.4588,44.9077]]}},{"type":"Feature","properties":{"t":"slow","v":30},"geometry":{"type":"LineString","coordinates":[[6.3828,45.765],[6.4132,45.748]]}},{"type":"Feature","properties":{"t":"slow","v":60},"geometry":{"type":"LineString","coordinates":[[2.3156,48.8631],[2.2957,48.861],[2.2631,48.8292]]}},{"type":"Feature","properties":{"t":"slow","v":60},"geometry":{"type":"LineString","coordinates":[[5.0413,47.2942],[5.0546,47.2957]]}},{"type":"Feature","properties":{"t":"slow","v":30},"geometry":{"type":"LineString","coordinates":[[-0.2231,45.1961],[-0.2258,45.1913]]}},{"type":"Feature","properties":{"t":"slow","v":30},"geometry":{"type":"LineString","coordinates":[[1.1831,49.3176],[1.1608,49.317]]}},{"type":"Feature","properties":{"t":"slow","v":120},"geometry":{"type":"LineString","coordinates":[[-0.537,44.8682],[-0.5339,44.8506],[-0.5559,44.826]]}},{"type":"Feature","properties":{"t":"slow","v":115},"geometry":{"type":"LineString","coordinates":[[5.5121,45.9045],[5.5357,45.8841],[5.5353,45.8671],[5.5459,45.8512],[5.6006,45.8266],[5.634,45.8221],[5.6378,45.8348],[5.6547,45.8492]]}},{"type":"Feature","properties":{"t":"slow","v":150},"geometry":{"type":"LineString","coordinates":[[3.2506,48.5133],[3.2513,48.4908],[3.2564,48.4817],[3.2695,48.4742],[3.2918,48.4725]]}},{"type":"Feature","properties":{"t":"slow","v":130},"geometry":{"type":"LineString","coordinates":[[4.1855,45.8192],[4.2118,45.7997],[4.2314,45.7688],[4.23,45.7228],[4.2481,45.6462]]}},{"type":"Feature","properties":{"t":"slow","v":100},"geometry":{"type":"LineString","coordinates":[[2.3178,49.8894],[2.3454,49.8783],[2.38,49.8814]]}},{"type":"Feature","properties":{"t":"slow","v":30},"geometry":{"type":"LineString","coordinates":[[2.7286,50.4505],[2.7328,50.4617]]}},{"type":"Feature","properties":{"t":"slow","v":30},"geometry":{"type":"LineString","coordinates":[[2.7286,50.4505],[2.7266,50.4537],[2.7387,50.4694]]}},{"type":"Feature","properties":{"t":"slow","v":30},"geometry":{"type":"LineString","coordinates":[[2.7328,50.4617],[2.7391,50.4698],[2.7351,50.4742]]}},{"type":"Feature","properties":{"t":"slow","v":110},"geometry":{"type":"LineString","coordinates":[[5.7994,46.977],[5.8107,46.9756],[5.8128,46.9656],[5.8265,46.9592],[5.8238,46.9513],[5.7938,46.9345]]}},{"type":"Feature","properties":{"t":"slow","v":60},"geometry":{"type":"LineString","coordinates":[[0.1905,49.5037],[0.1826,49.5364],[0.1895,49.5429]]}},{"type":"Feature","properties":{"t":"slow","v":30},"geometry":{"type":"LineString","coordinates":[[4.9092,43.4569],[4.9172,43.4537]]}},{"type":"Feature","properties":{"t":"slow","v":125},"geometry":{"type":"LineString","coordinates":[[4.5146,45.4715],[4.553,45.4864],[4.5724,45.5088]]}},{"type":"Feature","properties":{"t":"slow","v":110},"geometry":{"type":"LineString","coordinates":[[1.7126,46.1321],[1.7016,46.1183],[1.6836,46.1087],[1.682,46.1006],[1.6622,46.0815],[1.6268,46.0796],[1.5865,46.0941],[1.5623,46.0901],[1.5455,46.0937]]}},{"type":"Feature","properties":{"t":"slow","v":70},"geometry":{"type":"LineString","coordinates":[[3.742,44.8378],[3.7645,44.8063],[3.801,44.7847],[3.8057,44.7691],[3.8154,44.768]]}},{"type":"Feature","properties":{"t":"slow","v":30},"geometry":{"type":"LineString","coordinates":[[7.783,48.81],[7.7857,48.8028],[7.8088,48.7888],[7.8771,48.7894]]}},{"type":"Feature","properties":{"t":"fast","v":220},"geometry":{"type":"LineString","coordinates":[[2.6425,48.8753],[2.6567,48.8774]]}},{"type":"Feature","properties":{"t":"fast","v":160},"geometry":{"type":"LineString","coordinates":[[5.6591,47.1502],[5.7297,47.1534],[5.9356,47.2269],[5.9693,47.229],[6.0195,47.2459]]}},{"type":"Feature","properties":{"t":"slow","v":30},"geometry":{"type":"LineString","coordinates":[[7.9503,49.0316],[7.9483,49.0324]]}},{"type":"Feature","properties":{"t":"slow","v":90},"geometry":{"type":"LineString","coordinates":[[0.0086,49.3144],[0.0344,49.3312],[0.0621,49.326],[0.0899,49.3306],[0.0956,49.3429],[0.0842,49.3596]]}},{"type":"Feature","properties":{"t":"slow","v":30},"geometry":{"type":"LineString","coordinates":[[2.3899,48.8369],[2.3916,48.8325]]}},{"type":"Feature","properties":{"t":"fast","v":160},"geometry":{"type":"LineString","coordinates":[[0.4453,49.607],[0.3635,49.5898],[0.3206,49.5519],[0.2854,49.5362],[0.199,49.5136]]}},{"type":"Feature","properties":{"t":"slow","v":20},"geometry":{"type":"LineString","coordinates":[[5.4938,48.972],[5.469,48.9772],[5.4476,48.9986],[5.4235,49.0118],[5.4125,49.0299],[5.4151,49.0434],[5.4067,49.0592],[5.4085,49.0636]]}},{"type":"Feature","properties":{"t":"fast","v":220},"geometry":{"type":"LineString","coordinates":[[-0.3049,44.8886],[-0.3274,44.9025],[-0.4266,44.9205],[-0.4616,44.9329]]}},{"type":"Feature","properties":{"t":"slow","v":30},"geometry":{"type":"LineString","coordinates":[[4.0802,50.0479],[4.0536,50.0253],[4.0527,50.0201]]}},{"type":"Feature","properties":{"t":"slow","v":115},"geometry":{"type":"LineString","coordinates":[[5.3932,45.921],[5.4055,45.9193],[5.4116,45.9335],[5.4266,45.9359],[5.4393,45.9475]]}},{"type":"Feature","properties":{"t":"slow","v":130},"geometry":{"type":"LineString","coordinates":[[1.54,49.632],[1.5344,49.6263],[1.5188,49.626],[1.4958,49.6156],[1.4663,49.6288],[1.3737,49.6295],[1.3532,49.609],[1.327,49.6002],[1.3,49.5832],[1.2457,49.5215],[1.2169,49.5161],[1.1705,49.4921],[1.1618,49.4711]]}},{"type":"Feature","properties":{"t":"slow","v":30},"geometry":{"type":"LineString","coordinates":[[3.7718,49.7484],[3.7817,49.7476]]}},{"type":"Feature","properties":{"t":"slow","v":100},"geometry":{"type":"LineString","coordinates":[[0.9431,44.4879],[0.9105,44.4704],[0.8738,44.4288],[0.8291,44.3978],[0.8102,44.3922],[0.8053,44.3843]]}},{"type":"Feature","properties":{"t":"slow","v":60},"geometry":{"type":"LineString","coordinates":[[1.1024,49.4127],[1.0998,49.4273]]}},{"type":"Feature","properties":{"t":"slow","v":110},"geometry":{"type":"LineString","coordinates":[[7.7414,48.8292],[7.73,48.8452],[7.6668,48.8772],[7.657,48.8902],[7.6532,48.9052]]}},{"type":"Feature","properties":{"t":"slow","v":50},"geometry":{"type":"LineString","coordinates":[[7.4326,49.0486],[7.4388,49.0246],[7.4091,49.0095],[7.3876,49.0073],[7.3743,49.0003],[7.3395,49.008],[7.3177,49.0368],[7.3002,49.0493],[7.2528,49.0564],[7.2147,49.0853],[7.2112,49.0932],[7.1852,49.0967],[7.1718,49.1075],[7.1536,49.1103],[7.137,49.1067],[7.1152,49.1175],[7.0993,49.1055],[7.0803,49.0995],[7.0679,49.1071]]}},{"type":"Feature","properties":{"t":"slow","v":115},"geometry":{"type":"LineString","coordinates":[[3.4598,45.8211],[3.4754,45.8223],[3.4879,45.833],[3.4902,45.8447],[3.4815,45.8553],[3.4875,45.8648]]}},{"type":"Feature","properties":{"t":"fast","v":220},"geometry":{"type":"LineString","coordinates":[[5.0793,45.6488],[5.0857,45.6398]]}},{"type":"Feature","properties":{"t":"slow","v":70},"geometry":{"type":"LineString","coordinates":[[3.9364,44.4302],[3.9367,44.4225],[3.9299,44.4174],[3.9371,44.4122],[3.9348,44.3987],[3.9444,44.3836],[3.9555,44.3789],[3.9493,44.3687],[3.9587,44.3574],[3.9516,44.3473]]}},{"type":"Feature","properties":{"t":"slow","v":120},"geometry":{"type":"LineString","coordinates":[[4.85,45.7348],[4.8479,45.7269]]}},{"type":"Feature","properties":{"t":"slow","v":150},"geometry":{"type":"LineString","coordinates":[[1.1429,48.4776],[1.0737,48.4873],[1.049,48.485],[1.0249,48.4814],[1.0049,48.4713],[0.9483,48.463],[0.9376,48.4518]]}},{"type":"Feature","properties":{"t":"slow","v":120},"geometry":{"type":"LineString","coordinates":[[2.3808,49.8579],[2.3522,49.8638]]}},{"type":"Feature","properties":{"t":"slow","v":100},"geometry":{"type":"LineString","coordinates":[[5.0306,47.3057],[5.0255,47.291],[5.0286,47.2867]]}},{"type":"Feature","properties":{"t":"slow","v":90},"geometry":{"type":"LineString","coordinates":[[-0.2051,46.9847],[-0.2227,46.9866],[-0.2294,46.9818]]}},{"type":"Feature","properties":{"t":"slow","v":90},"geometry":{"type":"LineString","coordinates":[[1.0671,47.802],[1.0527,47.7993],[1.0413,47.7867],[1.0177,47.7734],[1.0211,47.7352],[1.0279,47.719],[1.0192,47.7013],[0.992,47.6712],[0.9181,47.636],[0.8983,47.6086],[0.9015,47.5879]]}},{"type":"Feature","properties":{"t":"slow","v":80},"geometry":{"type":"LineString","coordinates":[[-0.5369,44.8677],[-0.5399,44.8569],[-0.5542,44.8462]]}},{"type":"Feature","properties":{"t":"slow","v":150},"geometry":{"type":"LineString","coordinates":[[1.9034,47.9335],[1.9061,47.9273]]}},{"type":"Feature","properties":{"t":"slow","v":150},"geometry":{"type":"LineString","coordinates":[[2.0576,47.2273],[2.0922,47.2183],[2.1007,47.2068],[2.0939,47.198]]}},{"type":"Feature","properties":{"t":"fast","v":160},"geometry":{"type":"LineString","coordinates":[[7.691,48.6906],[7.7136,48.6867],[7.7199,48.6537]]}},{"type":"Feature","properties":{"t":"fast","v":160},"geometry":{"type":"LineString","coordinates":[[0.1374,48.0766],[0.1483,48.075],[0.1559,48.0652]]}},{"type":"Feature","properties":{"t":"slow","v":130},"geometry":{"type":"LineString","coordinates":[[3.3105,45.3653],[3.3071,45.3538],[3.3189,45.327],[3.3393,45.3111],[3.3787,45.3006]]}},{"type":"Feature","properties":{"t":"slow","v":105},"geometry":{"type":"LineString","coordinates":[[4.7716,45.5956],[4.7672,45.5905],[4.7699,45.5819],[4.7979,45.5695]]}},{"type":"Feature","properties":{"t":"lgv","v":270},"geometry":{"type":"LineString","coordinates":[[2.7536,48.5691],[2.7654,48.5594]]}},{"type":"Feature","properties":{"t":"slow","v":100},"geometry":{"type":"LineString","coordinates":[[0.6669,45.8862],[0.6407,45.8947],[0.6125,45.8892],[0.5999,45.8949],[0.5789,45.8892]]}},{"type":"Feature","properties":{"t":"slow","v":80},"geometry":{"type":"LineString","coordinates":[[2.9762,45.1251],[3.0106,45.1293],[3.0232,45.1553],[3.0399,45.1678],[3.0427,45.1762],[3.0854,45.1924],[3.0954,45.2045]]}},{"type":"Feature","properties":{"t":"slow","v":120},"geometry":{"type":"LineString","coordinates":[[6.1452,48.7548],[6.1304,48.7678],[6.1317,48.7838]]}},{"type":"Feature","properties":{"t":"slow","v":60},"geometry":{"type":"LineString","coordinates":[[4.6191,45.8333],[4.6017,45.8113]]}},{"type":"Feature","properties":{"t":"slow","v":70},"geometry":{"type":"LineString","coordinates":[[2.2992,48.9531],[2.3047,48.9566]]}},{"type":"Feature","properties":{"t":"slow","v":30},"geometry":{"type":"LineString","coordinates":[[2.7933,48.734],[2.7836,48.7335]]}},{"type":"Feature","properties":{"t":"slow","v":20},"geometry":{"type":"LineString","coordinates":[[4.4771,49.524],[4.4791,49.5238]]}},{"type":"Feature","properties":{"t":"slow","v":90},"geometry":{"type":"LineString","coordinates":[[2.4112,48.7644],[2.4191,48.751],[2.4172,48.7427],[2.4106,48.7392],[2.4028,48.7419]]}},{"type":"Feature","properties":{"t":"slow","v":50},"geometry":{"type":"LineString","coordinates":[[2.1463,48.4317],[2.1446,48.429]]}},{"type":"Feature","properties":{"t":"fast","v":190},"geometry":{"type":"LineString","coordinates":[[-1.7117,48.1125],[-1.7532,48.1096],[-1.8456,48.1276],[-1.8787,48.1403]]}},{"type":"Feature","properties":{"t":"slow","v":80},"geometry":{"type":"LineString","coordinates":[[7.4952,43.7758],[7.5193,43.7857],[7.5535,43.7821],[7.5698,43.7927],[7.609,43.7931]]}},{"type":"Feature","properties":{"t":"slow","v":140},"geometry":{"type":"LineString","coordinates":[[2.311,47.0878],[2.3184,47.0652],[2.3037,47.0551],[2.3,47.0408],[2.289,47.0294],[2.2568,47.0108],[2.2527,46.993]]}},{"type":"Feature","properties":{"t":"slow","v":80},"geometry":{"type":"LineString","coordinates":[[7.5436,47.8149],[7.5466,47.8145]]}},{"type":"Feature","properties":{"t":"slow","v":85},"geometry":{"type":"LineString","coordinates":[[3.2079,43.5203],[3.2012,43.5275],[3.2194,43.5339],[3.2132,43.5461],[3.1884,43.5606],[3.1752,43.5589],[3.1667,43.5805],[3.1362,43.5796],[3.1263,43.5864],[3.1475,43.6049],[3.1608,43.6259],[3.1627,43.6374]]}},{"type":"Feature","properties":{"t":"slow","v":110},"geometry":{"type":"LineString","coordinates":[[6.0218,47.2473],[6.0258,47.2496]]}},{"type":"Feature","properties":{"t":"slow","v":120},"geometry":{"type":"LineString","coordinates":[[4.8758,44.0053],[4.883,44.0111],[4.9049,44.0037],[4.925,44.0058],[4.979,44.0348],[4.997,44.0374],[5.0187,44.0325],[5.0433,44.0429],[5.0436,44.0504]]}},{"type":"Feature","properties":{"t":"slow","v":30},"geometry":{"type":"LineString","coordinates":[[2.8636,50.4894],[2.8625,50.4899]]}},{"type":"Feature","properties":{"t":"slow","v":110},"geometry":{"type":"LineString","coordinates":[[5.8032,46.0159],[5.8107,46.0246],[5.8045,46.0445],[5.8095,46.0538],[5.8058,46.0641],[5.8184,46.1052],[5.8266,46.1105],[5.858,46.0995],[5.8804,46.1087]]}},{"type":"Feature","properties":{"t":"slow","v":80},"geometry":{"type":"LineString","coordinates":[[3.1903,43.7514],[3.1806,43.7605],[3.1864,43.7783],[3.1795,43.8005],[3.1539,43.8128],[3.1209,43.84],[3.1085,43.8661],[3.1208,43.877],[3.1163,43.888],[3.1056,43.897],[3.0562,43.9137]]}},{"type":"Feature","properties":{"t":"slow","v":120},"geometry":{"type":"LineString","coordinates":[[7.1866,48.7241],[7.2242,48.7205],[7.27,48.7364],[7.3132,48.7199]]}},{"type":"Feature","properties":{"t":"slow","v":55},"geometry":{"type":"LineString","coordinates":[[3.1029,44.4304],[3.1235,44.4397],[3.1475,44.4361],[3.1551,44.4433],[3.1715,44.4364],[3.1858,44.4395]]}},{"type":"Feature","properties":{"t":"slow","v":60},"geometry":{"type":"LineString","coordinates":[[-2.0675,47.647],[-2.0709,47.6437]]}},{"type":"Feature","properties":{"t":"slow","v":30},"geometry":{"type":"LineString","coordinates":[[0.1657,49.495],[0.1669,49.4976]]}},{"type":"Feature","properties":{"t":"slow","v":60},"geometry":{"type":"LineString","coordinates":[[2.2642,50.9928],[2.2574,50.9951],[2.25,51.0087],[2.206,50.9981],[2.1986,51.008]]}},{"type":"Feature","properties":{"t":"slow","v":120},"geometry":{"type":"LineString","coordinates":[[0.2363,49.1349],[0.2275,49.15]]}},{"type":"Feature","properties":{"t":"slow","v":30},"geometry":{"type":"LineString","coordinates":[[-3.3714,47.7359],[-3.3576,47.7404]]}},{"type":"Feature","properties":{"t":"fast","v":220},"geometry":{"type":"LineString","coordinates":[[-1.5865,48.1084],[-1.6153,48.1103]]}},{"type":"Feature","properties":{"t":"slow","v":150},"geometry":{"type":"LineString","coordinates":[[-1.0396,48.8453],[-1.0615,48.8434],[-1.1056,48.8297],[-1.1318,48.8287],[-1.1568,48.8357],[-1.1895,48.8363],[-1.2136,48.8307],[-1.2446,48.8366],[-1.3199,48.8216],[-1.33,48.8123],[-1.3481,48.8074],[-1.397,48.8244]]}},{"type":"Feature","properties":{"t":"slow","v":30},"geometry":{"type":"LineString","coordinates":[[-1.3714,47.717],[-1.3747,47.7097],[-1.3822,47.7085]]}},{"type":"Feature","properties":{"t":"fast","v":160},"geometry":{"type":"LineString","coordinates":[[5.3436,43.3611],[5.354,43.3534]]}},{"type":"Feature","properties":{"t":"slow","v":30},"geometry":{"type":"LineString","coordinates":[[0.7559,47.8346],[0.7427,47.8274],[0.7211,47.803],[0.7014,47.7706],[0.676,47.7696],[0.6466,47.7568],[0.5783,47.7395],[0.5551,47.7419],[0.5065,47.7318],[0.4815,47.7202],[0.4655,47.6924],[0.4309,47.682],[0.404,47.6819],[0.3795,47.6552],[0.3545,47.6378],[0.3189,47.6264],[0.3199,47.6157],[0.331,47.5972],[0.3317,47.58]]}},{"type":"Feature","properties":{"t":"slow","v":110},"geometry":{"type":"LineString","coordinates":[[7.7343,48.5851],[7.7305,48.576],[7.7612,48.5593],[7.7757,48.5614],[7.7849,48.569]]}},{"type":"Feature","properties":{"t":"fast","v":160},"geometry":{"type":"LineString","coordinates":[[4.7159,44.2509],[4.7114,44.2385],[4.7136,44.228],[4.7261,44.2137],[4.7297,44.2016],[4.7493,44.1875],[4.7922,44.1707],[4.8151,44.1402],[4.8253,44.1361]]}},{"type":"Feature","properties":{"t":"lgv","v":300},"geometry":{"type":"LineString","coordinates":[[0.4766,48.0507],[0.4429,48.0589]]}},{"type":"Feature","properties":{"t":"slow","v":30},"geometry":{"type":"LineString","coordinates":[[-2.7511,48.5044],[-2.7441,48.5044],[-2.7186,48.5203],[-2.7223,48.5272]]}},{"type":"Feature","properties":{"t":"slow","v":150},"geometry":{"type":"LineString","coordinates":[[5.9301,43.1284],[5.9702,43.1256],[5.9907,43.1138],[6.0104,43.1188],[6.0327,43.1338],[6.0534,43.1567],[6.0443,43.1838],[6.047,43.1954],[6.0825,43.2292],[6.0986,43.2644],[6.1534,43.2905],[6.1957,43.2992],[6.2203,43.2973],[6.2788,43.3135],[6.2912,43.3258],[6.2998,43.3637],[6.3346,43.3817],[6.3565,43.4003],[6.4042,43.4033],[6.4253,43.4132],[6.4346,43.4268],[6.4328,43.4402],[6.4386,43.4469],[6.4903,43.4573],[6.5184,43.4551],[6.5707,43.4707],[6.6126,43.4668],[6.6269,43.4562],[6.6626,43.4602],[6.6794,43.4559],[6.7071,43.4391]]}},{"type":"Feature","properties":{"t":"slow","v":30},"geometry":{"type":"LineString","coordinates":[[4.9872,43.4071],[5.0157,43.4045]]}},{"type":"Feature","properties":{"t":"slow","v":60},"geometry":{"type":"LineString","coordinates":[[4.8253,44.7721],[4.8246,44.7698]]}},{"type":"Feature","properties":{"t":"fast","v":220},"geometry":{"type":"LineString","coordinates":[[0.121,45.9046],[0.1265,45.9212]]}},{"type":"Feature","properties":{"t":"slow","v":30},"geometry":{"type":"LineString","coordinates":[[2.4808,49.2776],[2.4973,49.2796]]}},{"type":"Feature","properties":{"t":"slow","v":100},"geometry":{"type":"LineString","coordinates":[[6.1129,46.2097],[6.087,46.2222]]}},{"type":"Feature","properties":{"t":"slow","v":30},"geometry":{"type":"LineString","coordinates":[[5.6901,48.3582],[5.6921,48.368],[5.7021,48.3778],[5.6854,48.3939],[5.6844,48.4089]]}},{"type":"Feature","properties":{"t":"slow","v":105},"geometry":{"type":"LineString","coordinates":[[5.4392,45.9475],[5.4663,45.95],[5.4788,45.9455],[5.5072,45.9184],[5.5121,45.9045]]}},{"type":"Feature","properties":{"t":"slow","v":30},"geometry":{"type":"LineString","coordinates":[[1.9018,47.9373],[1.9179,47.9422],[2.0053,47.9455]]}},{"type":"Feature","properties":{"t":"fast","v":160},"geometry":{"type":"LineString","coordinates":[[4.8558,46.2798],[4.9421,46.2551],[4.9845,46.2278],[5.0198,46.2257],[5.0401,46.2341],[5.1174,46.2448],[5.159,46.242],[5.2006,46.2242],[5.2106,46.2128],[5.2255,46.1708],[5.2846,46.1373],[5.3128,46.0735],[5.3339,46.0547],[5.3393,45.9977],[5.3508,45.9573],[5.3386,45.9544]]}},{"type":"Feature","properties":{"t":"slow","v":90},"geometry":{"type":"LineString","coordinates":[[-2.2113,47.2868],[-2.2705,47.3025],[-2.2927,47.2973],[-2.3155,47.2768],[-2.3328,47.2681],[-2.351,47.2724],[-2.3745,47.2883],[-2.4609,47.2787],[-2.5001,47.2836],[-2.5071,47.2901]]}},{"type":"Feature","properties":{"t":"slow","v":30},"geometry":{"type":"LineString","coordinates":[[0.5929,47.0205],[0.5982,47.0161]]}},{"type":"Feature","properties":{"t":"slow","v":130},"geometry":{"type":"LineString","coordinates":[[6.7118,49.0786],[6.7271,49.0912],[6.743,49.0971],[6.746,49.1076],[6.7585,49.114],[6.7642,49.124],[6.7936,49.1365],[6.8388,49.1398],[6.8531,49.1489],[6.8656,49.1724],[6.9009,49.1894]]}},{"type":"Feature","properties":{"t":"slow","v":40},"geometry":{"type":"LineString","coordinates":[[-0.0621,47.3375],[-0.0854,47.2799],[-0.073,47.2698]]}},{"type":"Feature","properties":{"t":"slow","v":140},"geometry":{"type":"LineString","coordinates":[[5.7846,45.185],[5.8062,45.1872],[5.8823,45.2355],[5.896,45.2586],[5.952,45.3056],[6.0082,45.4137],[6.0084,45.4358],[6.0395,45.4775]]}},{"type":"Feature","properties":{"t":"slow","v":70},"geometry":{"type":"LineString","coordinates":[[2.0309,46.1238],[2.0374,46.1242],[2.0596,46.0985],[2.0869,46.0823],[2.0989,46.0621],[2.1088,46.0595],[2.1397,46.0356],[2.1395,46.0273],[2.1283,46.0166],[2.1281,46.0104],[2.147,45.9933],[2.1599,45.9618],[2.172,45.9488],[2.1707,45.9376],[2.1923,45.9187],[2.1846,45.8929],[2.1695,45.8865]]}},{"type":"Feature","properties":{"t":"slow","v":70},"geometry":{"type":"LineString","coordinates":[[5.0539,43.8013],[5.0573,43.7951],[5.0808,43.7883],[5.1325,43.761],[5.1851,43.7446],[5.2119,43.7464],[5.2335,43.7549],[5.3019,43.7463],[5.3794,43.7272],[5.4549,43.6971],[5.5036,43.6844]]}},{"type":"Feature","properties":{"t":"slow","v":90},"geometry":{"type":"LineString","coordinates":[[3.0154,50.4447],[3.0211,50.4484],[3.0198,50.4532]]}},{"type":"Feature","properties":{"t":"slow","v":30},"geometry":{"type":"LineString","coordinates":[[1.1809,49.1643],[1.1792,49.1725]]}},{"type":"Feature","properties":{"t":"slow","v":120},"geometry":{"type":"LineString","coordinates":[[3.4918,46.5329],[3.5224,46.5359],[3.6082,46.5244],[3.6467,46.5299],[3.6828,46.5268],[3.702,46.5341],[3.7303,46.5272],[3.7525,46.5307]]}},{"type":"Feature","properties":{"t":"slow","v":130},"geometry":{"type":"LineString","coordinates":[[-0.9133,43.5249],[-0.9204,43.5281],[-0.9276,43.5429],[-0.9482,43.5472],[-0.9539,43.5532],[-0.9551,43.5751],[-0.9369,43.593],[-0.9371,43.6093],[-0.9661,43.6345],[-0.9873,43.6686],[-1.0149,43.6796],[-1.0273,43.6931],[-1.0638,43.7032],[-1.064,43.7161],[-1.0531,43.7207]]}},{"type":"Feature","properties":{"t":"slow","v":110},"geometry":{"type":"LineString","coordinates":[[1.0098,45.8767],[0.9816,45.878],[0.9695,45.8723],[0.9312,45.8831],[0.9057,45.8809],[0.8663,45.8853],[0.8277,45.8813],[0.808,45.8676],[0.7705,45.8607],[0.7417,45.8754],[0.7101,45.8726],[0.6819,45.8864],[0.6669,45.8863]]}},{"type":"Feature","properties":{"t":"slow","v":140},"geometry":{"type":"LineString","coordinates":[[6.1698,49.3537],[6.1797,49.3604],[6.173,49.3744],[6.1725,49.3978],[6.1524,49.4104],[6.1464,49.4221]]}},{"type":"Feature","properties":{"t":"fast","v":160},"geometry":{"type":"LineString","coordinates":[[-0.556,44.8259],[-0.5638,44.8171],[-0.5967,44.8175],[-0.6583,44.7941],[-0.8149,44.71],[-1.0052,44.6172],[-0.9209,44.2093],[-0.9087,44.0355],[-0.8997,44.0112],[-0.9106,43.995],[-0.9025,43.9814],[-0.9051,43.9565],[-0.939,43.8617],[-0.96,43.8502],[-0.96,43.8362],[-1.022,43.7387],[-1.0495,43.7209]]}},{"type":"Feature","properties":{"t":"slow","v":140},"geometry":{"type":"LineString","coordinates":[[-1.478,47.1861],[-1.4213,47.1763],[-1.343,47.142],[-1.3236,47.1155],[-1.2758,47.0751],[-1.2851,47.0433],[-1.2867,47.0107],[-1.32,46.9809],[-1.3301,46.9525],[-1.383,46.8938],[-1.4133,46.84],[-1.4261,46.8336],[-1.4355,46.8184],[-1.4329,46.7968],[-1.4379,46.7717],[-1.4316,46.7123],[-1.4361,46.6721]]}},{"type":"Feature","properties":{"t":"slow","v":125},"geometry":{"type":"LineString","coordinates":[[3.8242,46.8392],[3.8424,46.8447],[3.8569,46.84],[3.8791,46.8241]]}},{"type":"Feature","properties":{"t":"fast","v":160},"geometry":{"type":"LineString","coordinates":[[0.6968,47.3759],[0.6864,47.3737],[0.6565,47.3797],[0.6275,47.3767],[0.5395,47.3597],[0.4911,47.3429],[0.4655,47.347],[0.2072,47.2483],[0.0469,47.2552],[-0.0669,47.2661],[-0.2949,47.4082],[-0.5113,47.4639],[-0.5568,47.4644]]}},{"type":"Feature","properties":{"t":"slow","v":70},"geometry":{"type":"LineString","coordinates":[[7.6953,48.5456],[7.7059,48.5634],[7.7429,48.5696]]}},{"type":"Feature","properties":{"t":"fast","v":210},"geometry":{"type":"LineString","coordinates":[[0.1388,45.9512],[0.124,45.9094],[0.1048,45.8791],[0.1029,45.8526],[0.1112,45.8369]]}},{"type":"Feature","properties":{"t":"fast","v":160},"geometry":{"type":"LineString","coordinates":[[3.1233,46.772],[3.1337,46.767],[3.1399,46.7508],[3.1797,46.7219],[3.2448,46.6603],[3.2614,46.6545]]}},{"type":"Feature","properties":{"t":"slow","v":60},"geometry":{"type":"LineString","coordinates":[[5.3361,47.8821],[5.3304,47.8906]]}},{"type":"Feature","properties":{"t":"fast","v":160},"geometry":{"type":"LineString","coordinates":[[-0.2512,44.9035],[-0.2793,44.8884],[-0.3049,44.8886]]}},{"type":"Feature","properties":{"t":"slow","v":70},"geometry":{"type":"LineString","coordinates":[[6.0,44.0659],[6.0115,44.0648],[6.0308,44.0469],[6.0591,44.0458],[6.0937,44.0331],[6.1213,44.0387],[6.1583,44.0547],[6.1841,44.0766],[6.2248,44.089]]}},{"type":"Feature","properties":{"t":"slow","v":80},"geometry":{"type":"LineString","coordinates":[[0.2505,49.4794],[0.3529,49.4688],[0.3609,49.4557],[0.3564,49.4504],[0.2594,49.4549]]}},{"type":"Feature","properties":{"t":"slow","v":30},"geometry":{"type":"LineString","coordinates":[[6.3327,47.9097],[6.3305,47.9036]]}},{"type":"Feature","properties":{"t":"slow","v":115},"geometry":{"type":"LineString","coordinates":[[6.4827,46.3692],[6.4973,46.3845],[6.5116,46.3837],[6.5827,46.3984]]}},{"type":"Feature","properties":{"t":"slow","v":30},"geometry":{"type":"LineString","coordinates":[[2.7388,48.0189],[2.7409,48.0133]]}},{"type":"Feature","properties":{"t":"slow","v":130},"geometry":{"type":"LineString","coordinates":[[3.6062,46.2207],[3.6252,46.2299],[3.6417,46.2279],[3.6501,46.2242],[3.6573,46.2071],[3.6821,46.1967],[3.7335,46.2044],[3.7742,46.1977]]}},{"type":"Feature","properties":{"t":"slow","v":60},"geometry":{"type":"LineString","coordinates":[[4.7833,43.9383],[4.8085,43.9417]]}},{"type":"Feature","properties":{"t":"slow","v":140},"geometry":{"type":"LineString","coordinates":[[4.8479,45.7269],[4.8565,45.6781]]}},{"type":"Feature","properties":{"t":"slow","v":40},"geometry":{"type":"LineString","coordinates":[[0.3578,46.6309],[0.3428,46.6353],[0.3322,46.6445],[0.3092,46.6449],[0.3018,46.6596],[0.2644,46.6701],[0.2449,46.6806]]}},{"type":"Feature","properties":{"t":"slow","v":140},"geometry":{"type":"LineString","coordinates":[[-4.2547,48.4544],[-4.3146,48.4216],[-4.346,48.4113],[-4.3869,48.4099],[-4.4125,48.3989],[-4.4775,48.3883]]}},{"type":"Feature","properties":{"t":"slow","v":30},"geometry":{"type":"LineString","coordinates":[[0.1692,48.6639],[0.1577,48.6535]]}},{"type":"Feature","properties":{"t":"slow","v":140},"geometry":{"type":"LineString","coordinates":[[4.7438,48.7213],[4.7529,48.7215]]}},{"type":"Feature","properties":{"t":"slow","v":70},"geometry":{"type":"LineString","coordinates":[[5.885,46.1119],[5.898,46.1188]]}},{"type":"Feature","properties":{"t":"slow","v":30},"geometry":{"type":"LineString","coordinates":[[2.9869,48.3902],[2.9806,48.3826]]}},{"type":"Feature","properties":{"t":"slow","v":30},"geometry":{"type":"LineString","coordinates":[[2.525,49.0943],[2.5145,49.0924],[2.523,49.0926]]}},{"type":"Feature","properties":{"t":"lgv","v":320},"geometry":{"type":"LineString","coordinates":[[0.6766,47.2739],[0.6616,47.2382],[0.656,47.1991],[0.6586,47.1816],[0.6804,47.1419],[0.6809,47.1237],[0.6757,47.1097],[0.658,47.0901],[0.5824,47.0423],[0.5484,46.9981],[0.4671,46.9491],[0.3948,46.8481],[0.3875,46.8222],[0.393,46.7429],[0.3599,46.6855],[0.3465,46.6345],[0.2457,46.5337],[0.213,46.4748],[0.2011,46.4086],[0.1901,46.3875],[0.1526,46.3424],[0.1366,46.3048],[0.1345,46.2837],[0.1419,46.2352],[0.1338,46.197],[0.1251,46.0927],[0.1276,46.0548],[0.1225,45.9909],[0.1282,45.8977],[0.091,45.8031],[0.0649,45.7736],[0.0565,45.7565],[0.0559,45.739],[0.075,45.6733],[0.0629,45.5538],[0.0539,45.526],[0.0506,45.4835],[-0.0173,45.3913],[-0.0245,45.3736],[-0.028,45.3432],[-0.0468,45.315],[-0.1222,45.2622],[-0.1684,45.2092],[-0.2578,45.1761],[-0.302,45.1399],[-0.3484,45.1169],[-0.3879,45.0711],[-0.4114,45.0344]]}},{"type":"Feature","properties":{"t":"slow","v":100},"geometry":{"type":"LineString","coordinates":[[1.7782,46.1597],[1.7833,46.1457],[1.7706,46.1337],[1.735,46.1369],[1.7161,46.1362],[1.7126,46.1321]]}},{"type":"Feature","properties":{"t":"slow","v":40},"geometry":{"type":"LineString","coordinates":[[7.5688,44.1319],[7.5679,44.1188],[7.5591,44.1076],[7.5709,44.1093],[7.591,44.0994]]}},{"type":"Feature","properties":{"t":"slow","v":40},"geometry":{"type":"LineString","coordinates":[[7.591,44.0994],[7.5992,44.0717],[7.6096,44.0657],[7.5903,44.0577],[7.5959,44.0544],[7.5974,44.0579],[7.5926,44.0593]]}},{"type":"Feature","properties":{"t":"slow","v":40},"geometry":{"type":"LineString","coordinates":[[7.5926,44.0593],[7.5789,44.0524],[7.5915,44.0517],[7.5929,44.0469],[7.5852,44.0435],[7.5614,44.0158],[7.5507,44.0187],[7.5658,44.021],[7.5381,43.9731],[7.5235,43.9644],[7.5111,43.9363],[7.5202,43.9288],[7.5161,43.911],[7.5264,43.895]]}},{"type":"Feature","properties":{"t":"slow","v":120},"geometry":{"type":"LineString","coordinates":[[2.4588,44.9077],[2.4665,44.9019],[2.5003,44.9094],[2.569,44.9448]]}},{"type":"Feature","properties":{"t":"slow","v":130},"geometry":{"type":"LineString","coordinates":[[1.6577,50.637],[1.6727,50.6491],[1.6733,50.6566],[1.6073,50.6909],[1.6044,50.7074],[1.61,50.7153]]}},{"type":"Feature","properties":{"t":"lgv","v":320},"geometry":{"type":"LineString","coordinates":[[5.0336,45.4451],[5.0029,45.3925],[5.002,45.3488],[4.9569,45.2634],[4.9456,45.2329],[4.9214,45.2024],[4.9168,45.1847],[4.9271,45.1367],[4.9521,45.0745],[4.9566,45.051],[4.9752,45.0198],[4.9832,44.9688],[5.0023,44.9289],[5.0078,44.8175],[5.0024,44.7648],[4.9881,44.7383],[4.9498,44.7034],[4.9236,44.6632],[4.833,44.5554],[4.7831,44.5083],[4.7424,44.4208],[4.7343,44.3816],[4.6999,44.3391],[4.7024,44.2927],[4.692,44.238],[4.7175,44.1824],[4.7612,44.1406],[4.7743,44.114],[4.7728,44.0886],[4.7348,43.9953],[4.7415,43.9575],[4.751,43.9401],[4.7884,43.9211],[4.8598,43.9124],[4.974,43.8719],[5.0058,43.8453],[5.0674,43.779],[5.1283,43.7483],[5.1853,43.7007],[5.2189,43.6633],[5.2341,43.631]]}},{"type":"Feature","properties":{"t":"slow","v":40},"geometry":{"type":"LineString","coordinates":[[1.9522,43.312],[1.9604,43.3124],[1.9636,43.3174],[1.9477,43.3376],[1.8975,43.3706],[1.8916,43.3786],[1.8898,43.389],[1.8984,43.4026],[1.8932,43.418],[1.9351,43.4501],[1.9891,43.4547],[2.0036,43.4673]]}},{"type":"Feature","properties":{"t":"slow","v":70},"geometry":{"type":"LineString","coordinates":[[-0.1079,49.2863],[-0.0803,49.3005],[-0.0663,49.2941],[-0.0362,49.2942],[-0.0068,49.2881],[-0.0006,49.2935],[0.0014,49.3092],[0.0086,49.3144]]}},{"type":"Feature","properties":{"t":"slow","v":40},"geometry":{"type":"LineString","coordinates":[[0.3903,44.2504],[0.3607,44.2503],[0.3431,44.2237]]}},{"type":"Feature","properties":{"t":"slow","v":30},"geometry":{"type":"LineString","coordinates":[[1.1219,49.4364],[1.1064,49.438]]}},{"type":"Feature","properties":{"t":"fast","v":170},"geometry":{"type":"LineString","coordinates":[[6.0041,47.335],[6.0066,47.3383]]}},{"type":"Feature","properties":{"t":"slow","v":20},"geometry":{"type":"LineString","coordinates":[[5.582,47.4528],[5.5475,47.4435]]}},{"type":"Feature","properties":{"t":"slow","v":60},"geometry":{"type":"LineString","coordinates":[[-0.2244,46.8912],[-0.2224,46.8846],[-0.1866,46.8555],[-0.1714,46.8524],[-0.1534,46.8378],[-0.1396,46.815],[-0.1488,46.799],[-0.1635,46.7953],[-0.1722,46.7671],[-0.2129,46.7301],[-0.2153,46.7131],[-0.2257,46.6998],[-0.2338,46.6719],[-0.2472,46.6599],[-0.2393,46.6408]]}},{"type":"Feature","properties":{"t":"slow","v":130},"geometry":{"type":"LineString","coordinates":[[5.1298,47.5202],[5.171,47.5351],[5.1908,47.5574],[5.1944,47.5697],[5.2048,47.5753]]}},{"type":"Feature","properties":{"t":"fast","v":160},"geometry":{"type":"LineString","coordinates":[[-1.397,48.8244],[-1.417,48.8333],[-1.4584,48.8272],[-1.5082,48.8416]]}},{"type":"Feature","properties":{"t":"slow","v":90},"geometry":{"type":"LineString","coordinates":[[0.6816,47.3573],[0.6751,47.3543]]}},{"type":"Feature","properties":{"t":"slow","v":60},"geometry":{"type":"LineString","coordinates":[[4.7921,45.2984],[4.797,45.2978]]}},{"type":"Feature","properties":{"t":"slow","v":30},"geometry":{"type":"LineString","coordinates":[[5.6503,47.5215],[5.6429,47.5103],[5.653,47.4956],[5.6514,47.4897],[5.5953,47.4563],[5.5836,47.4535]]}},{"type":"Feature","properties":{"t":"slow","v":130},"geometry":{"type":"LineString","coordinates":[[1.4905,48.4695],[1.4816,48.4615],[1.4822,48.4493]]}},{"type":"Feature","properties":{"t":"slow","v":120},"geometry":{"type":"LineString","coordinates":[[2.3639,48.886],[2.3779,48.8974],[2.4606,48.8966]]}},{"type":"Feature","properties":{"t":"slow","v":40},"geometry":{"type":"LineString","coordinates":[[0.193,47.9726],[0.1898,47.968],[0.1939,47.9576]]}},{"type":"Feature","properties":{"t":"slow","v":120},"geometry":{"type":"LineString","coordinates":[[1.1618,49.4711],[1.1614,49.4586],[1.1525,49.4446]]}},{"type":"Feature","properties":{"t":"slow","v":130},"geometry":{"type":"LineString","coordinates":[[-1.2673,46.4736],[-1.237,46.4783],[-1.1889,46.4648],[-1.1606,46.4628],[-1.0835,46.4741],[-1.0199,46.4666],[-0.9944,46.4538],[-0.9368,46.4406],[-0.8934,46.4132],[-0.891,46.3962],[-0.9036,46.3763],[-0.8961,46.3654]]}},{"type":"Feature","properties":{"t":"slow","v":40},"geometry":{"type":"LineString","coordinates":[[2.3242,48.8765],[2.3225,48.8797]]}},{"type":"Feature","properties":{"t":"slow","v":130},"geometry":{"type":"LineString","coordinates":[[5.4917,45.3577],[5.4938,45.3649],[5.5073,45.37],[5.5409,45.3683],[5.5516,45.3591],[5.5694,45.3534],[5.5862,45.3645],[5.595,45.3638]]}},{"type":"Feature","properties":{"t":"fast","v":160},"geometry":{"type":"LineString","coordinates":[[4.4207,48.8799],[4.4295,48.8647],[4.467,48.8405],[4.5055,48.8025],[4.5691,48.7234],[4.5831,48.7176],[4.63,48.7224],[4.7637,48.7226],[4.8299,48.7644],[4.8942,48.7804],[4.9859,48.824]]}},{"type":"Feature","properties":{"t":"slow","v":50},"geometry":{"type":"LineString","coordinates":[[6.8992,45.9507],[6.9152,45.9739],[6.9333,45.9839],[6.9297,45.9889],[6.9343,45.9963]]}},{"type":"Feature","properties":{"t":"slow","v":140},"geometry":{"type":"LineString","coordinates":[[1.5264,43.6446],[1.4956,43.643],[1.4522,43.6233],[1.4523,43.6176]]}},{"type":"Feature","properties":{"t":"slow","v":115},"geometry":{"type":"LineString","coordinates":[[6.3033,46.2273],[6.3129,46.241],[6.3513,46.2702],[6.3822,46.2698],[6.426,46.3042]]}},{"type":"Feature","properties":{"t":"fast","v":220},"geometry":{"type":"LineString","coordinates":[[4.8628,46.2673],[4.863,46.2674]]}},{"type":"Feature","properties":{"t":"slow","v":30},"geometry":{"type":"LineString","coordinates":[[3.7006,47.9753],[3.7355,47.9819]]}},{"type":"Feature","properties":{"t":"slow","v":40},"geometry":{"type":"LineString","coordinates":[[4.1976,47.3637],[4.2042,47.3427],[4.1958,47.3362],[4.195,47.3205],[4.2,47.3132],[4.2216,47.3036],[4.2359,47.283]]}},{"type":"Feature","properties":{"t":"fast","v":230},"geometry":{"type":"LineString","coordinates":[[-0.6751,48.0835],[-0.6945,48.0931]]}},{"type":"Feature","properties":{"t":"slow","v":30},"geometry":{"type":"LineString","coordinates":[[1.698,48.9905],[1.6799,48.9944]]}},{"type":"Feature","properties":{"t":"slow","v":100},"geometry":{"type":"LineString","coordinates":[[-1.3016,47.8272],[-1.3254,47.8354],[-1.335,47.8529],[-1.3598,47.8684],[-1.3662,47.8785],[-1.3824,47.8854],[-1.381,47.9083],[-1.3898,47.9133]]}},{"type":"Feature","properties":{"t":"slow","v":120},"geometry":{"type":"LineString","coordinates":[[2.4992,48.829],[2.5426,48.8231]]}},{"type":"Feature","properties":{"t":"slow","v":60},"geometry":{"type":"LineString","coordinates":[[4.0326,44.2097],[4.053,44.1988],[4.0479,44.186],[4.0612,44.182],[4.0526,44.1726],[4.0615,44.1634],[4.0608,44.1485],[4.0798,44.1436],[4.0842,44.1376],[4.0806,44.1296],[4.085,44.128]]}},{"type":"Feature","properties":{"t":"fast","v":160},"geometry":{"type":"LineString","coordinates":[[5.5666,48.7822],[5.5714,48.774],[5.5943,48.7634],[5.6202,48.7411],[5.6589,48.7208]]}},{"type":"Feature","properties":{"t":"slow","v":105},"geometry":{"type":"LineString","coordinates":[[1.6601,44.8786],[1.6675,44.8699],[1.6502,44.8335],[1.6606,44.8045],[1.7223,44.7735]]}},{"type":"Feature","properties":{"t":"slow","v":30},"geometry":{"type":"LineString","coordinates":[[5.996,44.0575],[6.0,44.066]]}},{"type":"Feature","properties":{"t":"slow","v":30},"geometry":{"type":"LineString","coordinates":[[4.5482,47.8733],[4.5716,47.8702]]}},{"type":"Feature","properties":{"t":"slow","v":40},"geometry":{"type":"LineString","coordinates":[[-0.5408,44.8431],[-0.5416,44.8378],[-0.5292,44.8305]]}},{"type":"Feature","properties":{"t":"slow","v":105},"geometry":{"type":"LineString","coordinates":[[2.5022,46.3642],[2.4861,46.3728],[2.4667,46.3704],[2.457,46.3749],[2.4368,46.367],[2.3991,46.3659],[2.2703,46.3213]]}},{"type":"Feature","properties":{"t":"slow","v":130},"geometry":{"type":"LineString","coordinates":[[6.1491,49.321],[6.1483,49.3271],[6.1598,49.347],[6.1698,49.3537]]}},{"type":"Feature","properties":{"t":"lgv","v":270},"geometry":{"type":"LineString","coordinates":[[3.4108,48.1419],[3.4293,48.128]]}},{"type":"Feature","properties":{"t":"slow","v":40},"geometry":{"type":"LineString","coordinates":[[2.8094,49.8058],[2.8218,49.807],[2.8946,49.86],[2.9197,49.8678],[2.9366,49.9237],[2.9434,49.929],[2.952,49.9291],[2.9711,49.9162],[3.0014,49.9148],[3.0418,49.937],[3.0837,49.9417],[3.105,49.9571],[3.111,49.9681],[3.1102,49.9778],[3.1422,49.9968],[3.1275,50.013],[3.1259,50.037],[3.1363,50.0796],[3.167,50.1157],[3.2343,50.1446],[3.2382,50.1533],[3.2528,50.1647],[3.2438,50.1757]]}},{"type":"Feature","properties":{"t":"slow","v":100},"geometry":{"type":"LineString","coordinates":[[6.1853,46.1611],[6.2218,46.1756],[6.2298,46.1846],[6.2287,46.1945],[6.2382,46.2005]]}},{"type":"Feature","properties":{"t":"slow","v":125},"geometry":{"type":"LineString","coordinates":[[3.1446,46.9976],[3.1488,47.0063],[3.1674,47.0057],[3.1787,46.9933],[3.1995,46.9872],[3.2074,46.9755],[3.222,46.9691],[3.2305,46.9561],[3.2492,46.9452],[3.2594,46.9323]]}},{"type":"Feature","properties":{"t":"slow","v":100},"geometry":{"type":"LineString","coordinates":[[1.777,49.6973],[1.772,49.7005],[1.7698,49.7131],[1.7843,49.737],[1.7539,49.7598],[1.7576,49.7753],[1.7183,49.8456],[1.7092,49.8849],[1.6842,49.9015],[1.6729,49.917],[1.6403,49.9252],[1.5963,49.9453],[1.5707,49.9741],[1.528,49.9939],[1.4995,50.0161],[1.4282,50.0451],[1.4224,50.0526],[1.3776,50.0631]]}},{"type":"Feature","properties":{"t":"slow","v":60},"geometry":{"type":"LineString","coordinates":[[2.2778,48.9806],[2.2667,48.9822],[2.2635,48.9896]]}},{"type":"Feature","properties":{"t":"slow","v":40},"geometry":{"type":"LineString","coordinates":[[4.7973,47.9313],[4.7785,47.9211],[4.7335,47.9105],[4.7172,47.9118],[4.6984,47.9045],[4.6568,47.9139],[4.6463,47.9122],[4.5807,47.8827],[4.5754,47.8753]]}},{"type":"Feature","properties":{"t":"slow","v":90},"geometry":{"type":"LineString","coordinates":[[5.7691,49.5131],[5.7862,49.535],[5.8141,49.5478]]}},{"type":"Feature","properties":{"t":"slow","v":140},"geometry":{"type":"LineString","coordinates":[[-1.8179,47.1024],[-1.8253,47.0995],[-1.8744,47.1067],[-1.8911,47.0779],[-1.9449,47.0483],[-1.9566,47.0469],[-2.0047,47.063],[-2.0279,47.0812],[-2.0409,47.0854],[-2.0406,47.0975],[-2.0603,47.1172],[-2.076,47.1204],[-2.0978,47.1145]]}},{"type":"Feature","properties":{"t":"slow","v":140},"geometry":{"type":"LineString","coordinates":[[-1.0534,49.2269],[-1.0741,49.2268],[-1.1023,49.1778],[-1.1203,49.1694],[-1.1437,49.1415]]}},{"type":"Feature","properties":{"t":"slow","v":90},"geometry":{"type":"LineString","coordinates":[[2.472,48.8949],[2.4737,48.8923]]}},{"type":"Feature","properties":{"t":"slow","v":30},"geometry":{"type":"LineString","coordinates":[[2.3244,48.8765],[2.3226,48.8798]]}},{"type":"Feature","properties":{"t":"slow","v":140},"geometry":{"type":"LineString","coordinates":[[2.1569,48.9377],[2.1446,48.9458]]}},{"type":"Feature","properties":{"t":"slow","v":80},"geometry":{"type":"LineString","coordinates":[[2.2324,48.9503],[2.2503,48.9533],[2.2665,48.9476],[2.3082,48.9579],[2.3813,48.9588],[2.4013,48.9518],[2.4132,48.9419],[2.4239,48.9294],[2.4306,48.911]]}},{"type":"Feature","properties":{"t":"slow","v":70},"geometry":{"type":"LineString","coordinates":[[2.3471,48.6718],[2.3389,48.6704],[2.332,48.6769]]}},{"type":"Feature","properties":{"t":"slow","v":110},"geometry":{"type":"LineString","coordinates":[[-1.5424,47.2168],[-1.5271,47.2199],[-1.5198,47.2164]]}},{"type":"Feature","properties":{"t":"slow","v":110},"geometry":{"type":"LineString","coordinates":[[-1.4093,46.591],[-1.3706,46.5633],[-1.3739,46.5489],[-1.3641,46.5322],[-1.3508,46.526],[-1.3499,46.5159],[-1.3211,46.5067],[-1.3132,46.4975],[-1.3016,46.4955],[-1.2672,46.4736]]}},{"type":"Feature","properties":{"t":"slow","v":110},"geometry":{"type":"LineString","coordinates":[[6.4414,48.1779],[6.4491,48.1492],[6.468,48.1419],[6.4699,48.1361],[6.4554,48.1231],[6.4437,48.096],[6.4282,48.0886],[6.4158,48.0689],[6.4025,48.0589],[6.3821,48.0602],[6.3754,48.0476],[6.364,48.0421]]}},{"type":"Feature","properties":{"t":"slow","v":60},"geometry":{"type":"LineString","coordinates":[[2.323,48.8797],[2.322,48.8809]]}},{"type":"Feature","properties":{"t":"slow","v":30},"geometry":{"type":"LineString","coordinates":[[2.1032,48.7961],[2.0883,48.7963]]}},{"type":"Feature","properties":{"t":"slow","v":140},"geometry":{"type":"LineString","coordinates":[[4.6828,45.8542],[4.7041,45.8584],[4.7764,45.8977],[4.7988,45.8943]]}},{"type":"Feature","properties":{"t":"slow","v":40},"geometry":{"type":"LineString","coordinates":[[5.6916,48.3594],[5.7102,48.3527],[5.6986,48.3422],[5.7073,48.328],[5.7057,48.3193],[5.7249,48.3085],[5.7401,48.2861],[5.7865,48.2615],[5.7996,48.2636],[5.8233,48.2902],[5.8438,48.3044],[5.8833,48.3104],[5.8972,48.3044],[5.9068,48.3061]]}},{"type":"Feature","properties":{"t":"slow","v":120},"geometry":{"type":"LineString","coordinates":[[-1.7523,48.5377],[-1.8089,48.5338],[-1.8363,48.5274],[-1.8563,48.5328],[-1.9215,48.5312],[-1.9574,48.5014]]}},{"type":"Feature","properties":{"t":"slow","v":120},"geometry":{"type":"LineString","coordinates":[[-1.3864,43.491],[-1.4198,43.4824],[-1.4646,43.4821],[-1.4686,43.4863]]}},{"type":"Feature","properties":{"t":"slow","v":40},"geometry":{"type":"LineString","coordinates":[[4.9691,46.9014],[4.9948,46.9051],[5.0162,46.8919],[5.0342,46.8889]]}},{"type":"Feature","properties":{"t":"slow","v":110},"geometry":{"type":"LineString","coordinates":[[6.4498,45.618],[6.4534,45.611],[6.4483,45.5952],[6.4686,45.5601],[6.4672,45.5455]]}},{"type":"Feature","properties":{"t":"fast","v":160},"geometry":{"type":"LineString","coordinates":[[2.6851,47.6715],[2.7154,47.6611],[2.7646,47.6177],[2.8312,47.5727],[2.87,47.5276],[2.9208,47.4873],[2.9302,47.464],[2.9326,47.4109],[2.9207,47.4024],[2.8805,47.3442],[2.884,47.323],[2.9095,47.314],[2.9485,47.2885],[2.9892,47.2725],[3.0162,47.2245],[3.0241,47.1855],[3.0221,47.1682],[3.0396,47.1395],[3.04,47.131],[3.0515,47.1147],[3.0663,47.1072],[3.094,47.0767],[3.085,47.0398],[3.0886,47.0154],[3.142,46.9993],[3.1545,46.9764],[3.1463,46.9543],[3.1391,46.9476],[3.0735,46.94],[3.0669,46.9048],[3.073,46.8968]]}},{"type":"Feature","properties":{"t":"slow","v":60},"geometry":{"type":"LineString","coordinates":[[3.1006,50.6095],[3.1125,50.6223]]}},{"type":"Feature","properties":{"t":"slow","v":75},"geometry":{"type":"LineString","coordinates":[[3.8154,44.768],[3.8304,44.7748],[3.8412,44.7718],[3.8295,44.7538],[3.8384,44.7413],[3.8638,44.7285],[3.8634,44.7129],[3.8733,44.7069],[3.8712,44.6978],[3.8865,44.6948],[3.8716,44.6777],[3.8827,44.6569],[3.8917,44.6538],[3.8948,44.6157],[3.9056,44.6094],[3.9024,44.585],[3.9154,44.5669],[3.9175,44.5517],[3.9098,44.5286],[3.9122,44.5098],[3.9339,44.499],[3.9212,44.4863],[3.9171,44.4645],[3.9233,44.4548],[3.9171,44.4408],[3.9301,44.4394],[3.9364,44.4302]]}},{"type":"Feature","properties":{"t":"lgv","v":270},"geometry":{"type":"LineString","coordinates":[[4.4917,46.9255],[4.4884,46.8862],[4.4936,46.8653],[4.4925,46.8283],[4.5015,46.7582],[4.5309,46.7098],[4.5627,46.6877],[4.5755,46.6714],[4.617,46.5771],[4.6421,46.5394],[4.6745,46.4423],[4.6716,46.4282],[4.658,46.4077],[4.6592,46.3939],[4.6781,46.3685],[4.7179,46.3426],[4.7665,46.3],[4.7829,46.278],[4.7992,46.2676]]}},{"type":"Feature","properties":{"t":"slow","v":30},"geometry":{"type":"LineString","coordinates":[[4.8425,46.7741],[4.8432,46.7744]]}},{"type":"Feature","properties":{"t":"slow","v":30},"geometry":{"type":"LineString","coordinates":[[4.114,49.2149],[4.1023,49.2234],[4.075,49.2298]]}},{"type":"Feature","properties":{"t":"slow","v":110},"geometry":{"type":"LineString","coordinates":[[2.4738,48.6141],[2.4637,48.6034],[2.4735,48.5878],[2.4688,48.5754],[2.4399,48.5742],[2.382,48.5473],[2.3652,48.5247],[2.3701,48.5102],[2.3672,48.4999],[2.352,48.4848]]}},{"type":"Feature","properties":{"t":"slow","v":30},"geometry":{"type":"LineString","coordinates":[[2.3843,48.8268],[2.3799,48.8269]]}},{"type":"Feature","properties":{"t":"lgv","v":300},"geometry":{"type":"LineString","coordinates":[[5.2341,43.631],[5.2547,43.6029],[5.3198,43.5593],[5.3305,43.5471],[5.3322,43.526],[5.3171,43.503],[5.3105,43.4806],[5.3266,43.4348]]}},{"type":"Feature","properties":{"t":"fast","v":200},"geometry":{"type":"LineString","coordinates":[[4.863,46.2674],[4.8677,46.2694]]}},{"type":"Feature","properties":{"t":"slow","v":100},"geometry":{"type":"LineString","coordinates":[[2.3751,48.8446],[2.3973,48.8314]]}},{"type":"Feature","properties":{"t":"slow","v":40},"geometry":{"type":"LineString","coordinates":[[2.3943,48.264],[2.4279,48.2301],[2.4586,48.2106],[2.4654,48.1886],[2.47,48.1328],[2.4805,48.1205],[2.4834,48.1037]]}},{"type":"Feature","properties":{"t":"slow","v":30},"geometry":{"type":"LineString","coordinates":[[7.2675,47.8569],[7.268,47.8639]]}},{"type":"Feature","properties":{"t":"slow","v":80},"geometry":{"type":"LineString","coordinates":[[4.465,43.866],[4.4726,43.8677],[4.4764,43.8621]]}},{"type":"Feature","properties":{"t":"slow","v":90},"geometry":{"type":"LineString","coordinates":[[6.129,48.2996],[6.1254,48.2861],[6.1319,48.2741],[6.1466,48.2704]]}},{"type":"Feature","properties":{"t":"lgv","v":300},"geometry":{"type":"LineString","coordinates":[[4.7369,43.9735],[4.7415,43.9549],[4.7324,43.9413],[4.6644,43.9208],[4.6012,43.8664],[4.5408,43.8386],[4.4989,43.8114]]}},{"type":"Feature","properties":{"t":"slow","v":85},"geometry":{"type":"LineString","coordinates":[[3.7379,45.1416],[3.7623,45.1365],[3.7779,45.1198],[3.7986,45.1089],[3.7952,45.1005]]}},{"type":"Feature","properties":{"t":"slow","v":130},"geometry":{"type":"LineString","coordinates":[[3.9369,50.1244],[3.9964,50.0957],[4.0102,50.0752],[4.0306,50.0681],[4.0476,50.0389],[4.0548,50.0123],[4.0648,50.0025],[4.0891,49.9934],[4.0974,49.9742],[4.0847,49.9338],[4.0876,49.9273]]}},{"type":"Feature","properties":{"t":"fast","v":160},"geometry":{"type":"LineString","coordinates":[[0.2482,46.5154],[0.2233,46.5045],[0.1522,46.4592],[0.1374,46.4546],[0.1044,46.4296],[0.0337,46.4173],[-0.0164,46.4016],[-0.0714,46.4004],[-0.0941,46.3936]]}},{"type":"Feature","properties":{"t":"slow","v":20},"geometry":{"type":"LineString","coordinates":[[4.1769,47.502],[4.2368,47.4999],[4.3211,47.4838],[4.3695,47.4928],[4.3878,47.488],[4.4131,47.4674],[4.4373,47.4581],[4.4548,47.4655],[4.4639,47.5119],[4.47,47.5207],[4.4709,47.5392],[4.4629,47.5433]]}},{"type":"Feature","properties":{"t":"slow","v":60},"geometry":{"type":"LineString","coordinates":[[2.3566,48.8811],[2.3574,48.8887]]}},{"type":"Feature","properties":{"t":"slow","v":30},"geometry":{"type":"LineString","coordinates":[[0.8457,49.637],[0.8338,49.6443],[0.8329,49.6586],[0.8205,49.6769],[0.8187,49.6891],[0.8059,49.6984],[0.7831,49.7046],[0.7483,49.7499],[0.7052,49.7593],[0.695,49.7979],[0.6999,49.8048],[0.6988,49.8303],[0.7117,49.8462]]}},{"type":"Feature","properties":{"t":"fast","v":160},"geometry":{"type":"LineString","coordinates":[[5.586,45.3197],[5.6274,45.2948],[5.6687,45.241]]}},{"type":"Feature","properties":{"t":"fast","v":200},"geometry":{"type":"LineString","coordinates":[[7.4159,47.7404],[7.4277,47.7253],[7.4523,47.6634],[7.4732,47.6434],[7.5432,47.6016]]}},{"type":"Feature","properties":{"t":"slow","v":30},"geometry":{"type":"LineString","coordinates":[[0.0932,46.8365],[0.0917,46.8377]]}},{"type":"Feature","properties":{"t":"fast","v":160},"geometry":{"type":"LineString","coordinates":[[1.4287,46.1163],[1.4357,46.0993],[1.4307,46.0719],[1.4897,46.0424],[1.5007,46.0274],[1.4936,46.0152],[1.4934,46.0026],[1.4722,45.9892],[1.457,45.9685],[1.4,45.9493],[1.3756,45.9025],[1.3499,45.8871],[1.3274,45.8803],[1.3172,45.8634],[1.305,45.8541],[1.2682,45.8364]]}},{"type":"Feature","properties":{"t":"fast","v":160},"geometry":{"type":"LineString","coordinates":[[0.7251,47.3859],[0.7037,47.3751]]}},{"type":"Feature","properties":{"t":"slow","v":30},"geometry":{"type":"LineString","coordinates":[[7.7161,48.5737],[7.7089,48.5772]]}},{"type":"Feature","properties":{"t":"slow","v":140},"geometry":{"type":"LineString","coordinates":[[4.0393,46.0661],[4.0516,46.0607],[4.0621,46.0413]]}},{"type":"Feature","properties":{"t":"fast","v":160},"geometry":{"type":"LineString","coordinates":[[3.6693,47.9756],[3.6782,47.9749]]}},{"type":"Feature","properties":{"t":"fast","v":200},"geometry":{"type":"LineString","coordinates":[[3.0738,50.641],[3.062,50.6498],[3.0177,50.6615],[2.9924,50.6616]]}},{"type":"Feature","properties":{"t":"slow","v":40},"geometry":{"type":"LineString","coordinates":[[5.9689,49.4859],[5.9576,49.4781]]}},{"type":"Feature","properties":{"t":"slow","v":85},"geometry":{"type":"LineString","coordinates":[[3.497,45.1595],[3.53,45.1599],[3.5423,45.1537],[3.5539,45.1408],[3.5673,45.1352],[3.5709,45.1253],[3.5682,45.1094]]}},{"type":"Feature","properties":{"t":"fast","v":200},"geometry":{"type":"LineString","coordinates":[[1.9064,47.9271],[1.907,47.9232]]}},{"type":"Feature","properties":{"t":"slow","v":120},"geometry":{"type":"LineString","coordinates":[[4.8773,45.821],[4.8917,45.8305],[4.8905,45.8453],[4.8994,45.8524],[4.9103,45.876]]}},{"type":"Feature","properties":{"t":"slow","v":40},"geometry":{"type":"LineString","coordinates":[[2.9986,43.185],[2.989,43.184],[2.981,43.2027],[2.9822,43.2102],[2.9624,43.2331],[2.953,43.2575],[2.9216,43.2841],[2.8718,43.2992],[2.8726,43.3153]]}},{"type":"Feature","properties":{"t":"fast","v":200},"geometry":{"type":"LineString","coordinates":[[2.2915,48.7908],[2.2834,48.7539],[2.2713,48.7338],[2.2556,48.7205],[2.2509,48.705]]}},{"type":"Feature","properties":{"t":"slow","v":90},"geometry":{"type":"LineString","coordinates":[[2.2852,48.9639],[2.2786,48.9678],[2.2824,48.9758],[2.2797,48.9794]]}},{"type":"Feature","properties":{"t":"slow","v":100},"geometry":{"type":"LineString","coordinates":[[3.2438,50.1757],[3.2279,50.1908],[3.2131,50.1955],[3.2022,50.2056],[3.2005,50.2139],[3.2074,50.2257],[3.1948,50.2393],[3.1961,50.2483],[3.1612,50.2517],[3.1575,50.2565],[3.1579,50.2746],[3.1208,50.2863]]}},{"type":"Feature","properties":{"t":"slow","v":30},"geometry":{"type":"LineString","coordinates":[[0.1712,49.4968],[0.1669,49.4976]]}},{"type":"Feature","properties":{"t":"slow","v":120},"geometry":{"type":"LineString","coordinates":[[1.4693,48.4466],[1.4658,48.4434],[1.4689,48.4397],[1.5101,48.4288],[1.5529,48.4013],[1.6287,48.2822],[1.6222,48.2753]]}},{"type":"Feature","properties":{"t":"slow","v":30},"geometry":{"type":"LineString","coordinates":[[2.5832,48.3264],[2.4475,48.2756],[2.3981,48.2748],[2.3957,48.2789],[2.4003,48.2872]]}},{"type":"Feature","properties":{"t":"slow","v":110},"geometry":{"type":"LineString","coordinates":[[-4.0928,47.9949],[-4.1454,48.0264],[-4.1435,48.0337]]}},{"type":"Feature","properties":{"t":"slow","v":95},"geometry":{"type":"LineString","coordinates":[[6.8567,43.4319],[6.8633,43.4359],[6.8895,43.4298],[6.8937,43.4392],[6.9189,43.451],[6.9219,43.4722],[6.9295,43.4784],[6.941,43.5215]]}},{"type":"Feature","properties":{"t":"slow","v":150},"geometry":{"type":"LineString","coordinates":[[1.9038,47.9321],[1.9061,47.9265]]}},{"type":"Feature","properties":{"t":"slow","v":140},"geometry":{"type":"LineString","coordinates":[[5.49,47.8248],[5.4986,47.8289],[5.495,47.8369]]}},{"type":"Feature","properties":{"t":"fast","v":160},"geometry":{"type":"LineString","coordinates":[[2.4727,49.2689],[2.4809,49.2777],[2.5251,49.3],[2.6018,49.3097],[2.6366,49.3301],[2.6972,49.3396]]}},{"type":"Feature","properties":{"t":"slow","v":115},"geometry":{"type":"LineString","coordinates":[[4.7908,45.6037],[4.8008,45.6149],[4.8049,45.6333],[4.8289,45.6664],[4.834,45.6986],[4.827,45.7053]]}},{"type":"Feature","properties":{"t":"slow","v":150},"geometry":{"type":"LineString","coordinates":[[5.4032,48.7476],[5.4113,48.774],[5.4722,48.7965],[5.5167,48.8056]]}},{"type":"Feature","properties":{"t":"fast","v":220},"geometry":{"type":"LineString","coordinates":[[-1.407,47.2859],[-1.4762,47.2438]]}},{"type":"Feature","properties":{"t":"slow","v":90},"geometry":{"type":"LineString","coordinates":[[5.3137,46.1908],[5.3235,46.1884],[5.3505,46.1596],[5.3815,46.187]]}},{"type":"Feature","properties":{"t":"slow","v":60},"geometry":{"type":"LineString","coordinates":[[2.3777,48.9678],[2.3737,48.9623],[2.3798,48.959]]}},{"type":"Feature","properties":{"t":"fast","v":160},"geometry":{"type":"LineString","coordinates":[[1.1732,49.0234],[1.1241,49.0144],[1.1176,49.0097]]}},{"type":"Feature","properties":{"t":"slow","v":50},"geometry":{"type":"LineString","coordinates":[[5.5475,47.4435],[5.5193,47.4142],[5.5017,47.4074],[5.4942,47.3939],[5.4519,47.3613],[5.4325,47.3346]]}},{"type":"Feature","properties":{"t":"slow","v":30},"geometry":{"type":"LineString","coordinates":[[1.9053,47.9129],[1.9116,47.9147]]}},{"type":"Feature","properties":{"t":"slow","v":140},"geometry":{"type":"LineString","coordinates":[[0.2275,49.15],[0.2196,49.1865],[0.2243,49.2239],[0.2148,49.2728],[0.1741,49.304],[0.1331,49.316],[0.0977,49.3414],[0.0847,49.3595]]}},{"type":"Feature","properties":{"t":"slow","v":110},"geometry":{"type":"LineString","coordinates":[[4.8961,44.937],[4.8929,44.9268]]}},{"type":"Feature","properties":{"t":"slow","v":140},"geometry":{"type":"LineString","coordinates":[[5.6589,48.7208],[5.7146,48.7109],[5.7313,48.6978],[5.7829,48.6797],[5.8606,48.6751],[5.906,48.688],[5.9312,48.6901],[5.9508,48.7074],[5.9786,48.7106],[5.9859,48.719],[5.9872,48.733],[6.0213,48.7532],[6.047,48.7567],[6.0744,48.748],[6.0971,48.758],[6.1299,48.7627],[6.1437,48.7563]]}},{"type":"Feature","properties":{"t":"slow","v":80},"geometry":{"type":"LineString","coordinates":[[3.4906,45.1011],[3.5033,45.0926],[3.5326,45.0864],[3.5272,45.0771],[3.5298,45.0719]]}},{"type":"Feature","properties":{"t":"slow","v":120},"geometry":{"type":"LineString","coordinates":[[2.3574,48.8887],[2.3444,48.942]]}},{"type":"Feature","properties":{"t":"slow","v":130},"geometry":{"type":"LineString","coordinates":[[7.0951,48.7428],[7.1204,48.7381],[7.1346,48.7254],[7.1866,48.7241]]}},{"type":"Feature","properties":{"t":"slow","v":90},"geometry":{"type":"LineString","coordinates":[[-1.7638,43.3705],[-1.7677,43.3598],[-1.7815,43.3538]]}},{"type":"Feature","properties":{"t":"slow","v":30},"geometry":{"type":"LineString","coordinates":[[5.1675,49.6291],[5.1568,49.6368],[5.1686,49.6554],[5.1694,49.6677],[5.162,49.6804]]}},{"type":"Feature","properties":{"t":"fast","v":170},"geometry":{"type":"LineString","coordinates":[[6.4983,48.9457],[6.5056,48.9458]]}},{"type":"Feature","properties":{"t":"slow","v":75},"geometry":{"type":"LineString","coordinates":[[1.7619,45.2551],[1.7711,45.2502],[1.7742,45.2572],[1.7885,45.2633],[1.7901,45.2727],[1.8037,45.283],[1.8086,45.295],[1.8256,45.3039],[1.8251,45.3098],[1.8329,45.3147],[1.8537,45.3079],[1.881,45.3294],[1.9157,45.3325],[1.9368,45.3429],[1.9718,45.3431],[1.9758,45.3522],[2.0068,45.3748],[2.0466,45.3892],[2.0599,45.4032],[2.0754,45.4017],[2.0856,45.4184],[2.0773,45.4352],[2.0942,45.4664],[2.1133,45.4872],[2.1314,45.4921],[2.1376,45.5025],[2.1516,45.5121],[2.148,45.5204],[2.1608,45.5293]]}},{"type":"Feature","properties":{"t":"slow","v":100},"geometry":{"type":"LineString","coordinates":[[4.4917,43.8069],[4.4884,43.8051]]}},{"type":"Feature","properties":{"t":"fast","v":160},"geometry":{"type":"LineString","coordinates":[[0.3503,46.61],[0.3508,46.6116]]}},{"type":"Feature","properties":{"t":"slow","v":140},"geometry":{"type":"LineString","coordinates":[[0.9015,47.5879],[0.8715,47.5323],[0.8233,47.5153],[0.7933,47.4988]]}},{"type":"Feature","properties":{"t":"slow","v":155},"geometry":{"type":"LineString","coordinates":[[4.0481,47.8537],[4.0603,47.8556],[4.0693,47.8509],[4.0627,47.8281],[4.0936,47.8013],[4.1141,47.7662],[4.1292,47.7591],[4.1596,47.7639],[4.1669,47.7593],[4.171,47.7429],[4.2091,47.7355],[4.212,47.7174],[4.2335,47.6938],[4.2221,47.6756],[4.2244,47.6693],[4.2407,47.6611],[4.2517,47.6483],[4.2773,47.639],[4.3012,47.6375],[4.3198,47.623],[4.3355,47.6186]]}},{"type":"Feature","properties":{"t":"slow","v":50},"geometry":{"type":"LineString","coordinates":[[6.1044,48.6101],[6.107,48.6138]]}},{"type":"Feature","properties":{"t":"slow","v":60},"geometry":{"type":"LineString","coordinates":[[2.3508,48.9111],[2.3262,48.9061],[2.3191,48.9119]]}},{"type":"Feature","properties":{"t":"slow","v":50},"geometry":{"type":"LineString","coordinates":[[-0.5106,44.9251],[-0.505,44.9284],[-0.5061,44.9334],[-0.5291,44.9466],[-0.5261,44.9654],[-0.5331,44.9889],[-0.5518,45.0077],[-0.5942,45.0289]]}},{"type":"Feature","properties":{"t":"slow","v":140},"geometry":{"type":"LineString","coordinates":[[0.6829,49.2714],[0.6867,49.2846],[0.7097,49.2921],[0.7861,49.2865],[0.8089,49.2987],[0.8217,49.3145],[0.8566,49.3222],[0.876,49.3403],[0.9689,49.3335],[0.9926,49.3183]]}},{"type":"Feature","properties":{"t":"slow","v":90},"geometry":{"type":"LineString","coordinates":[[4.3967,45.4444],[4.4182,45.4447],[4.4364,45.4358]]}},{"type":"Feature","properties":{"t":"slow","v":30},"geometry":{"type":"LineString","coordinates":[[7.6348,48.9519],[7.6338,48.9523]]}},{"type":"Feature","properties":{"t":"slow","v":130},"geometry":{"type":"LineString","coordinates":[[5.6687,45.241],[5.6728,45.2289],[5.6881,45.2163]]}},{"type":"Feature","properties":{"t":"slow","v":100},"geometry":{"type":"LineString","coordinates":[[7.068,49.1071],[7.0484,49.1119],[7.0202,49.1045],[6.958,49.1049],[6.9087,49.0879],[6.8561,49.1212],[6.8539,49.1408],[6.8278,49.1385]]}},{"type":"Feature","properties":{"t":"slow","v":30},"geometry":{"type":"LineString","coordinates":[[2.6824,50.5358],[2.6728,50.5346]]}},{"type":"Feature","properties":{"t":"slow","v":80},"geometry":{"type":"LineString","coordinates":[[2.5869,50.5304],[2.5742,50.5308],[2.5233,50.5084],[2.48,50.482],[2.4253,50.4787],[2.4178,50.4692],[2.4109,50.4269],[2.3559,50.378],[2.3413,50.3786]]}},{"type":"Feature","properties":{"t":"slow","v":30},"geometry":{"type":"LineString","coordinates":[[-0.3181,44.0503],[-0.3275,44.0353],[-0.3401,44.0287],[-0.3447,44.017],[-0.4058,43.9422],[-0.4876,43.887],[-0.5006,43.885]]}},{"type":"Feature","properties":{"t":"slow","v":40},"geometry":{"type":"LineString","coordinates":[[5.1343,47.5233],[5.1298,47.5202]]}},{"type":"Feature","properties":{"t":"slow","v":70},"geometry":{"type":"LineString","coordinates":[[1.4278,43.5695],[1.4195,43.5733],[1.4238,43.5908],[1.4165,43.5939]]}},{"type":"Feature","properties":{"t":"slow","v":100},"geometry":{"type":"LineString","coordinates":[[1.3343,43.6035],[1.3146,43.6159],[1.3082,43.6283],[1.2951,43.6214],[1.2407,43.6139],[1.2198,43.6219],[1.2185,43.6326],[1.1883,43.6435],[1.1784,43.6385],[1.1607,43.6406],[1.1506,43.6366]]}},{"type":"Feature","properties":{"t":"slow","v":30},"geometry":{"type":"LineString","coordinates":[[7.2268,47.6268],[7.2168,47.6171]]}},{"type":"Feature","properties":{"t":"fast","v":160},"geometry":{"type":"LineString","coordinates":[[2.7096,49.3415],[2.7437,49.3501],[2.7727,49.3787],[2.796,49.4103],[2.8132,49.4182]]}},{"type":"Feature","properties":{"t":"slow","v":130},"geometry":{"type":"LineString","coordinates":[[4.6296,46.8496],[4.6471,46.8732],[4.6972,46.909],[4.7324,46.9151],[4.7501,46.9049]]}},{"type":"Feature","properties":{"t":"slow","v":40},"geometry":{"type":"LineString","coordinates":[[4.633,43.6825],[4.6357,43.6769]]}},{"type":"Feature","properties":{"t":"slow","v":60},"geometry":{"type":"LineString","coordinates":[[5.0436,47.294],[5.0459,47.2941]]}},{"type":"Feature","properties":{"t":"slow","v":85},"geometry":{"type":"LineString","coordinates":[[4.2256,45.3856],[4.2421,45.403],[4.2496,45.4059],[4.254,45.4019]]}},{"type":"Feature","properties":{"t":"slow","v":30},"geometry":{"type":"LineString","coordinates":[[4.1226,44.2761],[4.1282,44.2712],[4.1444,44.2746],[4.1483,44.2665],[4.1607,44.2592],[4.1714,44.2691],[4.1918,44.2686],[4.1975,44.2538],[4.1915,44.2056],[4.1814,44.1856],[4.1608,44.1742],[4.1318,44.1663],[4.1073,44.1412],[4.0861,44.138],[4.081,44.1316]]}},{"type":"Feature","properties":{"t":"slow","v":40},"geometry":{"type":"LineString","coordinates":[[2.3733,51.0219],[2.3868,51.0208],[2.4036,51.0266],[2.4072,51.0377],[2.4172,51.0461]]}},{"type":"Feature","properties":{"t":"slow","v":40},"geometry":{"type":"LineString","coordinates":[[2.4734,48.8931],[2.4746,48.8917]]}},{"type":"Feature","properties":{"t":"slow","v":140},"geometry":{"type":"LineString","coordinates":[[1.61,50.7153],[1.6133,50.7192]]}},{"type":"Feature","properties":{"t":"fast","v":200},"geometry":{"type":"LineString","coordinates":[[0.1112,45.8369],[0.15,45.8124],[0.1516,45.7868]]}},{"type":"Feature","properties":{"t":"slow","v":110},"geometry":{"type":"LineString","coordinates":[[5.8707,45.7613],[5.8918,45.7392],[5.8895,45.7348],[5.8789,45.7332],[5.8814,45.7216],[5.8955,45.6999],[5.9083,45.6928]]}},{"type":"Feature","properties":{"t":"slow","v":40},"geometry":{"type":"LineString","coordinates":[[0.1079,43.8629],[0.1174,43.8555],[0.1169,43.8505],[0.0893,43.8289],[0.077,43.8062],[0.0612,43.8057],[0.0529,43.7999],[0.0407,43.8025],[0.0357,43.797],[0.0085,43.7886],[-0.007,43.7922],[-0.0261,43.7838],[-0.0304,43.7667],[-0.0264,43.752],[-0.004,43.7199],[-0.0002,43.7043],[0.0205,43.6873],[0.0233,43.6789],[0.0077,43.6648],[-0.003,43.6641],[-0.023,43.6726],[-0.0428,43.6535],[-0.0801,43.6503]]}},{"type":"Feature","properties":{"t":"fast","v":160},"geometry":{"type":"LineString","coordinates":[[4.7012,44.3066],[4.7026,44.2941]]}},{"type":"Feature","properties":{"t":"slow","v":60},"geometry":{"type":"LineString","coordinates":[[4.7805,44.7949],[4.7764,44.7943]]}},{"type":"Feature","properties":{"t":"slow","v":85},"geometry":{"type":"LineString","coordinates":[[3.0749,44.2876],[3.0714,44.3028],[3.0577,44.3221],[3.0546,44.3429],[3.0462,44.3469],[3.0324,44.3656],[3.0388,44.381],[3.0325,44.3994],[3.0376,44.409],[3.0558,44.4143],[3.0606,44.4218],[3.1029,44.4304]]}},{"type":"Feature","properties":{"t":"slow","v":140},"geometry":{"type":"LineString","coordinates":[[5.7725,45.844],[5.7791,45.8432]]}},{"type":"Feature","properties":{"t":"slow","v":130},"geometry":{"type":"LineString","coordinates":[[5.6547,45.8492],[5.6589,45.8611],[5.6702,45.8647],[5.7175,45.8621],[5.7725,45.844]]}},{"type":"Feature","properties":{"t":"slow","v":50},"geometry":{"type":"LineString","coordinates":[[0.245,46.6806],[0.2435,46.6808]]}},{"type":"Feature","properties":{"t":"slow","v":70},"geometry":{"type":"LineString","coordinates":[[2.9757,50.5996],[2.9737,50.6062]]}},{"type":"Feature","properties":{"t":"slow","v":130},"geometry":{"type":"LineString","coordinates":[[5.8487,48.6018],[5.8356,48.6464],[5.8382,48.6603]]}},{"type":"Feature","properties":{"t":"slow","v":130},"geometry":{"type":"LineString","coordinates":[[2.3055,48.8289],[2.2919,48.8182]]}},{"type":"Feature","properties":{"t":"slow","v":40},"geometry":{"type":"LineString","coordinates":[[-0.5595,44.8125],[-0.5641,44.8166]]}},{"type":"Feature","properties":{"t":"slow","v":100},"geometry":{"type":"LineString","coordinates":[[5.6042,48.0588],[5.6261,48.0713],[5.642,48.0885],[5.6989,48.1223],[5.7073,48.1196],[5.7109,48.1082],[5.753,48.0918],[5.795,48.0948],[5.8272,48.1097],[5.8606,48.1337],[5.8645,48.1468],[5.8816,48.1614],[5.893,48.1894],[5.9219,48.1916],[5.9423,48.2026]]}},{"type":"Feature","properties":{"t":"slow","v":120},"geometry":{"type":"LineString","coordinates":[[3.826,50.1914],[3.8358,50.1854]]}},{"type":"Feature","properties":{"t":"slow","v":100},"geometry":{"type":"LineString","coordinates":[[4.3131,46.6176],[4.3303,46.6283],[4.331,46.6442],[4.3862,46.6915],[4.3999,46.6982],[4.4007,46.7095],[4.4167,46.7266],[4.4226,46.7425],[4.4618,46.7611],[4.473,46.7621]]}},{"type":"Feature","properties":{"t":"slow","v":90},"geometry":{"type":"LineString","coordinates":[[3.2726,44.7884],[3.2689,44.8119],[3.2535,44.8337],[3.257,44.8426],[3.2527,44.8526]]}},{"type":"Feature","properties":{"t":"slow","v":70},"geometry":{"type":"LineString","coordinates":[[3.3063,44.6554],[3.3034,44.6812],[3.2912,44.7062]]}},{"type":"Feature","properties":{"t":"slow","v":110},"geometry":{"type":"LineString","coordinates":[[2.078,49.0535],[2.025,49.0758]]}},{"type":"Feature","properties":{"t":"slow","v":100},"geometry":{"type":"LineString","coordinates":[[2.1237,49.039],[2.1219,49.0542]]}},{"type":"Feature","properties":{"t":"slow","v":40},"geometry":{"type":"LineString","coordinates":[[6.1071,48.6139],[6.2216,48.603],[6.311,48.6251],[6.3479,48.6083],[6.3544,48.5981]]}},{"type":"Feature","properties":{"t":"slow","v":105},"geometry":{"type":"LineString","coordinates":[[4.7012,44.5839],[4.6851,44.5486],[4.6912,44.5373],[4.6893,44.5184]]}},{"type":"Feature","properties":{"t":"slow","v":30},"geometry":{"type":"LineString","coordinates":[[-0.9053,43.5236],[-0.9034,43.519]]}},{"type":"Feature","properties":{"t":"slow","v":140},"geometry":{"type":"LineString","coordinates":[[3.0413,50.6546],[3.0136,50.6622],[2.8682,50.6822],[2.7427,50.7292],[2.7284,50.7276],[2.6937,50.7108],[2.6744,50.7082],[2.5188,50.7282]]}},{"type":"Feature","properties":{"t":"slow","v":90},"geometry":{"type":"LineString","coordinates":[[2.4311,48.9105],[2.44,48.9041],[2.4651,48.9044],[2.4793,48.888],[2.5067,48.8832],[2.5262,48.8732],[2.5211,48.8574],[2.5269,48.8432],[2.516,48.8256],[2.526,48.7951],[2.5224,48.7879],[2.509,48.7802],[2.5078,48.7716]]}},{"type":"Feature","properties":{"t":"slow","v":130},"geometry":{"type":"LineString","coordinates":[[4.0351,49.2693],[4.023,49.3218],[3.9922,49.34],[3.9793,49.3928],[3.9594,49.438],[3.9392,49.4602],[3.9044,49.4899],[3.8873,49.4973],[3.8527,49.5317],[3.7804,49.5551],[3.6246,49.5707]]}},{"type":"Feature","properties":{"t":"slow","v":40},"geometry":{"type":"LineString","coordinates":[[7.1511,48.7672],[7.154,48.7699],[7.1486,48.7896],[7.1581,48.7954],[7.1654,48.8153],[7.1654,48.8243],[7.1556,48.8404],[7.1611,48.8499],[7.186,48.8588],[7.1851,48.8699]]}},{"type":"Feature","properties":{"t":"slow","v":30},"geometry":{"type":"LineString","coordinates":[[7.5517,48.0188],[7.5567,48.0188]]}},{"type":"Feature","properties":{"t":"slow","v":80},"geometry":{"type":"LineString","coordinates":[[5.1806,44.6905],[5.1991,44.6949],[5.2232,44.6864],[5.2371,44.6878],[5.2626,44.711],[5.267,44.7331],[5.2636,44.7467],[5.2743,44.7631],[5.3312,44.7663],[5.3634,44.7581],[5.3709,44.7489]]}},{"type":"Feature","properties":{"t":"slow","v":85},"geometry":{"type":"LineString","coordinates":[[3.7467,47.6205],[3.7694,47.5985],[3.7785,47.5627],[3.7971,47.5568],[3.7935,47.5242],[3.8173,47.5145],[3.8344,47.5142]]}},{"type":"Feature","properties":{"t":"slow","v":110},"geometry":{"type":"LineString","coordinates":[[2.4755,49.7771],[2.4523,49.8083],[2.4302,49.8152],[2.4229,49.8307],[2.4064,49.8353],[2.3819,49.8575],[2.362,49.8622]]}},{"type":"Feature","properties":{"t":"fast","v":200},"geometry":{"type":"LineString","coordinates":[[3.073,46.8968],[3.1005,46.8855],[3.1172,46.8661],[3.1105,46.7845],[3.1233,46.772]]}},{"type":"Feature","properties":{"t":"slow","v":30},"geometry":{"type":"LineString","coordinates":[[-0.6894,47.8422],[-0.6973,47.8382],[-0.6943,47.8303]]}},{"type":"Feature","properties":{"t":"slow","v":100},"geometry":{"type":"LineString","coordinates":[[1.2702,48.0176],[1.2411,47.9984],[1.2536,47.9822],[1.2527,47.9745],[1.215,47.9489],[1.2051,47.9318],[1.2083,47.9175],[1.2217,47.8997],[1.2046,47.8887],[1.1759,47.8875],[1.1173,47.8535],[1.095,47.8469],[1.0819,47.8325],[1.0877,47.809],[1.0671,47.802]]}},{"type":"Feature","properties":{"t":"slow","v":30},"geometry":{"type":"LineString","coordinates":[[4.6017,45.8113],[4.5629,45.7604],[4.5411,45.7453],[4.5127,45.7383],[4.4832,45.7139],[4.4666,45.707]]}},{"type":"Feature","properties":{"t":"slow","v":110},"geometry":{"type":"LineString","coordinates":[[2.7994,48.4066],[2.8016,48.392],[2.8284,48.394],[2.8426,48.3864]]}},{"type":"Feature","properties":{"t":"fast","v":160},"geometry":{"type":"LineString","coordinates":[[0.1954,47.9947],[0.1777,48.0025],[0.1691,48.0382],[0.1472,48.0798],[0.1026,48.0946],[0.0299,48.1052],[0.0103,48.1195],[-0.0488,48.1426],[-0.0599,48.1517],[-0.0615,48.1638],[-0.0706,48.1715],[-0.1111,48.1825],[-0.1631,48.1748],[-0.1822,48.1634],[-0.2403,48.1498],[-0.2804,48.135],[-0.3126,48.136],[-0.331,48.1276],[-0.3417,48.1286],[-0.3603,48.1409],[-0.3838,48.1448],[-0.409,48.1611],[-0.4747,48.158],[-0.5861,48.1308],[-0.6364,48.1319],[-0.7027,48.1153],[-0.7184,48.1056],[-0.7386,48.08],[-0.7513,48.0761],[-0.8028,48.0761],[-0.8735,48.0974],[-0.9093,48.0932],[-0.9315,48.0957],[-0.9682,48.1074],[-0.9915,48.1205],[-1.0303,48.1128],[-1.1265,48.1121],[-1.1685,48.1245],[-1.2109,48.1226]]}},{"type":"Feature","properties":{"t":"slow","v":30},"geometry":{"type":"LineString","coordinates":[[1.0543,49.4257],[1.0245,49.4194]]}},{"type":"Feature","properties":{"t":"fast","v":160},"geometry":{"type":"LineString","coordinates":[[3.3313,46.5788],[3.3406,46.5699],[3.3382,46.5548],[3.3497,46.5361]]}},{"type":"Feature","properties":{"t":"slow","v":50},"geometry":{"type":"LineString","coordinates":[[5.6533,46.2599],[5.6531,46.2595]]}},{"type":"Feature","properties":{"t":"fast","v":160},"geometry":{"type":"LineString","coordinates":[[4.3692,49.0704],[4.3708,49.0694]]}},{"type":"Feature","properties":{"t":"slow","v":30},"geometry":{"type":"LineString","coordinates":[[1.8396,50.9473],[1.8327,50.9535],[1.835,50.9579],[1.8548,50.9625],[1.8585,50.957]]}},{"type":"Feature","properties":{"t":"slow","v":80},"geometry":{"type":"LineString","coordinates":[[2.7887,49.7484],[2.789,49.7539]]}},{"type":"Feature","properties":{"t":"slow","v":150},"geometry":{"type":"LineString","coordinates":[[-0.1731,48.7172],[-0.1961,48.7084],[-0.2307,48.7094]]}},{"type":"Feature","properties":{"t":"slow","v":115},"geometry":{"type":"LineString","coordinates":[[6.5212,47.4167],[6.5514,47.4179],[6.587,47.4505],[6.6005,47.4509],[6.6155,47.4436],[6.679,47.45],[6.723,47.4731],[6.7621,47.4744],[6.8027,47.501],[6.8015,47.5105]]}},{"type":"Feature","properties":{"t":"slow","v":80},"geometry":{"type":"LineString","coordinates":[[2.0456,44.3728],[2.0535,44.3648],[2.0524,44.3588],[2.0321,44.3447],[2.0295,44.3353],[2.0157,44.3291],[2.021,44.3125],[2.0102,44.2886],[2.0027,44.2837],[2.0007,44.2464],[1.9759,44.2213],[1.9759,44.2161],[1.9828,44.2113],[1.9762,44.2055],[1.9761,44.1964],[1.9834,44.191],[1.9836,44.1793],[1.974,44.1702],[1.9779,44.1631],[1.9723,44.1585],[1.9735,44.1478],[1.9696,44.1455]]}},{"type":"Feature","properties":{"t":"slow","v":100},"geometry":{"type":"LineString","coordinates":[[4.8228,43.9514],[4.8212,43.9431],[4.832,43.938]]}},{"type":"Feature","properties":{"t":"slow","v":100},"geometry":{"type":"LineString","coordinates":[[6.1995,47.2926],[6.2079,47.3037],[6.2317,47.2981],[6.2373,47.3074],[6.2527,47.3102],[6.2667,47.3212],[6.2833,47.3234],[6.2957,47.3306],[6.3104,47.3308],[6.319,47.3422],[6.335,47.3438],[6.3508,47.3535],[6.4141,47.3598],[6.4247,47.3741],[6.4462,47.366],[6.4596,47.3751],[6.4917,47.3712],[6.5018,47.3812],[6.4921,47.3966]]}},{"type":"Feature","properties":{"t":"slow","v":30},"geometry":{"type":"LineString","coordinates":[[-1.7815,43.3538],[-1.8029,43.3381]]}},{"type":"Feature","properties":{"t":"slow","v":100},"geometry":{"type":"LineString","coordinates":[[5.7424,45.0853],[5.7037,45.0447],[5.6852,45.0476]]}},{"type":"Feature","properties":{"t":"fast","v":170},"geometry":{"type":"LineString","coordinates":[[4.7383,43.9414],[4.7753,43.9259]]}},{"type":"Feature","properties":{"t":"fast","v":160},"geometry":{"type":"LineString","coordinates":[[4.8488,45.7227],[4.8513,45.717],[4.9441,45.6828],[5.0779,45.6526],[5.0931,45.6396],[5.1256,45.6373],[5.2277,45.6018]]}},{"type":"Feature","properties":{"t":"slow","v":140},"geometry":{"type":"LineString","coordinates":[[5.4729,45.2547],[5.4865,45.2926],[5.4947,45.3034],[5.5333,45.3201],[5.5647,45.324]]}},{"type":"Feature","properties":{"t":"slow","v":150},"geometry":{"type":"LineString","coordinates":[[2.2906,48.5827],[2.292,48.5348],[2.2511,48.5191],[2.2152,48.514],[2.1935,48.4922],[2.1886,48.4753],[2.1696,48.4575],[2.1679,48.4414],[2.1576,48.4361]]}},{"type":"Feature","properties":{"t":"fast","v":160},"geometry":{"type":"LineString","coordinates":[[1.6821,43.7764],[1.6203,43.7514]]}},{"type":"Feature","properties":{"t":"slow","v":90},"geometry":{"type":"LineString","coordinates":[[2.4991,48.8291],[2.5069,48.8224],[2.5027,48.8114],[2.5161,48.8022],[2.5075,48.7857],[2.5068,48.7672],[2.4264,48.7538],[2.411,48.7372],[2.416,48.7217],[2.4031,48.7123]]}},{"type":"Feature","properties":{"t":"slow","v":50},"geometry":{"type":"LineString","coordinates":[[6.5325,49.289],[6.541,49.2885],[6.548,49.3034],[6.5741,49.3181],[6.5784,49.328],[6.591,49.336]]}},{"type":"Feature","properties":{"t":"fast","v":160},"geometry":{"type":"LineString","coordinates":[[1.5327,44.1607],[1.4551,44.097],[1.337,44.0252],[1.3388,44.0163]]}},{"type":"Feature","properties":{"t":"slow","v":110},"geometry":{"type":"LineString","coordinates":[[1.6203,43.7514],[1.6115,43.7477],[1.6017,43.7336],[1.6037,43.7181],[1.5923,43.7122],[1.5764,43.7133],[1.5686,43.7077]]}},{"type":"Feature","properties":{"t":"slow","v":40},"geometry":{"type":"LineString","coordinates":[[2.383,49.6283],[2.3722,49.6339],[2.3425,49.6241],[2.3011,49.6279]]}},{"type":"Feature","properties":{"t":"slow","v":90},"geometry":{"type":"LineString","coordinates":[[2.0933,48.7951],[2.0735,48.7987]]}},{"type":"Feature","properties":{"t":"slow","v":40},"geometry":{"type":"LineString","coordinates":[[4.6262,43.6837],[4.552,43.6848],[4.407,43.6681],[4.3704,43.6636],[4.3212,43.6481],[4.2797,43.6503],[4.2614,43.6598],[4.2562,43.6794],[4.2374,43.6837]]}},{"type":"Feature","properties":{"t":"slow","v":35},"geometry":{"type":"LineString","coordinates":[[6.7199,45.9263],[6.7344,45.9328],[6.7613,45.9265],[6.7671,45.9208],[6.7678,45.9105],[6.7846,45.8973],[6.797,45.8937]]}},{"type":"Feature","properties":{"t":"lgv","v":300},"geometry":{"type":"LineString","coordinates":[[1.116,48.0862],[1.0756,48.0766]]}},{"type":"Feature","properties":{"t":"slow","v":110},"geometry":{"type":"LineString","coordinates":[[-0.5276,45.7028],[-0.5264,45.7011]]}},{"type":"Feature","properties":{"t":"slow","v":140},"geometry":{"type":"LineString","coordinates":[[2.2846,49.8929],[2.2734,49.8967],[2.2644,49.9066],[2.2194,49.9177],[2.1815,49.936],[2.1317,49.949],[2.103,49.9669],[2.0721,49.9765],[2.0392,50.0085],[2.007,50.0097],[1.9847,50.0203],[1.9126,50.0355],[1.8932,50.0528],[1.8353,50.077],[1.8262,50.0896],[1.8261,50.1],[1.8097,50.1215],[1.7723,50.1322],[1.7538,50.148],[1.7059,50.1752],[1.7061,50.2157],[1.6646,50.2924],[1.6557,50.3369],[1.6622,50.3679],[1.6479,50.4184],[1.6499,50.4523],[1.6441,50.5148],[1.6268,50.5252],[1.6129,50.5581],[1.6163,50.5865],[1.6294,50.6002],[1.6385,50.62],[1.6577,50.637]]}},{"type":"Feature","properties":{"t":"fast","v":160},"geometry":{"type":"LineString","coordinates":[[4.8677,46.2694],[4.8801,46.2727],[4.892,46.2683]]}},{"type":"Feature","properties":{"t":"fast","v":160},"geometry":{"type":"LineString","coordinates":[[-1.7765,47.8721],[-1.7751,47.8564],[-1.7812,47.8394],[-1.8021,47.8327],[-1.8347,47.8109],[-1.837,47.7753]]}},{"type":"Feature","properties":{"t":"slow","v":60},"geometry":{"type":"LineString","coordinates":[[5.5659,48.7928],[5.5611,48.7897],[5.5647,48.7856]]}},{"type":"Feature","properties":{"t":"fast","v":160},"geometry":{"type":"LineString","coordinates":[[2.4844,50.7739],[2.4727,50.7806]]}},{"type":"Feature","properties":{"t":"lgv","v":300},"geometry":{"type":"LineString","coordinates":[[2.8894,50.6488],[2.8066,50.6803],[2.6974,50.7112],[2.6353,50.734],[2.3797,50.7989],[2.2684,50.84],[2.1174,50.8454],[2.0888,50.84],[2.0389,50.8216],[1.9661,50.8192],[1.8825,50.8409],[1.8459,50.8557],[1.8287,50.8708]]}},{"type":"Feature","properties":{"t":"slow","v":140},"geometry":{"type":"LineString","coordinates":[[2.6368,47.6989],[2.6399,47.6918],[2.6852,47.6715]]}},{"type":"Feature","properties":{"t":"slow","v":60},"geometry":{"type":"LineString","coordinates":[[4.8717,45.8177],[4.8773,45.821]]}},{"type":"Feature","properties":{"t":"slow","v":60},"geometry":{"type":"LineString","coordinates":[[2.0887,48.9551],[2.0808,48.951]]}},{"type":"Feature","properties":{"t":"slow","v":100},"geometry":{"type":"LineString","coordinates":[[6.0853,44.5637],[6.1136,44.5755],[6.1494,44.5765],[6.168,44.5748],[6.1935,44.565]]}},{"type":"Feature","properties":{"t":"slow","v":130},"geometry":{"type":"LineString","coordinates":[[-1.2043,47.0531],[-1.1563,47.0474],[-1.1216,47.0356]]}},{"type":"Feature","properties":{"t":"fast","v":200},"geometry":{"type":"LineString","coordinates":[[0.0682,49.105],[0.0219,49.0871],[-0.0269,49.076],[-0.089,49.0723],[-0.3425,49.1776]]}},{"type":"Feature","properties":{"t":"slow","v":90},"geometry":{"type":"LineString","coordinates":[[0.9909,44.8196],[1.0154,44.83],[1.0391,44.8609],[1.0483,44.8646],[1.0712,44.8549],[1.0945,44.8353],[1.158,44.835]]}},{"type":"Feature","properties":{"t":"slow","v":60},"geometry":{"type":"LineString","coordinates":[[3.0813,50.6112],[3.1032,50.6086],[3.1166,50.5927]]}},{"type":"Feature","properties":{"t":"slow","v":100},"geometry":{"type":"LineString","coordinates":[[-0.9304,45.667],[-0.9434,45.67],[-1.0173,45.6254]]}},{"type":"Feature","properties":{"t":"slow","v":30},"geometry":{"type":"LineString","coordinates":[[-0.7426,48.0775],[-0.7178,48.0743]]}},{"type":"Feature","properties":{"t":"fast","v":170},"geometry":{"type":"LineString","coordinates":[[6.4372,48.9653],[6.4602,48.9682]]}},{"type":"Feature","properties":{"t":"slow","v":30},"geometry":{"type":"LineString","coordinates":[[7.7247,48.5994],[7.7287,48.5949]]}},{"type":"Feature","properties":{"t":"slow","v":45},"geometry":{"type":"LineString","coordinates":[[1.9405,42.4575],[1.9059,42.4581]]}},{"type":"Feature","properties":{"t":"slow","v":40},"geometry":{"type":"LineString","coordinates":[[-3.0737,47.872],[-3.0855,47.8772],[-3.0778,47.8875],[-3.0765,47.9103],[-3.0811,47.917],[-3.0689,47.9288],[-3.072,47.9384],[-3.0531,47.9622],[-3.0574,47.9735],[-3.0315,47.9887],[-3.0115,47.9865],[-3.0164,47.9956],[-3.0105,48.0021],[-2.9911,48.0024],[-3.0025,48.0144],[-2.9764,48.021],[-2.965,48.0475],[-2.9658,48.0616]]}},{"type":"Feature","properties":{"t":"slow","v":30},"geometry":{"type":"LineString","coordinates":[[1.4967,46.6095],[1.4972,46.6088]]}},{"type":"Feature","properties":{"t":"slow","v":40},"geometry":{"type":"LineString","coordinates":[[6.1573,49.1658],[6.1706,49.1538],[6.1819,49.1539],[6.1768,49.191],[6.1908,49.1991]]}},{"type":"Feature","properties":{"t":"slow","v":110},"geometry":{"type":"LineString","coordinates":[[-0.225,45.6569],[-0.2135,45.6606],[-0.2097,45.6723],[-0.1818,45.6724],[-0.1682,45.6678]]}},{"type":"Feature","properties":{"t":"slow","v":120},"geometry":{"type":"LineString","coordinates":[[1.3471,45.6995],[1.3699,45.694],[1.4165,45.6699],[1.4344,45.6545],[1.4439,45.6287]]}},{"type":"Feature","properties":{"t":"slow","v":100},"geometry":{"type":"LineString","coordinates":[[-1.1216,47.0356],[-1.0895,47.0324],[-1.0554,47.0385],[-0.9815,47.0113]]}},{"type":"Feature","properties":{"t":"slow","v":80},"geometry":{"type":"LineString","coordinates":[[2.3221,48.8811],[2.3086,48.8917]]}},{"type":"Feature","properties":{"t":"slow","v":110},"geometry":{"type":"LineString","coordinates":[[2.4028,48.7419],[2.3881,48.753],[2.3417,48.7388],[2.3119,48.7479],[2.2636,48.7298]]}},{"type":"Feature","properties":{"t":"fast","v":160},"geometry":{"type":"LineString","coordinates":[[3.2918,48.4725],[3.3369,48.4845],[3.3658,48.4844],[3.4475,48.4975],[3.4881,48.4951],[3.5148,48.5108],[3.5395,48.5066],[3.6022,48.5142],[3.7161,48.5193],[3.7431,48.5084],[3.8533,48.4996],[3.8848,48.4842],[3.9581,48.3946],[4.0576,48.3138],[4.0696,48.2894],[4.0973,48.2656],[4.2369,48.2565],[4.3139,48.2299],[4.3492,48.2239],[4.4904,48.2428],[4.5249,48.2553]]}},{"type":"Feature","properties":{"t":"slow","v":100},"geometry":{"type":"LineString","coordinates":[[2.2971,44.9162],[2.3422,44.906],[2.3524,44.9111],[2.3656,44.9104],[2.3813,44.899],[2.403,44.897],[2.414,44.8994],[2.4362,44.9213]]}},{"type":"Feature","properties":{"t":"slow","v":40},"geometry":{"type":"LineString","coordinates":[[3.2473,50.4781],[3.2348,50.4862],[3.2307,50.5066],[3.2221,50.5209],[3.2195,50.5502],[3.203,50.5703],[3.2007,50.5911],[3.1874,50.6168],[3.1639,50.6217]]}},{"type":"Feature","properties":{"t":"slow","v":140},"geometry":{"type":"LineString","coordinates":[[2.0756,48.7988],[2.0731,48.7989]]}},{"type":"Feature","properties":{"t":"fast","v":160},"geometry":{"type":"LineString","coordinates":[[4.7073,48.2384],[4.7313,48.218],[4.7838,48.1985],[4.7918,48.1874],[4.7837,48.1705],[4.7888,48.1621],[4.8346,48.1528],[4.8973,48.129],[4.9368,48.0984],[4.9653,48.087],[5.0359,48.098],[5.074,48.1133],[5.0981,48.1131]]}},{"type":"Feature","properties":{"t":"slow","v":90},"geometry":{"type":"LineString","coordinates":[[5.0846,49.1473],[5.1164,49.1399],[5.135,49.1447],[5.1749,49.1407],[5.2058,49.1304],[5.2194,49.1166],[5.2404,49.1133],[5.2546,49.1168],[5.2684,49.1117],[5.2912,49.1205],[5.2981,49.1317],[5.3653,49.157],[5.3862,49.1762],[5.4208,49.1673],[5.4643,49.1875],[5.4959,49.1844],[5.585,49.2071],[5.6114,49.2107],[5.6386,49.208],[5.6648,49.1862],[5.6853,49.1777],[5.7616,49.1617],[5.8242,49.1637],[5.85,49.1721],[5.8849,49.167],[5.8914,49.1696],[5.9123,49.2001],[5.9779,49.2195],[5.9979,49.2182]]}},{"type":"Feature","properties":{"t":"slow","v":150},"geometry":{"type":"LineString","coordinates":[[-1.6205,47.1961],[-1.6763,47.2111],[-1.7009,47.2125],[-1.7286,47.2235],[-1.7342,47.2287],[-1.7361,47.2403],[-1.7451,47.2477]]}},{"type":"Feature","properties":{"t":"slow","v":60},"geometry":{"type":"LineString","coordinates":[[2.8943,46.2231],[2.868,46.211],[2.8542,46.1923],[2.8477,46.1904],[2.8335,46.1625],[2.8263,46.157]]}},{"type":"Feature","properties":{"t":"slow","v":40},"geometry":{"type":"LineString","coordinates":[[4.3517,48.9515],[4.3559,48.931]]}},{"type":"Feature","properties":{"t":"slow","v":30},"geometry":{"type":"LineString","coordinates":[[0.1887,49.5015],[0.1791,49.4959],[0.1807,49.4872]]}},{"type":"Feature","properties":{"t":"lgv","v":300},"geometry":{"type":"LineString","coordinates":[[-0.4114,45.0344],[-0.4311,44.9755]]}},{"type":"Feature","properties":{"t":"slow","v":55},"geometry":{"type":"LineString","coordinates":[[-3.1908,48.6893],[-3.1755,48.6912],[-3.1744,48.6961],[-3.1631,48.6985],[-3.1534,48.7071],[-3.1363,48.7095],[-3.1286,48.7284],[-3.1324,48.7338],[-3.1444,48.7367],[-3.144,48.7436],[-3.1227,48.7536],[-3.1181,48.7618]]}},{"type":"Feature","properties":{"t":"slow","v":30},"geometry":{"type":"LineString","coordinates":[[6.5983,48.0169],[6.6055,48.0124]]}},{"type":"Feature","properties":{"t":"slow","v":100},"geometry":{"type":"LineString","coordinates":[[6.1767,45.5632],[6.1803,45.5697],[6.207,45.5823],[6.2402,45.5943],[6.264,45.5952],[6.3062,45.6294],[6.3195,45.6318],[6.3204,45.6362]]}},{"type":"Feature","properties":{"t":"slow","v":50},"geometry":{"type":"LineString","coordinates":[[-1.5147,47.2224],[-1.5245,47.2202]]}},{"type":"Feature","properties":{"t":"slow","v":90},"geometry":{"type":"LineString","coordinates":[[2.8667,45.1088],[2.9003,45.108],[2.9401,45.1254],[2.9763,45.1251]]}},{"type":"Feature","properties":{"t":"slow","v":125},"geometry":{"type":"LineString","coordinates":[[4.7526,45.4493],[4.7373,45.4147],[4.7378,45.3996],[4.746,45.3917],[4.7511,45.3716]]}},{"type":"Feature","properties":{"t":"slow","v":60},"geometry":{"type":"LineString","coordinates":[[3.2414,49.7076],[3.2542,49.7136]]}},{"type":"Feature","properties":{"t":"slow","v":120},"geometry":{"type":"LineString","coordinates":[[4.0844,49.9143],[4.0757,49.9058],[4.1004,49.8973],[4.1211,49.884],[4.1209,49.8685],[4.1279,49.8587],[4.1677,49.841],[4.1901,49.8403],[4.2455,49.8111],[4.3165,49.7932],[4.3355,49.7691]]}},{"type":"Feature","properties":{"t":"slow","v":60},"geometry":{"type":"LineString","coordinates":[[3.5433,45.8612],[3.5652,45.8658],[3.5857,45.8635],[3.6186,45.8707],[3.6508,45.8665],[3.6925,45.8783],[3.7162,45.8687],[3.745,45.8396],[3.7537,45.8233],[3.762,45.8192],[3.757,45.8112],[3.764,45.8042],[3.7798,45.8027],[3.8118,45.8138],[3.8265,45.8128],[3.8411,45.822],[3.862,45.8255],[3.8688,45.8153],[3.9099,45.787],[3.9201,45.7867],[3.958,45.7555],[3.9983,45.7459]]}},{"type":"Feature","properties":{"t":"fast","v":160},"geometry":{"type":"LineString","coordinates":[[-0.3096,47.8659],[-0.3212,47.8565]]}},{"type":"Feature","properties":{"t":"slow","v":140},"geometry":{"type":"LineString","coordinates":[[-0.1682,45.6678],[-0.0877,45.6391],[-0.0501,45.5999]]}},{"type":"Feature","properties":{"t":"slow","v":60},"geometry":{"type":"LineString","coordinates":[[5.7546,44.5187],[5.7548,44.5179]]}},{"type":"Feature","properties":{"t":"slow","v":50},"geometry":{"type":"LineString","coordinates":[[5.6436,44.77],[5.6534,44.7651],[5.6468,44.7552],[5.6789,44.7443],[5.6747,44.7369],[5.678,44.7249]]}},{"type":"Feature","properties":{"t":"slow","v":60},"geometry":{"type":"LineString","coordinates":[[3.8232,50.1886],[3.8346,50.1866]]}},{"type":"Feature","properties":{"t":"slow","v":95},"geometry":{"type":"LineString","coordinates":[[6.4503,44.546],[6.4714,44.5516],[6.4962,44.5668]]}},{"type":"Feature","properties":{"t":"slow","v":40},"geometry":{"type":"LineString","coordinates":[[-0.609,43.7553],[-0.5904,43.7636],[-0.5601,43.7651],[-0.5531,43.8016],[-0.5192,43.8629],[-0.5233,43.8753],[-0.5178,43.8827],[-0.5041,43.8847]]}},{"type":"Feature","properties":{"t":"slow","v":40},"geometry":{"type":"LineString","coordinates":[[2.8758,50.6807],[2.7979,50.6592],[2.7624,50.6307],[2.7268,50.6392],[2.7039,50.631],[2.6911,50.6313]]}},{"type":"Feature","properties":{"t":"slow","v":30},"geometry":{"type":"LineString","coordinates":[[3.6998,43.4135],[3.7095,43.4209],[3.6905,43.4538]]}},{"type":"Feature","properties":{"t":"fast","v":160},"geometry":{"type":"LineString","coordinates":[[1.8031,50.9123],[1.7857,50.9209]]}},{"type":"Feature","properties":{"t":"slow","v":30},"geometry":{"type":"LineString","coordinates":[[2.2956,48.884],[2.3009,48.8865]]}},{"type":"Feature","properties":{"t":"slow","v":30},"geometry":{"type":"LineString","coordinates":[[6.8063,47.6814],[6.8253,47.6897],[6.8305,47.7379]]}},{"type":"Feature","properties":{"t":"slow","v":40},"geometry":{"type":"LineString","coordinates":[[0.3932,43.1141],[0.3785,43.1123],[0.3756,43.1006],[0.3601,43.0801],[0.379,43.004],[0.374,42.9981],[0.3829,42.963],[0.3791,42.954]]}},{"type":"Feature","properties":{"t":"slow","v":30},"geometry":{"type":"LineString","coordinates":[[2.3355,50.3795],[2.3307,50.3806]]}},{"type":"Feature","properties":{"t":"slow","v":80},"geometry":{"type":"LineString","coordinates":[[2.3566,48.8811],[2.3457,48.8688],[2.3473,48.8605]]}},{"type":"Feature","properties":{"t":"slow","v":75},"geometry":{"type":"LineString","coordinates":[[3.0631,44.0922],[3.0989,44.126],[3.101,44.1404],[3.0964,44.1563],[3.1105,44.1632],[3.1195,44.1732],[3.1225,44.185],[3.0993,44.1998],[3.0983,44.2119],[3.0808,44.2155],[3.0628,44.2379]]}},{"type":"Feature","properties":{"t":"slow","v":30},"geometry":{"type":"LineString","coordinates":[[5.9046,49.3135],[5.9043,49.3197],[5.9189,49.3332],[5.9128,49.3426],[5.919,49.351],[5.904,49.3657]]}},{"type":"Feature","properties":{"t":"slow","v":120},"geometry":{"type":"LineString","coordinates":[[3.8887,46.1347],[3.8987,46.1251],[3.9,46.1135],[3.9468,46.0915]]}},{"type":"Feature","properties":{"t":"slow","v":110},"geometry":{"type":"LineString","coordinates":[[-0.3942,45.4117],[-0.3942,45.4002],[-0.3845,45.3894]]}},{"type":"Feature","properties":{"t":"slow","v":40},"geometry":{"type":"LineString","coordinates":[[3.4942,49.0668],[3.5127,49.0645],[3.5174,49.0433],[3.5291,49.0256],[3.5579,49.0029],[3.558,48.9937],[3.5443,48.975],[3.5622,48.9459],[3.5528,48.9321]]}},{"type":"Feature","properties":{"t":"slow","v":120},"geometry":{"type":"LineString","coordinates":[[-0.5264,45.7011],[-0.4676,45.676],[-0.421,45.6751],[-0.4043,45.669]]}},{"type":"Feature","properties":{"t":"slow","v":90},"geometry":{"type":"LineString","coordinates":[[2.367,48.8405],[2.3797,48.8272]]}},{"type":"Feature","properties":{"t":"fast","v":230},"geometry":{"type":"LineString","coordinates":[[5.3266,43.4348],[5.3352,43.4124],[5.3367,43.3724],[5.343,43.3618]]}},{"type":"Feature","properties":{"t":"fast","v":160},"geometry":{"type":"LineString","coordinates":[[7.6958,48.6901],[7.7082,48.6884],[7.7151,48.6786]]}},{"type":"Feature","properties":{"t":"fast","v":160},"geometry":{"type":"LineString","coordinates":[[4.6689,43.8107],[4.6578,43.8013]]}},{"type":"Feature","properties":{"t":"slow","v":145},"geometry":{"type":"LineString","coordinates":[[1.4918,46.2404],[1.496,46.2277],[1.4838,46.2173],[1.474,46.1991],[1.4212,46.1623],[1.4184,46.1493],[1.4344,46.1315],[1.4287,46.1162]]}},{"type":"Feature","properties":{"t":"slow","v":100},"geometry":{"type":"LineString","coordinates":[[5.3876,43.4236],[5.3653,43.4149],[5.3707,43.4045],[5.3528,43.3852],[5.3525,43.3742],[5.3937,43.3376],[5.3933,43.3154]]}},{"type":"Feature","properties":{"t":"slow","v":40},"geometry":{"type":"LineString","coordinates":[[3.6148,49.3053],[3.6825,49.3109]]}},{"type":"Feature","properties":{"t":"slow","v":110},"geometry":{"type":"LineString","coordinates":[[3.0826,50.3562],[3.0923,50.3618],[3.0902,50.3814]]}},{"type":"Feature","properties":{"t":"slow","v":110},"geometry":{"type":"LineString","coordinates":[[3.8343,47.5142],[3.9005,47.5314]]}},{"type":"Feature","properties":{"t":"slow","v":30},"geometry":{"type":"LineString","coordinates":[[1.8702,48.2114],[1.8745,48.2064],[1.9313,48.1889],[1.9392,48.192]]}},{"type":"Feature","properties":{"t":"slow","v":150},"geometry":{"type":"LineString","coordinates":[[2.9935,43.1825],[2.9896,43.1788],[2.9917,43.1704],[3.0275,43.143],[3.03,43.1092],[3.0217,43.0708],[3.0264,43.0599],[3.0465,43.0411],[3.0387,43.0198],[3.0441,42.9898],[3.0034,42.9178],[2.9918,42.8733],[2.9224,42.8426],[2.9073,42.8057],[2.8923,42.7912],[2.8675,42.7775],[2.8659,42.7705],[2.8804,42.737],[2.8717,42.7151],[2.8794,42.6962]]}},{"type":"Feature","properties":{"t":"fast","v":160},"geometry":{"type":"LineString","coordinates":[[3.3097,45.9851],[3.2951,45.9834],[3.2645,45.9681],[3.2125,45.9134],[3.1334,45.8998],[3.1207,45.8879]]}},{"type":"Feature","properties":{"t":"fast","v":200},"geometry":{"type":"LineString","coordinates":[[-3.4715,48.6066],[-3.4832,48.607],[-3.506,48.5955],[-3.5817,48.5776]]}},{"type":"Feature","properties":{"t":"slow","v":20},"geometry":{"type":"LineString","coordinates":[[-1.4722,43.4824],[-1.485,43.4805],[-1.4886,43.484],[-1.4908,43.4963],[-1.4787,43.496]]}},{"type":"Feature","properties":{"t":"slow","v":30},"geometry":{"type":"LineString","coordinates":[[2.7443,48.0034],[2.7506,47.991],[2.7836,47.9663],[2.8111,47.9574],[2.8564,47.9509],[2.8946,47.935],[2.9052,47.926],[2.947,47.928],[2.9842,47.9431]]}},{"type":"Feature","properties":{"t":"slow","v":40},"geometry":{"type":"LineString","coordinates":[[1.3384,48.0734],[1.3395,48.0852],[1.3463,48.0881],[1.4157,48.0695],[1.6923,48.055],[1.6996,48.0501]]}},{"type":"Feature","properties":{"t":"slow","v":130},"geometry":{"type":"LineString","coordinates":[[7.7316,48.5829],[7.7058,48.5675],[7.7005,48.5579]]}},{"type":"Feature","properties":{"t":"fast","v":160},"geometry":{"type":"LineString","coordinates":[[3.0902,50.3814],[3.0758,50.4158],[3.0121,50.4583],[3.0061,50.4687],[3.0236,50.5257],[3.0553,50.5861],[3.0907,50.6146],[3.0907,50.6217],[3.0812,50.6327]]}},{"type":"Feature","properties":{"t":"slow","v":90},"geometry":{"type":"LineString","coordinates":[[6.1957,48.6736],[6.2031,48.6692],[6.2026,48.6603],[6.1832,48.6559],[6.1779,48.6249],[6.1514,48.6125],[6.1088,48.6151],[6.1034,48.6021]]}},{"type":"Feature","properties":{"t":"fast","v":160},"geometry":{"type":"LineString","coordinates":[[3.8772,43.5723],[3.8568,43.5543]]}},{"type":"Feature","properties":{"t":"slow","v":30},"geometry":{"type":"LineString","coordinates":[[0.1669,49.4976],[0.1395,49.4962]]}},{"type":"Feature","properties":{"t":"slow","v":135},"geometry":{"type":"LineString","coordinates":[[5.4134,43.2942],[5.4909,43.2847],[5.5429,43.2872]]}},{"type":"Feature","properties":{"t":"slow","v":40},"geometry":{"type":"LineString","coordinates":[[1.1058,49.8988],[1.1215,49.8926],[1.1393,49.902],[1.1906,49.9123],[1.2118,49.9111],[1.2632,49.8977]]}},{"type":"Feature","properties":{"t":"slow","v":30},"geometry":{"type":"LineString","coordinates":[[2.8452,50.4966],[2.8428,50.4991],[2.8532,50.5046],[2.8534,50.5211]]}},{"type":"Feature","properties":{"t":"slow","v":80},"geometry":{"type":"LineString","coordinates":[[5.8817,46.1095],[5.885,46.1119]]}},{"type":"Feature","properties":{"t":"slow","v":140},"geometry":{"type":"LineString","coordinates":[[6.4437,45.6343],[6.4498,45.618]]}},{"type":"Feature","properties":{"t":"slow","v":110},"geometry":{"type":"LineString","coordinates":[[5.4452,43.5228],[5.4549,43.5104],[5.4263,43.4941],[5.4249,43.4801],[5.4634,43.4649],[5.4659,43.4586],[5.4244,43.434],[5.3876,43.4236]]}},{"type":"Feature","properties":{"t":"slow","v":30},"geometry":{"type":"LineString","coordinates":[[2.3987,47.8113],[2.4049,47.8044],[2.3677,47.7761],[2.3705,47.7646],[2.3555,47.6509],[2.357,47.6379],[2.3921,47.5967],[2.4423,47.5689],[2.4156,47.5219],[2.4218,47.5066],[2.4376,47.4946],[2.4172,47.4746]]}},{"type":"Feature","properties":{"t":"slow","v":100},"geometry":{"type":"LineString","coordinates":[[5.4088,43.574],[5.4022,43.5728],[5.3975,43.5652],[5.3945,43.5479],[5.4088,43.5451],[5.4452,43.5228]]}},{"type":"Feature","properties":{"t":"slow","v":80},"geometry":{"type":"LineString","coordinates":[[7.658,48.9307],[7.6485,48.9461],[7.6348,48.9519]]}},{"type":"Feature","properties":{"t":"fast","v":200},"geometry":{"type":"LineString","coordinates":[[-0.4786,47.5601],[-0.4786,47.56]]}},{"type":"Feature","properties":{"t":"fast","v":160},"geometry":{"type":"LineString","coordinates":[[-0.3304,47.9129],[-0.3139,47.9065],[-0.3078,47.8862]]}},{"type":"Feature","properties":{"t":"slow","v":150},"geometry":{"type":"LineString","coordinates":[[0.4872,49.5917],[0.4453,49.607]]}},{"type":"Feature","properties":{"t":"slow","v":30},"geometry":{"type":"LineString","coordinates":[[3.2954,48.5529],[3.3046,48.5559]]}},{"type":"Feature","properties":{"t":"slow","v":100},"geometry":{"type":"LineString","coordinates":[[3.0818,50.6319],[3.0898,50.6198],[3.0869,50.6117],[3.0493,50.6166],[2.9868,50.6056]]}},{"type":"Feature","properties":{"t":"slow","v":30},"geometry":{"type":"LineString","coordinates":[[1.6118,49.3014],[1.6013,49.3025]]}},{"type":"Feature","properties":{"t":"slow","v":30},"geometry":{"type":"LineString","coordinates":[[1.0013,47.1287],[1.0073,47.1092],[1.0251,47.0892],[1.0498,47.079]]}},{"type":"Feature","properties":{"t":"slow","v":120},"geometry":{"type":"LineString","coordinates":[[2.1979,49.0073],[2.1468,49.0216],[2.1171,49.0444],[2.0956,49.0467]]}},{"type":"Feature","properties":{"t":"slow","v":130},"geometry":{"type":"LineString","coordinates":[[1.0942,49.4492],[1.0581,49.4558]]}},{"type":"Feature","properties":{"t":"slow","v":120},"geometry":{"type":"LineString","coordinates":[[-1.4361,46.6721],[-1.4381,46.6594],[-1.4328,46.6399],[-1.4227,46.6306],[-1.4232,46.611],[-1.4093,46.591]]}},{"type":"Feature","properties":{"t":"slow","v":100},"geometry":{"type":"LineString","coordinates":[[7.2795,48.0856],[7.205,48.044],[7.1345,48.0382]]}},{"type":"Feature","properties":{"t":"slow","v":80},"geometry":{"type":"LineString","coordinates":[[6.8279,49.1385],[6.7736,49.1583],[6.7266,49.1535],[6.7205,49.1686],[6.6915,49.1802],[6.6628,49.2082],[6.6367,49.2198]]}},{"type":"Feature","properties":{"t":"slow","v":60},"geometry":{"type":"LineString","coordinates":[[0.9898,44.8197],[1.0104,44.7888],[1.0131,44.7567],[1.0066,44.7439]]}},{"type":"Feature","properties":{"t":"slow","v":150},"geometry":{"type":"LineString","coordinates":[[0.3357,46.5475],[0.3351,46.5463]]}},{"type":"Feature","properties":{"t":"slow","v":50},"geometry":{"type":"LineString","coordinates":[[6.4881,43.457],[6.5181,43.4727],[6.5111,43.4833]]}},{"type":"Feature","properties":{"t":"slow","v":30},"geometry":{"type":"LineString","coordinates":[[3.5158,50.358],[3.5166,50.3532]]}},{"type":"Feature","properties":{"t":"fast","v":160},"geometry":{"type":"LineString","coordinates":[[2.5422,50.7252],[2.5075,50.7325],[2.4695,50.7833],[2.4124,50.8036],[2.4049,50.81],[2.4135,50.8617],[2.4102,50.9334],[2.4255,50.9532]]}},{"type":"Feature","properties":{"t":"slow","v":80},"geometry":{"type":"LineString","coordinates":[[1.3417,45.884],[1.3445,45.8847]]}},{"type":"Feature","properties":{"t":"fast","v":220},"geometry":{"type":"LineString","coordinates":[[0.5925,47.0246],[0.5858,47.039],[0.5933,47.0504]]}},{"type":"Feature","properties":{"t":"slow","v":100},"geometry":{"type":"LineString","coordinates":[[2.3355,50.3795],[2.3214,50.386],[2.3007,50.414],[2.2686,50.4426],[2.24,50.4499],[2.1996,50.4374],[2.1485,50.4086],[2.0937,50.3939],[2.0598,50.3784],[2.0116,50.376],[1.8361,50.4462],[1.7719,50.4642],[1.7425,50.4878],[1.6582,50.5083],[1.6376,50.5194]]}},{"type":"Feature","properties":{"t":"slow","v":50},"geometry":{"type":"LineString","coordinates":[[5.4073,47.3133],[5.3992,47.3064],[5.3735,47.2546],[5.3422,47.2181],[5.3471,47.207]]}},{"type":"Feature","properties":{"t":"slow","v":12},"geometry":{"type":"LineString","coordinates":[[5.5064,47.9062],[5.5058,47.9121]]}},{"type":"Feature","properties":{"t":"slow","v":40},"geometry":{"type":"LineString","coordinates":[[2.3028,42.8122],[2.3624,42.815],[2.3745,42.8105]]}},{"type":"Feature","properties":{"t":"slow","v":30},"geometry":{"type":"LineString","coordinates":[[3.9809,48.7612],[3.9975,48.7655]]}},{"type":"Feature","properties":{"t":"slow","v":40},"geometry":{"type":"LineString","coordinates":[[2.0521,42.4711],[2.0341,42.4711],[2.0278,42.4633],[2.0144,42.4637],[2.0344,42.4564],[2.0289,42.4428]]}},{"type":"Feature","properties":{"t":"slow","v":100},"geometry":{"type":"LineString","coordinates":[[5.5436,43.6625],[5.5448,43.6463],[5.5136,43.6411],[5.5122,43.6365],[5.5197,43.6318]]}},{"type":"Feature","properties":{"t":"fast","v":160},"geometry":{"type":"LineString","coordinates":[[-0.0408,49.0231],[-0.0349,49.0305],[-0.0356,49.0373],[-0.0627,49.0686],[-0.0875,49.0719]]}},{"type":"Feature","properties":{"t":"slow","v":100},"geometry":{"type":"LineString","coordinates":[[1.456,43.6082],[1.4591,43.5919],[1.4522,43.5812],[1.4239,43.5681]]}},{"type":"Feature","properties":{"t":"slow","v":40},"geometry":{"type":"LineString","coordinates":[[6.7122,48.8139],[6.7104,48.8248],[6.7471,48.8494],[6.7355,48.8641],[6.7334,48.8888],[6.7275,48.8972],[6.7317,48.9025],[6.7506,48.9062]]}},{"type":"Feature","properties":{"t":"slow","v":140},"geometry":{"type":"LineString","coordinates":[[5.035,47.282],[5.0591,47.2694],[5.1553,47.1727],[5.2072,47.136],[5.2549,47.088],[5.2526,47.0806],[5.2187,47.0612],[5.158,47.0104],[5.148,46.9841],[5.1406,46.922],[5.1586,46.8905],[5.1615,46.8509],[5.1706,46.8138],[5.1793,46.7994]]}},{"type":"Feature","properties":{"t":"slow","v":100},"geometry":{"type":"LineString","coordinates":[[3.9983,45.7459],[4.0072,45.7348],[4.0381,45.716],[4.0388,45.7037],[4.0519,45.6968],[4.0537,45.6379],[4.0763,45.6096],[4.0827,45.5934],[4.1167,45.5575],[4.1978,45.5232],[4.2553,45.5216]]}},{"type":"Feature","properties":{"t":"slow","v":100},"geometry":{"type":"LineString","coordinates":[[-1.4363,46.6808],[-1.4284,46.6859],[-1.3887,46.6858],[-1.2654,46.6753],[-1.1898,46.6524],[-1.1302,46.65],[-1.0878,46.6723],[-1.0795,46.6895],[-1.0683,46.6953],[-1.0573,46.6945],[-1.0537,46.683],[-1.0452,46.6783],[-1.0224,46.683],[-0.9891,46.6784],[-0.9609,46.6968],[-0.9445,46.7196],[-0.9305,46.7261]]}},{"type":"Feature","properties":{"t":"slow","v":30},"geometry":{"type":"LineString","coordinates":[[7.5854,43.7923],[7.5945,43.7969]]}},{"type":"Feature","properties":{"t":"slow","v":140},"geometry":{"type":"LineString","coordinates":[[5.8456,48.5444],[5.8456,48.5445]]}},{"type":"Feature","properties":{"t":"slow","v":75},"geometry":{"type":"LineString","coordinates":[[3.6107,45.1233],[3.6198,45.1261],[3.6264,45.1228],[3.6503,45.1402],[3.6593,45.1417]]}},{"type":"Feature","properties":{"t":"slow","v":30},"geometry":{"type":"LineString","coordinates":[[2.2405,48.895],[2.2343,48.8957]]}},{"type":"Feature","properties":{"t":"slow","v":130},"geometry":{"type":"LineString","coordinates":[[0.7142,49.105],[0.7219,49.1129],[0.7224,49.1466],[0.7152,49.1596],[0.7113,49.2011],[0.6988,49.2181],[0.6914,49.2541],[0.6829,49.2714]]}},{"type":"Feature","properties":{"t":"slow","v":150},"geometry":{"type":"LineString","coordinates":[[5.098,48.1131],[5.1159,48.1113]]}},{"type":"Feature","properties":{"t":"fast","v":160},"geometry":{"type":"LineString","coordinates":[[-1.1356,47.3757],[-1.1731,47.3709],[-1.2299,47.3548]]}},{"type":"Feature","properties":{"t":"slow","v":65},"geometry":{"type":"LineString","coordinates":[[-3.1571,48.553],[-3.1693,48.5329],[-3.1925,48.5258],[-3.2026,48.5274],[-3.2055,48.5182],[-3.2171,48.5182],[-3.2257,48.5106],[-3.2475,48.505],[-3.2488,48.4991],[-3.261,48.4929],[-3.2655,48.482],[-3.2808,48.4748],[-3.3114,48.4701]]}},{"type":"Feature","properties":{"t":"slow","v":80},"geometry":{"type":"LineString","coordinates":[[6.5562,44.791],[6.5623,44.8077],[6.5732,44.8188],[6.5793,44.8481],[6.5879,44.8573]]}},{"type":"Feature","properties":{"t":"slow","v":60},"geometry":{"type":"LineString","coordinates":[[1.9068,47.9242],[1.9051,47.9106]]}},{"type":"Feature","properties":{"t":"slow","v":100},"geometry":{"type":"LineString","coordinates":[[5.0323,47.3136],[5.0306,47.3057]]}},{"type":"Feature","properties":{"t":"slow","v":30},"geometry":{"type":"LineString","coordinates":[[7.7099,48.5706],[7.709,48.5782]]}},{"type":"Feature","properties":{"t":"slow","v":150},"geometry":{"type":"LineString","coordinates":[[6.203,45.5577],[6.2849,45.5551],[6.3052,45.5448]]}},{"type":"Feature","properties":{"t":"slow","v":30},"geometry":{"type":"LineString","coordinates":[[7.6976,48.5512],[7.7089,48.578]]}},{"type":"Feature","properties":{"t":"slow","v":30},"geometry":{"type":"LineString","coordinates":[[4.5863,48.4414],[4.5985,48.4587],[4.5816,48.5254],[4.5777,48.5648],[4.594,48.647],[4.5876,48.6694],[4.5595,48.7043],[4.5655,48.7134],[4.5862,48.7176]]}},{"type":"Feature","properties":{"t":"slow","v":150},"geometry":{"type":"LineString","coordinates":[[-0.5205,47.5028],[-0.5239,47.473],[-0.5382,47.4659]]}},{"type":"Feature","properties":{"t":"slow","v":100},"geometry":{"type":"LineString","coordinates":[[0.6387,44.2044],[0.6321,44.2052]]}},{"type":"Feature","properties":{"t":"slow","v":90},"geometry":{"type":"LineString","coordinates":[[7.3575,47.7503],[7.3869,47.7662],[7.506,47.8118],[7.5436,47.8149]]}},{"type":"Feature","properties":{"t":"slow","v":60},"geometry":{"type":"LineString","coordinates":[[5.2309,43.4867],[5.2309,43.4975],[5.2383,43.5058],[5.2336,43.5203],[5.2384,43.5298],[5.2506,43.5333],[5.2681,43.5352],[5.2961,43.5176],[5.3153,43.5163],[5.3573,43.4983],[5.3782,43.5],[5.3896,43.5101],[5.4187,43.5116],[5.4258,43.5155],[5.4287,43.5251],[5.4375,43.5264]]}},{"type":"Feature","properties":{"t":"slow","v":115},"geometry":{"type":"LineString","coordinates":[[7.0192,43.554],[7.0428,43.5451],[7.055,43.5484],[7.0733,43.5662]]}},{"type":"Feature","properties":{"t":"slow","v":30},"geometry":{"type":"LineString","coordinates":[[4.2221,45.5224],[4.2183,45.5223]]}},{"type":"Feature","properties":{"t":"slow","v":70},"geometry":{"type":"LineString","coordinates":[[4.7791,43.9428],[4.7701,43.9447]]}},{"type":"Feature","properties":{"t":"fast","v":220},"geometry":{"type":"LineString","coordinates":[[0.1022,47.9512],[0.0894,47.9332],[0.0677,47.9193],[0.0529,47.9016],[0.0379,47.8946],[-0.0039,47.8879],[-0.0683,47.8695],[-0.1041,47.8752],[-0.1319,47.8694],[-0.2884,47.871],[-0.3248,47.8547],[-0.3357,47.8442],[-0.3625,47.8353],[-0.3706,47.8263]]}},{"type":"Feature","properties":{"t":"slow","v":60},"geometry":{"type":"LineString","coordinates":[[2.3225,48.8797],[2.314,48.8877]]}},{"type":"Feature","properties":{"t":"slow","v":80},"geometry":{"type":"LineString","coordinates":[[2.3226,48.88],[2.2593,48.9238],[2.263,48.9388],[2.2551,48.9526],[2.2638,48.967],[2.2636,48.9775],[2.271,48.9805]]}},{"type":"Feature","properties":{"t":"slow","v":130},"geometry":{"type":"LineString","coordinates":[[6.3085,48.3737],[6.3268,48.3597],[6.3395,48.3384],[6.3649,48.3235]]}},{"type":"Feature","properties":{"t":"slow","v":120},"geometry":{"type":"LineString","coordinates":[[2.4519,48.8964],[2.4773,48.8944]]}},{"type":"Feature","properties":{"t":"slow","v":90},"geometry":{"type":"LineString","coordinates":[[5.9892,49.3554],[6.0027,49.3481],[6.007,49.3386],[6.0425,49.3421],[6.0597,49.3332],[6.0952,49.3265],[6.1542,49.3393],[6.1595,49.3462]]}},{"type":"Feature","properties":{"t":"slow","v":40},"geometry":{"type":"LineString","coordinates":[[1.6717,46.0889],[1.7056,46.0417],[1.7078,46.0208],[1.7407,45.9981],[1.7664,45.9975],[1.7708,45.9878],[1.7682,45.9762],[1.7598,45.9696],[1.7619,45.959],[1.7561,45.9569]]}},{"type":"Feature","properties":{"t":"slow","v":40},"geometry":{"type":"LineString","coordinates":[[1.155,49.0195],[1.1612,49.0241],[1.1645,49.0399]]}},{"type":"Feature","properties":{"t":"slow","v":55},"geometry":{"type":"LineString","coordinates":[[3.9517,44.3473],[3.9553,44.3356],[3.9654,44.3313],[3.967,44.3216],[3.9761,44.3188],[3.9787,44.3099],[3.9874,44.3057],[3.9799,44.3017],[3.9822,44.2871],[3.9698,44.267],[3.9761,44.26],[3.9759,44.2515],[3.9857,44.2489],[3.9924,44.2318],[4.0118,44.2271]]}},{"type":"Feature","properties":{"t":"slow","v":140},"geometry":{"type":"LineString","coordinates":[[5.5227,45.5241],[5.4822,45.5019],[5.4483,45.4742],[5.4406,45.4585],[5.4197,45.4464],[5.4285,45.4365],[5.417,45.4265],[5.4224,45.3985],[5.4497,45.3459],[5.4806,45.3445],[5.4917,45.3577]]}},{"type":"Feature","properties":{"t":"slow","v":150},"geometry":{"type":"LineString","coordinates":[[3.3441,48.9754],[3.3541,48.9869],[3.382,49.0011],[3.3997,49.0346],[3.432,49.0431],[3.4689,49.0438],[3.4904,49.0657],[3.52,49.0664],[3.534,49.0782],[3.5446,49.0801],[3.555,49.0751],[3.5626,49.0581],[3.5781,49.0555],[3.6327,49.0717],[3.6541,49.0868],[3.6907,49.0842]]}},{"type":"Feature","properties":{"t":"slow","v":110},"geometry":{"type":"LineString","coordinates":[[6.0252,47.2493],[5.9973,47.2738],[5.9685,47.2798],[5.9637,47.2853],[5.9669,47.2901]]}},{"type":"Feature","properties":{"t":"slow","v":120},"geometry":{"type":"LineString","coordinates":[[-4.0959,48.2824],[-4.1204,48.2801],[-4.1301,48.2863],[-4.1281,48.2917],[-4.1073,48.2995],[-4.0973,48.3137],[-4.1308,48.3306],[-4.1333,48.3398],[-4.1482,48.3505],[-4.1543,48.3665],[-4.1872,48.3743],[-4.2428,48.3592],[-4.2493,48.3613],[-4.2526,48.3689]]}},{"type":"Feature","properties":{"t":"slow","v":100},"geometry":{"type":"LineString","coordinates":[[1.7745,49.6855],[1.7869,49.6925],[1.777,49.6973]]}},{"type":"Feature","properties":{"t":"slow","v":30},"geometry":{"type":"LineString","coordinates":[[3.4693,50.3188],[3.4715,50.3216],[3.4609,50.3216],[3.4473,50.3276],[3.4488,50.3304]]}},{"type":"Feature","properties":{"t":"slow","v":110},"geometry":{"type":"LineString","coordinates":[[5.868,49.1665],[5.8849,49.1645],[5.8893,49.1578],[5.8844,49.1455],[5.8897,49.1364],[5.8859,49.1149],[5.8786,49.1031],[5.8921,49.0912],[5.8831,49.075],[5.896,49.0524]]}},{"type":"Feature","properties":{"t":"slow","v":50},"geometry":{"type":"LineString","coordinates":[[5.6774,46.3193],[5.6769,46.3187]]}},{"type":"Feature","properties":{"t":"slow","v":30},"geometry":{"type":"LineString","coordinates":[[3.4193,50.4429],[3.4087,50.448],[3.403,50.4635],[3.4054,50.4688],[3.4456,50.4916],[3.4307,50.5061]]}},{"type":"Feature","properties":{"t":"slow","v":30},"geometry":{"type":"LineString","coordinates":[[0.8405,49.8195],[0.8255,49.8028],[0.8059,49.7921],[0.7121,49.7573],[0.7057,49.7587]]}},{"type":"Feature","properties":{"t":"slow","v":20},"geometry":{"type":"LineString","coordinates":[[2.8334,49.4279],[2.8364,49.4364],[2.8332,49.443]]}},{"type":"Feature","properties":{"t":"slow","v":40},"geometry":{"type":"LineString","coordinates":[[6.1034,48.6021],[6.1053,48.5973],[6.0992,48.5881],[6.1051,48.5757],[6.1017,48.5685],[6.1168,48.5576]]}},{"type":"Feature","properties":{"t":"slow","v":90},"geometry":{"type":"LineString","coordinates":[[2.3118,48.8339],[2.3055,48.8289]]}},{"type":"Feature","properties":{"t":"slow","v":40},"geometry":{"type":"LineString","coordinates":[[5.3429,45.9537],[5.3325,45.9544],[5.3303,45.9467],[5.3415,45.9305],[5.3459,45.9115]]}},{"type":"Feature","properties":{"t":"fast","v":160},"geometry":{"type":"LineString","coordinates":[[7.7151,48.6786],[7.7225,48.6877],[7.7878,48.7061],[7.8137,48.7422],[7.851,48.7548],[7.855,48.7601],[7.8513,48.7656]]}},{"type":"Feature","properties":{"t":"slow","v":90},"geometry":{"type":"LineString","coordinates":[[2.0526,45.5448],[2.0749,45.5336],[2.1126,45.5492],[2.1247,45.5441],[2.1486,45.5447],[2.1555,45.541],[2.1608,45.5293],[2.2415,45.56],[2.2653,45.5583],[2.2792,45.5642],[2.3037,45.5627],[2.3106,45.5574],[2.3502,45.5585],[2.3746,45.5729],[2.3704,45.5783],[2.3727,45.5845],[2.4031,45.6036],[2.3984,45.6176],[2.4243,45.6305]]}},{"type":"Feature","properties":{"t":"slow","v":80},"geometry":{"type":"LineString","coordinates":[[-3.4708,48.6065],[-3.4826,48.6112],[-3.4487,48.6465],[-3.4455,48.6555],[-3.4499,48.6822],[-3.4712,48.7012],[-3.4702,48.7076],[-3.4595,48.715],[-3.4603,48.7273]]}},{"type":"Feature","properties":{"t":"lgv","v":300},"geometry":{"type":"LineString","coordinates":[[0.4729,48.0516],[0.4714,48.052]]}},{"type":"Feature","properties":{"t":"slow","v":60},"geometry":{"type":"LineString","coordinates":[[2.218,50.9687],[2.2044,50.9583],[2.1839,50.9611],[2.1719,50.9732],[2.1611,50.9967]]}},{"type":"Feature","properties":{"t":"slow","v":140},"geometry":{"type":"LineString","coordinates":[[3.4675,46.8374],[3.4853,46.8403],[3.507,46.8314],[3.5496,46.8353],[3.645,46.8578]]}},{"type":"Feature","properties":{"t":"slow","v":70},"geometry":{"type":"LineString","coordinates":[[5.3214,43.3638],[5.3364,43.3627],[5.3453,43.3567],[5.3595,43.3261]]}},{"type":"Feature","properties":{"t":"slow","v":120},"geometry":{"type":"LineString","coordinates":[[6.3701,45.6661],[6.3724,45.6691]]}},{"type":"Feature","properties":{"t":"slow","v":80},"geometry":{"type":"LineString","coordinates":[[3.5682,45.1094],[3.5629,45.1013],[3.5668,45.087],[3.5735,45.0841],[3.6069,45.113],[3.6107,45.1233]]}},{"type":"Feature","properties":{"t":"slow","v":110},"geometry":{"type":"LineString","coordinates":[[5.8387,48.6635],[5.8423,48.6715],[5.8771,48.6784]]}},{"type":"Feature","properties":{"t":"slow","v":100},"geometry":{"type":"LineString","coordinates":[[2.3652,51.0337],[2.3755,51.0167],[2.3733,51.0126],[2.3276,51.0067],[2.2755,50.9932]]}},{"type":"Feature","properties":{"t":"slow","v":60},"geometry":{"type":"LineString","coordinates":[[4.7968,43.9255],[4.7955,43.9196],[4.7864,43.922]]}},{"type":"Feature","properties":{"t":"slow","v":100},"geometry":{"type":"LineString","coordinates":[[6.4921,47.3966],[6.5083,47.4042],[6.5142,47.4157],[6.5212,47.4167]]}},{"type":"Feature","properties":{"t":"slow","v":90},"geometry":{"type":"LineString","coordinates":[[2.1561,48.7974],[2.129,48.8003]]}},{"type":"Feature","properties":{"t":"slow","v":130},"geometry":{"type":"LineString","coordinates":[[7.0733,43.5662],[7.1145,43.5728],[7.125,43.5939],[7.135,43.6428],[7.1493,43.6585],[7.1741,43.6628],[7.1888,43.6603],[7.2168,43.6708]]}},{"type":"Feature","properties":{"t":"slow","v":90},"geometry":{"type":"LineString","coordinates":[[2.4724,48.7608],[2.4459,48.7566]]}},{"type":"Feature","properties":{"t":"slow","v":40},"geometry":{"type":"LineString","coordinates":[[0.3337,44.1337],[0.3378,44.1233],[0.3207,44.1113],[0.2805,44.1174],[0.2622,44.1057],[0.2619,44.097],[0.2467,44.0791],[0.2492,44.0573]]}},{"type":"Feature","properties":{"t":"slow","v":120},"geometry":{"type":"LineString","coordinates":[[1.5686,43.7077],[1.5671,43.6903],[1.5578,43.6834],[1.5559,43.6745],[1.5421,43.6723],[1.5327,43.6624],[1.5351,43.6483],[1.5264,43.6446]]}},{"type":"Feature","properties":{"t":"slow","v":140},"geometry":{"type":"LineString","coordinates":[[4.8053,45.8877],[4.8326,45.8749],[4.8284,45.8405],[4.8485,45.8243],[4.8395,45.8038],[4.815,45.7913],[4.8027,45.7793]]}},{"type":"Feature","properties":{"t":"slow","v":50},"geometry":{"type":"LineString","coordinates":[[0.1964,49.5102],[0.1868,49.4998],[0.1704,49.4965]]}},{"type":"Feature","properties":{"t":"slow","v":30},"geometry":{"type":"LineString","coordinates":[[2.7862,49.8044],[2.7945,49.8082],[2.8094,49.8058]]}},{"type":"Feature","properties":{"t":"slow","v":90},"geometry":{"type":"LineString","coordinates":[[5.3709,44.7489],[5.3841,44.746],[5.3917,44.7288],[5.3992,44.7244],[5.4037,44.7049],[5.3998,44.6872],[5.4101,44.6802],[5.4085,44.673],[5.4204,44.6656],[5.4199,44.6596]]}},{"type":"Feature","properties":{"t":"fast","v":160},"geometry":{"type":"LineString","coordinates":[[2.0921,48.9552],[2.019,48.9276],[2.0006,48.9365],[1.9885,48.9775],[1.9693,48.9887],[1.9411,48.9962],[1.9243,48.9958],[1.809,48.9634],[1.7555,48.9655],[1.7158,48.9833]]}},{"type":"Feature","properties":{"t":"slow","v":150},"geometry":{"type":"LineString","coordinates":[[5.5666,47.1401],[5.6591,47.1502]]}},{"type":"Feature","properties":{"t":"slow","v":110},"geometry":{"type":"LineString","coordinates":[[2.5112,44.4288],[2.5656,44.4185],[2.5867,44.4056],[2.5797,44.3791],[2.572,44.3731],[2.5803,44.3627]]}},{"type":"Feature","properties":{"t":"slow","v":40},"geometry":{"type":"LineString","coordinates":[[0.1697,47.985],[0.1632,47.9843]]}},{"type":"Feature","properties":{"t":"slow","v":120},"geometry":{"type":"LineString","coordinates":[[4.7529,48.7215],[4.7857,48.7195],[4.9262,48.6489],[4.9894,48.6301],[5.0367,48.6025],[5.045,48.5856],[5.0439,48.5714],[5.0788,48.55],[5.0992,48.5429],[5.1288,48.5001],[5.1349,48.4726],[5.154,48.4586],[5.1418,48.4376],[5.1432,48.4259],[5.1555,48.4058],[5.1571,48.3771],[5.1346,48.3554],[5.141,48.3414],[5.1356,48.3149],[5.1433,48.2897],[5.1249,48.2764],[5.1256,48.2627],[5.1197,48.2532],[5.1374,48.2035],[5.1086,48.1777],[5.0928,48.1548],[5.0887,48.1176],[5.1091,48.1119]]}},{"type":"Feature","properties":{"t":"slow","v":150},"geometry":{"type":"LineString","coordinates":[[2.856,48.9319],[2.8699,48.9445],[2.8739,48.9591],[2.8798,48.9639],[2.9544,48.9603],[2.9819,48.9782],[3.0056,48.9736],[3.02,48.9599],[3.061,48.9587]]}},{"type":"Feature","properties":{"t":"fast","v":160},"geometry":{"type":"LineString","coordinates":[[1.8877,47.9688],[1.9038,47.9321]]}},{"type":"Feature","properties":{"t":"slow","v":70},"geometry":{"type":"LineString","coordinates":[[2.2797,48.9794],[2.2795,48.9796]]}},{"type":"Feature","properties":{"t":"fast","v":220},"geometry":{"type":"LineString","coordinates":[[0.2235,46.505],[0.2346,46.5132]]}},{"type":"Feature","properties":{"t":"fast","v":160},"geometry":{"type":"LineString","coordinates":[[4.3355,47.6186],[4.3566,47.6211],[4.39,47.6116],[4.4549,47.5449],[4.4747,47.5427],[4.4987,47.549],[4.5353,47.5344],[4.5545,47.5327],[4.6004,47.5024],[4.6262,47.4931],[4.6646,47.4427],[4.6922,47.429],[4.7013,47.4175],[4.721,47.4057],[4.7309,47.3813],[4.8019,47.3294],[4.8255,47.3247],[4.8593,47.3353],[4.8814,47.3212],[4.9183,47.3232],[4.9526,47.3411],[4.9672,47.3424],[5.0118,47.3239],[5.0274,47.323]]}},{"type":"Feature","properties":{"t":"slow","v":140},"geometry":{"type":"LineString","coordinates":[[4.6388,44.3485],[4.6449,44.3269],[4.6184,44.2873],[4.641,44.2657],[4.6431,44.2524],[4.636,44.2278],[4.6525,44.215],[4.6475,44.2007],[4.6205,44.1817],[4.6276,44.1601],[4.6544,44.1485],[4.6769,44.129],[4.7032,44.0911],[4.7307,44.0745],[4.7399,44.061],[4.7651,44.057],[4.7949,44.0354],[4.8118,44.0071],[4.8117,43.9938],[4.7937,43.9738],[4.7893,43.9524],[4.7477,43.9357],[4.6892,43.8961],[4.613,43.8962],[4.6032,43.9025],[4.585,43.9323],[4.5662,43.9376],[4.559,43.9313],[4.5515,43.9072],[4.4185,43.8443]]}},{"type":"Feature","properties":{"t":"slow","v":70},"geometry":{"type":"LineString","coordinates":[[0.4305,49.606],[0.4419,49.6079],[0.4595,49.5923],[0.4673,49.578]]}},{"type":"Feature","properties":{"t":"slow","v":30},"geometry":{"type":"LineString","coordinates":[[2.357,48.8899],[2.3577,48.8981]]}},{"type":"Feature","properties":{"t":"slow","v":80},"geometry":{"type":"LineString","coordinates":[[4.0118,44.2271],[4.0234,44.2124],[4.0326,44.2097]]}},{"type":"Feature","properties":{"t":"slow","v":100},"geometry":{"type":"LineString","coordinates":[[3.2595,45.4749],[3.2645,45.4636],[3.2966,45.4615],[3.3027,45.4525]]}},{"type":"Feature","properties":{"t":"slow","v":60},"geometry":{"type":"LineString","coordinates":[[3.9127,47.4958],[3.9236,47.4935],[3.9359,47.5003],[3.9831,47.505],[4.0213,47.5029]]}},{"type":"Feature","properties":{"t":"slow","v":140},"geometry":{"type":"LineString","coordinates":[[-0.4542,46.3195],[-0.4702,46.3011],[-0.5276,46.261],[-0.5975,46.2388],[-0.6749,46.199],[-0.699,46.1682],[-0.7165,46.1583],[-0.7539,46.1142],[-0.8488,46.1075],[-0.9359,46.0889],[-1.0504,46.1305],[-1.1108,46.1373]]}},{"type":"Feature","properties":{"t":"slow","v":70},"geometry":{"type":"LineString","coordinates":[[1.1783,45.6891],[1.1946,45.6805],[1.2113,45.6389],[1.2138,45.6166],[1.2055,45.5953],[1.1804,45.5668],[1.1778,45.5582],[1.196,45.5384],[1.2057,45.519]]}},{"type":"Feature","properties":{"t":"slow","v":100},"geometry":{"type":"LineString","coordinates":[[4.0866,46.0232],[4.1083,45.9874],[4.1336,45.9733],[4.1606,45.9765],[4.177,45.9834],[4.2004,45.9818],[4.2153,45.9876]]}},{"type":"Feature","properties":{"t":"fast","v":160},"geometry":{"type":"LineString","coordinates":[[2.0415,47.2754],[2.0468,47.2389],[2.0576,47.2273]]}},{"type":"Feature","properties":{"t":"slow","v":90},"geometry":{"type":"LineString","coordinates":[[2.2583,48.9847],[2.1979,49.0073]]}},{"type":"Feature","properties":{"t":"fast","v":160},"geometry":{"type":"LineString","coordinates":[[-0.0381,45.0133],[0.122,45.0047],[0.1967,45.0078],[0.3262,45.025],[0.3564,45.036],[0.3642,45.053],[0.3884,45.0601],[0.3998,45.073],[0.4276,45.0834],[0.459,45.1083],[0.5267,45.1406],[0.5841,45.152],[0.6243,45.1831],[0.6532,45.1839],[0.6928,45.196],[0.7006,45.1953],[0.7072,45.1872]]}},{"type":"Feature","properties":{"t":"slow","v":40},"geometry":{"type":"LineString","coordinates":[[1.9776,47.9099],[1.9968,47.9097],[2.1682,47.8625],[2.2082,47.8706],[2.2434,47.8665],[2.3699,47.829],[2.3987,47.8113]]}},{"type":"Feature","properties":{"t":"slow","v":30},"geometry":{"type":"LineString","coordinates":[[4.8441,46.7765],[4.8533,46.7711],[4.8988,46.7673]]}},{"type":"Feature","properties":{"t":"slow","v":145},"geometry":{"type":"LineString","coordinates":[[-1.7696,47.922],[-1.7709,47.9163],[-1.7625,47.9029],[-1.7823,47.89],[-1.7765,47.872]]}},{"type":"Feature","properties":{"t":"slow","v":40},"geometry":{"type":"LineString","coordinates":[[5.3053,48.2435],[5.3258,48.2509],[5.3292,48.2608],[5.3467,48.2741],[5.4316,48.2643],[5.4531,48.279],[5.491,48.2831],[5.6338,48.329],[5.6634,48.3505]]}},{"type":"Feature","properties":{"t":"fast","v":220},"geometry":{"type":"LineString","coordinates":[[0.181,45.447],[0.1577,45.4276],[0.1176,45.3763],[0.1131,45.3448],[0.1018,45.3233],[0.063,45.2946],[0.0454,45.2738],[0.0303,45.2273],[-0.0185,45.174],[-0.0224,45.109],[-0.1216,45.0443],[-0.176,45.001]]}},{"type":"Feature","properties":{"t":"slow","v":60},"geometry":{"type":"LineString","coordinates":[[3.1851,43.7057],[3.1941,43.7084],[3.1988,43.7155],[3.1985,43.7314],[3.1903,43.7514]]}},{"type":"Feature","properties":{"t":"slow","v":110},"geometry":{"type":"LineString","coordinates":[[4.4778,45.4507],[4.4787,45.4511]]}},{"type":"Feature","properties":{"t":"slow","v":60},"geometry":{"type":"LineString","coordinates":[[5.0337,47.2969],[5.0287,47.2915]]}},{"type":"Feature","properties":{"t":"slow","v":140},"geometry":{"type":"LineString","coordinates":[[-3.9315,48.4974],[-3.9451,48.496],[-3.9723,48.4826],[-4.0021,48.4858],[-4.019,48.5006],[-4.0299,48.5032],[-4.081,48.4959]]}},{"type":"Feature","properties":{"t":"slow","v":40},"geometry":{"type":"LineString","coordinates":[[6.3305,47.9036],[6.3425,47.8908],[6.3694,47.8863],[6.4082,47.8882]]}},{"type":"Feature","properties":{"t":"slow","v":40},"geometry":{"type":"LineString","coordinates":[[7.591,44.0994],[7.5964,44.0936],[7.6051,44.0971],[7.591,44.0994]]}},{"type":"Feature","properties":{"t":"slow","v":110},"geometry":{"type":"LineString","coordinates":[[3.338,46.5566],[3.3842,46.5385],[3.4522,46.54],[3.4918,46.5329]]}},{"type":"Feature","properties":{"t":"slow","v":115},"geometry":{"type":"LineString","coordinates":[[1.3005,45.1358],[1.3204,45.1438],[1.3536,45.1439],[1.3756,45.1365],[1.4259,45.132],[1.442,45.1396],[1.454,45.1384],[1.5221,45.1536],[1.54,45.1494],[1.5799,45.1721],[1.6038,45.1741]]}},{"type":"Feature","properties":{"t":"slow","v":80},"geometry":{"type":"LineString","coordinates":[[1.821,50.1051],[1.744,50.1357],[1.7251,50.1191],[1.6373,50.0686],[1.5004,50.052],[1.4835,50.0543],[1.4643,50.0474],[1.417,50.0544]]}},{"type":"Feature","properties":{"t":"slow","v":40},"geometry":{"type":"LineString","coordinates":[[2.3217,51.0326],[2.3203,51.0283],[2.3327,51.0159],[2.3276,51.0067]]}},{"type":"Feature","properties":{"t":"slow","v":110},"geometry":{"type":"LineString","coordinates":[[-4.2526,48.3689],[-4.2428,48.3841],[-4.2446,48.3898],[-4.2681,48.3883],[-4.2877,48.3959],[-4.2633,48.4159],[-4.278,48.4298],[-4.2629,48.4413],[-4.2413,48.4491],[-4.2404,48.4538],[-4.2458,48.4564]]}},{"type":"Feature","properties":{"t":"slow","v":30},"geometry":{"type":"LineString","coordinates":[[1.9164,47.91],[1.9776,47.9099]]}},{"type":"Feature","properties":{"t":"slow","v":60},"geometry":{"type":"LineString","coordinates":[[2.8387,50.4146],[2.8459,50.4165]]}},{"type":"Feature","properties":{"t":"slow","v":40},"geometry":{"type":"LineString","coordinates":[[2.2228,42.5229],[2.1961,42.5184],[2.1725,42.5066],[2.1395,42.5045],[2.1351,42.4993],[2.1266,42.5046],[2.0849,42.4983]]}},{"type":"Feature","properties":{"t":"slow","v":30},"geometry":{"type":"LineString","coordinates":[[4.7695,45.7624],[4.7705,45.7573]]}},{"type":"Feature","properties":{"t":"slow","v":140},"geometry":{"type":"LineString","coordinates":[[1.386,43.5244],[1.395,43.4883],[1.4251,43.437],[1.4261,43.3993],[1.4321,43.3853],[1.5008,43.3169],[1.5206,43.3052],[1.5609,43.2433],[1.6027,43.2311],[1.6104,43.2244],[1.6131,43.1341],[1.6438,43.051],[1.6396,43.0452],[1.6222,43.0389],[1.6079,43.0194],[1.6112,42.9871],[1.6069,42.9696]]}},{"type":"Feature","properties":{"t":"slow","v":140},"geometry":{"type":"LineString","coordinates":[[-1.9557,47.3601],[-2.0447,47.3918],[-2.0872,47.4232],[-2.0878,47.4449],[-2.0654,47.454],[-2.037,47.507],[-2.0397,47.5135],[-2.062,47.5284],[-2.0728,47.5498]]}},{"type":"Feature","properties":{"t":"slow","v":140},"geometry":{"type":"LineString","coordinates":[[5.2048,47.5753],[5.2353,47.5856],[5.2608,47.6081],[5.2696,47.6301],[5.2893,47.644],[5.2937,47.6575]]}},{"type":"Feature","properties":{"t":"slow","v":60},"geometry":{"type":"LineString","coordinates":[[6.8505,47.6181],[6.8612,47.6231]]}},{"type":"Feature","properties":{"t":"slow","v":80},"geometry":{"type":"LineString","coordinates":[[3.0528,49.0409],[3.06,49.0495]]}},{"type":"Feature","properties":{"t":"fast","v":220},"geometry":{"type":"LineString","coordinates":[[-0.4609,47.6586],[-0.4609,47.6338],[-0.4821,47.5887],[-0.4786,47.5601]]}},{"type":"Feature","properties":{"t":"slow","v":85},"geometry":{"type":"LineString","coordinates":[[2.0663,44.4292],[2.0606,44.4122],[2.0427,44.3885],[2.0456,44.3728]]}},{"type":"Feature","properties":{"t":"slow","v":80},"geometry":{"type":"LineString","coordinates":[[7.2159,48.48],[7.2131,48.4647],[7.1819,48.4362],[7.1871,48.4243],[7.1743,48.4184],[7.157,48.4027],[7.153,48.3924],[7.1391,48.3828],[7.1394,48.3687],[7.1329,48.3514],[7.1162,48.3526],[7.1109,48.3473]]}},{"type":"Feature","properties":{"t":"slow","v":70},"geometry":{"type":"LineString","coordinates":[[-1.5188,47.2262],[-1.5152,47.2353],[-1.5195,47.247],[-1.5445,47.2584]]}},{"type":"Feature","properties":{"t":"slow","v":110},"geometry":{"type":"LineString","coordinates":[[5.8259,48.6754],[5.8388,48.6659]]}},{"type":"Feature","properties":{"t":"slow","v":120},"geometry":{"type":"LineString","coordinates":[[3.8308,50.1912],[3.8456,50.1983]]}},{"type":"Feature","properties":{"t":"fast","v":160},"geometry":{"type":"LineString","coordinates":[[3.9865,49.0371],[4.0293,49.0285],[4.1775,49.015],[4.2832,48.9855],[4.3353,48.9629]]}},{"type":"Feature","properties":{"t":"slow","v":120},"geometry":{"type":"LineString","coordinates":[[5.4371,45.5612],[5.46,45.558],[5.4932,45.5614],[5.514,45.5537],[5.5232,45.5468],[5.5305,45.531],[5.5227,45.5241]]}},{"type":"Feature","properties":{"t":"slow","v":140},"geometry":{"type":"LineString","coordinates":[[5.9048,47.837],[5.9589,47.821],[5.9816,47.8192],[6.0011,47.7926],[6.0253,47.778],[6.0461,47.7561],[6.0526,47.7409],[6.0531,47.7317],[6.0435,47.7102],[6.047,47.6949],[6.0807,47.6748],[6.0909,47.662],[6.0994,47.6357],[6.1262,47.6221],[6.1659,47.6183],[6.1901,47.647],[6.2271,47.6692],[6.2554,47.6785],[6.2914,47.6827],[6.3158,47.6719],[6.366,47.6826]]}},{"type":"Feature","properties":{"t":"lgv","v":300},"geometry":{"type":"LineString","coordinates":[[2.4603,49.0147],[2.496,49.0242],[2.6048,49.0757],[2.6978,49.1],[2.7207,49.1161],[2.7491,49.1566],[2.7524,49.2137],[2.7327,49.2775],[2.7043,49.3269],[2.6998,49.3497],[2.7032,49.3769],[2.6939,49.4],[2.6913,49.427],[2.7119,49.481],[2.7182,49.5229],[2.7537,49.6046],[2.7553,49.6324],[2.771,49.677],[2.7697,49.713],[2.7876,49.7455],[2.8003,49.7886],[2.8274,49.8335],[2.8375,49.8846],[2.8492,49.9097],[2.8539,49.9578],[2.8743,49.9978],[2.8789,50.0293],[2.8695,50.0799],[2.8724,50.1788],[2.853,50.2367],[2.8576,50.2644],[2.9016,50.3222],[2.9554,50.3569],[2.9747,50.3787],[2.9845,50.4166],[2.9706,50.4452],[2.9705,50.4575],[2.9972,50.5138],[3.0087,50.5264],[3.035,50.5383],[3.0965,50.5471],[3.1477,50.5686],[3.2259,50.5773],[3.2786,50.572]]}},{"type":"Feature","properties":{"t":"slow","v":120},"geometry":{"type":"LineString","coordinates":[[6.1437,48.7563],[6.1712,48.732],[6.1724,48.7217],[6.166,48.7083],[6.1736,48.6903],[6.2098,48.6669]]}},{"type":"Feature","properties":{"t":"slow","v":110},"geometry":{"type":"LineString","coordinates":[[-1.4502,48.9609],[-1.447,48.9445],[-1.4249,48.9158],[-1.425,48.9049],[-1.4381,48.8897],[-1.4357,48.875],[-1.4396,48.8657],[-1.4266,48.8577],[-1.4212,48.8342],[-1.3899,48.8193],[-1.4027,48.7906],[-1.4007,48.7718],[-1.4208,48.7402],[-1.3882,48.7243],[-1.3886,48.7145],[-1.3691,48.6927],[-1.3754,48.6848],[-1.3753,48.6731],[-1.3538,48.6402]]}},{"type":"Feature","properties":{"t":"slow","v":90},"geometry":{"type":"LineString","coordinates":[[-0.6274,44.8426],[-0.6244,44.8639],[-0.6062,44.8722]]}},{"type":"Feature","properties":{"t":"slow","v":50},"geometry":{"type":"LineString","coordinates":[[6.4343,47.5655],[6.4357,47.5714],[6.4635,47.5851],[6.4842,47.6071],[6.4858,47.6142],[6.4787,47.621],[6.4717,47.6421],[6.4773,47.672],[6.475,47.6814],[6.4927,47.683]]}},{"type":"Feature","properties":{"t":"slow","v":60},"geometry":{"type":"LineString","coordinates":[[3.2579,50.1701],[3.2532,50.1679],[3.2475,50.1731]]}},{"type":"Feature","properties":{"t":"slow","v":140},"geometry":{"type":"LineString","coordinates":[[6.7236,47.6961],[6.7434,47.6898],[6.7727,47.6921],[6.8313,47.6728],[6.8552,47.6304]]}},{"type":"Feature","properties":{"t":"slow","v":120},"geometry":{"type":"LineString","coordinates":[[6.5079,48.5883],[6.5643,48.5499],[6.6983,48.4901],[6.7398,48.4611],[6.7537,48.441],[6.8048,48.4245],[6.8126,48.4121],[6.8533,48.3993],[6.876,48.3748],[6.885,48.3308],[6.9225,48.292],[6.9505,48.2814]]}},{"type":"Feature","properties":{"t":"slow","v":80},"geometry":{"type":"LineString","coordinates":[[2.3153,44.1004],[2.3289,44.1013],[2.334,44.114],[2.332,44.1257],[2.3465,44.1401],[2.3432,44.1469]]}},{"type":"Feature","properties":{"t":"slow","v":40},"geometry":{"type":"LineString","coordinates":[[7.4197,48.2757],[7.4045,48.2756],[7.3774,48.2841],[7.3304,48.2724]]}},{"type":"Feature","properties":{"t":"fast","v":160},"geometry":{"type":"LineString","coordinates":[[6.2474,46.8115],[6.2803,46.7766]]}},{"type":"Feature","properties":{"t":"slow","v":50},"geometry":{"type":"LineString","coordinates":[[6.9225,46.0123],[6.9207,46.0198],[6.9329,46.0324]]}},{"type":"Feature","properties":{"t":"slow","v":110},"geometry":{"type":"LineString","coordinates":[[2.4108,48.7372],[2.4088,48.7434],[2.4148,48.7442],[2.4069,48.7398],[2.3894,48.7529],[2.3653,48.746]]}},{"type":"Feature","properties":{"t":"slow","v":105},"geometry":{"type":"LineString","coordinates":[[4.4951,46.0169],[4.4967,46.0002],[4.5077,45.9846],[4.5052,45.9781],[4.5098,45.9641],[4.5665,45.9208],[4.5726,45.9078],[4.6033,45.8888],[4.6361,45.8806],[4.6608,45.8621],[4.6826,45.8541]]}},{"type":"Feature","properties":{"t":"slow","v":130},"geometry":{"type":"LineString","coordinates":[[5.8467,45.8033],[5.8633,45.7827],[5.8707,45.7614]]}},{"type":"Feature","properties":{"t":"slow","v":140},"geometry":{"type":"LineString","coordinates":[[5.4741,46.6024],[5.4695,46.598],[5.4547,46.5972],[5.441,46.5828],[5.4021,46.5614],[5.3847,46.5306],[5.3811,46.5064],[5.3726,46.4945],[5.3478,46.478],[5.3344,46.4527]]}},{"type":"Feature","properties":{"t":"slow","v":110},"geometry":{"type":"LineString","coordinates":[[5.7109,46.8991],[5.7097,46.8892],[5.6921,46.8733],[5.6996,46.8439],[5.6906,46.8397],[5.6649,46.846],[5.6446,46.8234],[5.615,46.8182],[5.5906,46.7869],[5.599,46.7683],[5.5979,46.7607],[5.6055,46.7522],[5.5867,46.7311],[5.5865,46.6986],[5.5817,46.6934],[5.5788,46.6728],[5.5655,46.6682],[5.5312,46.6725],[5.5185,46.6575]]}},{"type":"Feature","properties":{"t":"slow","v":40},"geometry":{"type":"LineString","coordinates":[[5.7005,48.6517],[5.7208,48.6605],[5.7256,48.6694],[5.7223,48.6785],[5.7335,48.6886]]}},{"type":"Feature","properties":{"t":"fast","v":220},"geometry":{"type":"LineString","coordinates":[[0.2538,46.3608],[0.2427,46.3297],[0.2456,46.3132],[0.2288,46.1638],[0.2178,46.147],[0.2122,46.1179],[0.2258,46.0745],[0.2171,46.0581]]}},{"type":"Feature","properties":{"t":"fast","v":160},"geometry":{"type":"LineString","coordinates":[[1.6733,47.2799],[1.5882,47.287],[1.5448,47.2819],[1.5054,47.2958],[1.4452,47.2919],[1.4174,47.2798]]}},{"type":"Feature","properties":{"t":"slow","v":60},"geometry":{"type":"LineString","coordinates":[[6.7063,47.0556],[6.7261,47.0498]]}},{"type":"Feature","properties":{"t":"slow","v":140},"geometry":{"type":"LineString","coordinates":[[-0.3425,49.1776],[-0.3686,49.1695],[-0.3996,49.1688],[-0.4327,49.188]]}},{"type":"Feature","properties":{"t":"slow","v":100},"geometry":{"type":"LineString","coordinates":[[0.5722,43.0783],[0.5344,43.0761],[0.5122,43.0798],[0.4563,43.0984],[0.4209,43.0987],[0.3942,43.1141],[0.3627,43.114],[0.3426,43.1001],[0.3351,43.0999],[0.3213,43.1084],[0.3171,43.1248],[0.3038,43.1429],[0.2776,43.1633],[0.2539,43.1662],[0.2383,43.1841]]}},{"type":"Feature","properties":{"t":"slow","v":40},"geometry":{"type":"LineString","coordinates":[[5.4155,47.0424],[5.4579,47.0947]]}},{"type":"Feature","properties":{"t":"slow","v":140},"geometry":{"type":"LineString","coordinates":[[-1.837,47.7753],[-1.8438,47.7669],[-1.8379,47.749],[-1.8511,47.7298]]}},{"type":"Feature","properties":{"t":"slow","v":50},"geometry":{"type":"LineString","coordinates":[[1.4794,48.4471],[1.4531,48.4473],[1.4193,48.4706],[1.3763,48.5526],[1.2901,48.5878],[1.274,48.6045]]}},{"type":"Feature","properties":{"t":"slow","v":60},"geometry":{"type":"LineString","coordinates":[[5.0644,49.1065],[5.0769,49.1149],[5.0754,49.1258],[5.0874,49.1305],[5.0776,49.1427],[5.0846,49.1472]]}},{"type":"Feature","properties":{"t":"slow","v":90},"geometry":{"type":"LineString","coordinates":[[4.8602,45.7889],[4.8671,45.7919]]}},{"type":"Feature","properties":{"t":"slow","v":85},"geometry":{"type":"LineString","coordinates":[[3.4875,45.8648],[3.51,45.8671],[3.5244,45.8878],[3.5384,45.8781],[3.5304,45.872],[3.5315,45.8668],[3.5433,45.8612]]}},{"type":"Feature","properties":{"t":"slow","v":110},"geometry":{"type":"LineString","coordinates":[[3.0815,50.6339],[3.0985,50.6501],[3.0905,50.6582],[3.0579,50.6605],[3.0413,50.6546]]}},{"type":"Feature","properties":{"t":"slow","v":80},"geometry":{"type":"LineString","coordinates":[[4.8256,45.7663],[4.8045,45.766]]}},{"type":"Feature","properties":{"t":"slow","v":90},"geometry":{"type":"LineString","coordinates":[[0.6032,42.8538],[0.5983,42.8421],[0.6037,42.8222],[0.5966,42.7964]]}},{"type":"Feature","properties":{"t":"slow","v":80},"geometry":{"type":"LineString","coordinates":[[2.231,48.7398],[2.2143,48.7517],[2.1635,48.7648]]}},{"type":"Feature","properties":{"t":"fast","v":160},"geometry":{"type":"LineString","coordinates":[[2.4702,49.276],[2.4489,49.2938],[2.4469,49.3204],[2.4356,49.3419],[2.4316,49.3771],[2.4019,49.3911],[2.3965,49.3979],[2.434,49.4924]]}},{"type":"Feature","properties":{"t":"slow","v":80},"geometry":{"type":"LineString","coordinates":[[1.0353,46.1459],[1.0305,46.1423],[1.047,46.1287],[1.0436,46.1205],[1.0537,46.111],[1.0614,46.0855],[1.076,46.0634]]}},{"type":"Feature","properties":{"t":"slow","v":70},"geometry":{"type":"LineString","coordinates":[[7.2725,47.7601],[7.3213,47.7417]]}},{"type":"Feature","properties":{"t":"slow","v":90},"geometry":{"type":"LineString","coordinates":[[2.3083,48.8915],[2.292,48.901]]}},{"type":"Feature","properties":{"t":"slow","v":60},"geometry":{"type":"LineString","coordinates":[[2.3226,48.8797],[2.3152,48.8872]]}},{"type":"Feature","properties":{"t":"slow","v":140},"geometry":{"type":"LineString","coordinates":[[-1.7005,48.1064],[-1.7003,48.1135],[-1.6889,48.121],[-1.6859,48.1356],[-1.6683,48.148],[-1.6513,48.1529],[-1.624,48.1912],[-1.6253,48.204],[-1.6385,48.2155],[-1.6396,48.2306],[-1.6644,48.2461],[-1.6675,48.2607],[-1.6645,48.2705],[-1.6729,48.28],[-1.6713,48.297],[-1.6813,48.325]]}},{"type":"Feature","properties":{"t":"fast","v":230},"geometry":{"type":"LineString","coordinates":[[-0.2566,47.91],[-0.2777,47.911]]}},{"type":"Feature","properties":{"t":"slow","v":85},"geometry":{"type":"LineString","coordinates":[[4.0611,45.2203],[4.0664,45.2248],[4.0768,45.2244],[4.1009,45.2388],[4.1033,45.2449],[4.1267,45.2482],[4.1333,45.2572]]}},{"type":"Feature","properties":{"t":"slow","v":140},"geometry":{"type":"LineString","coordinates":[[-0.3889,45.1492],[-0.3925,45.1426],[-0.385,45.1104],[-0.3768,45.0964],[-0.3784,45.0844],[-0.4155,45.0291],[-0.4249,45.0049]]}},{"type":"Feature","properties":{"t":"slow","v":30},"geometry":{"type":"LineString","coordinates":[[2.4834,48.1037],[2.488,48.0828],[2.6231,48.0436],[2.6716,48.038]]}},{"type":"Feature","properties":{"t":"slow","v":120},"geometry":{"type":"LineString","coordinates":[[3.645,46.8578],[3.6533,46.8581],[3.6806,46.8393],[3.7229,46.8239]]}},{"type":"Feature","properties":{"t":"slow","v":100},"geometry":{"type":"LineString","coordinates":[[1.417,50.0544],[1.4111,50.0561]]}},{"type":"Feature","properties":{"t":"slow","v":95},"geometry":{"type":"LineString","coordinates":[[7.6532,48.9052],[7.65,48.9131],[7.658,48.9307]]}},{"type":"Feature","properties":{"t":"slow","v":140},"geometry":{"type":"LineString","coordinates":[[2.2835,49.8931],[2.2386,49.874],[2.2247,49.8606],[2.2104,49.8358],[2.0918,49.8044],[2.0777,49.7854],[2.0503,49.7687],[2.0211,49.7649],[1.9727,49.7825],[1.9481,49.7649],[1.9184,49.7531],[1.8821,49.7515],[1.8302,49.7385],[1.8149,49.7305],[1.7663,49.6767],[1.7132,49.6497],[1.6592,49.6418],[1.6418,49.6258],[1.572,49.6319],[1.5542,49.6392],[1.5449,49.6382],[1.54,49.632]]}},{"type":"Feature","properties":{"t":"slow","v":30},"geometry":{"type":"LineString","coordinates":[[2.153,43.8876],[2.1484,43.899],[2.1296,43.9159],[2.1325,43.9205]]}},{"type":"Feature","properties":{"t":"slow","v":110},"geometry":{"type":"LineString","coordinates":[[1.1251,49.4366],[1.1212,49.4391]]}},{"type":"Feature","properties":{"t":"slow","v":140},"geometry":{"type":"LineString","coordinates":[[5.7128,45.1642],[5.7164,45.1542],[5.7369,45.1518],[5.7747,45.1818],[5.7846,45.185]]}},{"type":"Feature","properties":{"t":"slow","v":100},"geometry":{"type":"LineString","coordinates":[[6.039,46.215],[6.0148,46.1814],[5.9911,46.1779]]}},{"type":"Feature","properties":{"t":"slow","v":150},"geometry":{"type":"LineString","coordinates":[[6.9983,48.8118],[6.9717,48.8119],[6.9375,48.8358],[6.922,48.855],[6.8774,48.8585],[6.7922,48.9042],[6.7435,48.9068],[6.7159,48.9133],[6.6259,48.9506],[6.5827,48.9627],[6.5205,48.9681],[6.4835,48.963],[6.4502,48.97],[6.4344,48.984],[6.4241,49.0036],[6.3867,49.0182],[6.3724,49.0373],[6.3376,49.0456],[6.3249,49.0583],[6.3109,49.0635]]}},{"type":"Feature","properties":{"t":"slow","v":140},"geometry":{"type":"LineString","coordinates":[[1.1166,49.3156],[1.1047,49.3201],[1.1021,49.3398],[1.1097,49.3746],[1.1012,49.4176],[1.1071,49.4252]]}},{"type":"Feature","properties":{"t":"slow","v":30},"geometry":{"type":"LineString","coordinates":[[2.1721,49.3989],[2.1776,49.3955]]}},{"type":"Feature","properties":{"t":"fast","v":160},"geometry":{"type":"LineString","coordinates":[[5.0472,47.2939],[5.0935,47.2864],[5.2052,47.2544],[5.2725,47.218],[5.3417,47.2087],[5.3657,47.1989],[5.3842,47.1881],[5.4038,47.154],[5.444,47.1116]]}},{"type":"Feature","properties":{"t":"slow","v":40},"geometry":{"type":"LineString","coordinates":[[3.0547,50.665],[3.0533,50.6711],[3.0306,50.6884],[2.9913,50.7111],[3.0092,50.7398],[3.0021,50.7553],[3.0116,50.762]]}},{"type":"Feature","properties":{"t":"slow","v":70},"geometry":{"type":"LineString","coordinates":[[7.7089,48.578],[7.7135,48.5949],[7.728,48.601],[7.7271,48.606]]}},{"type":"Feature","properties":{"t":"slow","v":120},"geometry":{"type":"LineString","coordinates":[[7.1739,47.8017],[7.1445,47.7997],[7.107,47.8091]]}},{"type":"Feature","properties":{"t":"fast","v":160},"geometry":{"type":"LineString","coordinates":[[2.1576,48.4361],[2.1365,48.427],[2.1254,48.4138],[2.0936,48.3996]]}},{"type":"Feature","properties":{"t":"slow","v":100},"geometry":{"type":"LineString","coordinates":[[7.3815,48.9201],[7.3567,48.925],[7.3272,48.9194],[7.2957,48.9233],[7.2772,48.9075],[7.2433,48.9031],[7.2143,48.9066],[7.1882,48.9285],[7.1838,48.9474],[7.1512,48.9546],[7.1376,48.9673],[7.145,48.9809],[7.1419,48.9898],[7.1324,48.9963],[7.1232,49.0316],[7.1452,49.0517],[7.1267,49.0611],[7.1354,49.0709],[7.1319,49.0838],[7.1035,49.0866],[7.0687,49.1068]]}},{"type":"Feature","properties":{"t":"slow","v":120},"geometry":{"type":"LineString","coordinates":[[5.0474,47.2938],[5.0557,47.2977],[5.0525,47.3099],[5.0553,47.3228]]}},{"type":"Feature","properties":{"t":"slow","v":110},"geometry":{"type":"LineString","coordinates":[[5.4881,47.8238],[5.4954,47.8382],[5.4892,47.8459],[5.4918,47.8548],[5.4875,47.8601],[5.4923,47.8695],[5.4791,47.8813],[5.4834,47.8908],[5.5058,47.9007],[5.5064,47.9062]]}},{"type":"Feature","properties":{"t":"slow","v":120},"geometry":{"type":"LineString","coordinates":[[-0.898,45.9434],[-0.8827,45.9421],[-0.8548,45.9188],[-0.8368,45.9215],[-0.8251,45.9182],[-0.8177,45.9038],[-0.7964,45.8935],[-0.7619,45.8856],[-0.692,45.8856],[-0.68,45.8808],[-0.6767,45.8663],[-0.6859,45.8547],[-0.6681,45.8418],[-0.6516,45.8371],[-0.6406,45.8261],[-0.6371,45.7885],[-0.6207,45.7716],[-0.6169,45.7578]]}},{"type":"Feature","properties":{"t":"slow","v":120},"geometry":{"type":"LineString","coordinates":[[-1.5198,47.2164],[-1.4924,47.1871],[-1.478,47.1861]]}},{"type":"Feature","properties":{"t":"slow","v":150},"geometry":{"type":"LineString","coordinates":[[2.1446,48.9458],[2.1189,48.959],[2.0921,48.9552]]}},{"type":"Feature","properties":{"t":"slow","v":110},"geometry":{"type":"LineString","coordinates":[[2.2008,48.8274],[2.1816,48.8069],[2.1512,48.8065]]}},{"type":"Feature","properties":{"t":"fast","v":160},"geometry":{"type":"LineString","coordinates":[[1.5815,49.0388],[1.5608,49.033],[1.5392,49.0387],[1.5073,49.079],[1.4632,49.1017],[1.4039,49.1535],[1.3417,49.1801],[1.3146,49.2055],[1.2654,49.2009],[1.235,49.2107],[1.2237,49.2287],[1.2328,49.2648],[1.1932,49.314],[1.1807,49.3176],[1.1166,49.3156]]}},{"type":"Feature","properties":{"t":"slow","v":110},"geometry":{"type":"LineString","coordinates":[[-1.0505,46.2317],[-1.045,46.2123],[-1.0572,46.1815],[-1.0771,46.1694],[-1.104,46.1689],[-1.1386,46.157],[-1.1495,46.1479],[-1.1446,46.1362],[-1.1274,46.1268],[-1.1131,46.1027],[-1.1008,46.0949],[-1.091,46.0784]]}}]}
